<?xml version="1.0" encoding="UTF-8"?>
<kml xmlns="http://www.opengis.net/kml/2.2" xmlns:gx="http://www.google.com/kml/ext/2.2" xmlns:kml="http://www.opengis.net/kml/2.2">
<Document>
<description><![CDATA[Trilhos AlpineQuest 18/09/2026 06:59:24<br /><br />Generated by AlpineQuest©<br /><a href="https://www.alpinequest.net" alt="https://www.alpinequest.net">https://www.alpinequest.net</a>]]></description>
<visibility>1</visibility>
<open>1</open>
<Placemark>
<visibility>1</visibility>
<Style>
	<LineStyle>
		<width>3</width>
	</LineStyle>
</Style>
<LineString>
<tessellate>1</tessellate>
<altitudeMode>clampToGround</altitudeMode>
<coordinates>
-39.01351,-14.102995,9.4 -39.0134817,-14.10304,8.1 -39.0134817,-14.10304,8.2 -39.0134817,-14.10304,9.5 -39.0134817,-14.10304,9.5 -39.0134817,-14.10304,9.5 -39.0134817,-14.10304,9.5 -39.0134817,-14.10304,11.0 -39.0134817,-14.10304,9.5 -39.0134817,-14.10304,8.9 -39.0134817,-14.10304,8.7 -39.0134817,-14.10304,7.0 -39.0134817,-14.10304,7.7 -39.0134817,-14.10304,8.4 -39.0134817,-14.10304,7.4 -39.0134817,-14.10304,7.5 -39.013585,-14.1029883,10.0 -39.0135867,-14.1029783,10.4 -39.0135867,-14.1029783,10.4 -39.0135867,-14.1029783,10.4 -39.0135867,-14.1029783,10.4 -39.0135867,-14.1029783,10.4 -39.0135867,-14.1029783,10.4 -39.0135783,-14.10295,14.2 -39.0135683,-14.1029017,14.5 -39.01357,-14.102895,13.9 -39.01357,-14.102895,13.9 -39.01357,-14.102895,13.9 -39.01357,-14.102895,13.9 -39.01357,-14.102895,13.9 -39.01357,-14.102895,13.9 -39.01357,-14.102895,12.5 -39.01357,-14.102895,12.3 -39.01357,-14.102895,12.3 -39.01357,-14.102895,6.6 -39.01357,-14.102895,6.3 -39.0135933,-14.10292,5.0 -39.0136567,-14.1029,4.6 -39.0137217,-14.1028817,4.6 -39.013775,-14.1028567,4.2 -39.01384,-14.102845,6.8 -39.0138917,-14.1028383,11.1 -39.013955,-14.1028933,11.1 -39.014,-14.1029667,11.0 -39.0140433,-14.1030367,10.2 -39.014075,-14.1031117,9.0 -39.014095,-14.103195,7.2 -39.0141183,-14.1032933,6.3 -39.0141483,-14.1034,5.1 -39.01418,-14.1035117,5.3 -39.0142233,-14.1036367,7.0 -39.0142717,-14.1037617,7.0 -39.0143167,-14.1038833,6.7 -39.0143417,-14.1039883,7.8 -39.0143667,-14.1040883,9.9 -39.0143933,-14.1041867,12.8 -39.0144383,-14.104295,12.4 -39.0144833,-14.10441,13.4 -39.01453,-14.1045183,12.0 -39.0145733,-14.104615,12.3 -39.0146183,-14.10472,16.6 -39.01466,-14.10482,16.8 -39.01471,-14.10492,19.0 -39.014765,-14.1050433,20.4 -39.0148167,-14.10518,18.8 -39.01487,-14.1053083,20.1 -39.0149033,-14.1054217,20.9 -39.01493,-14.1055383,21.9 -39.014965,-14.1056533,22.8 -39.014945,-14.1057783,26.9 -39.0149417,-14.1058967,27.6 -39.01493,-14.10601,27.4 -39.0149383,-14.1061167,25.4 -39.0149333,-14.1062333,24.5 -39.0149483,-14.1063667,24.8 -39.01496,-14.1065133,28.6 -39.0149567,-14.1066633,29.9 -39.01497,-14.1068233,30.1 -39.0149933,-14.10699,29.7 -39.015035,-14.1071383,27.0 -39.0150467,-14.10729,25.3 -39.0150533,-14.10746,24.4 -39.0150583,-14.107635,23.3 -39.015055,-14.1078,21.9 -39.0150567,-14.1079517,20.3 -39.0150567,-14.108075,19.5 -39.0150617,-14.1082033,16.8 -39.01505,-14.1083417,16.4 -39.0150367,-14.1084583,17.5 -39.015015,-14.1085717,17.0 -39.0149683,-14.1086933,16.3 -39.0148867,-14.108825,15.7 -39.0148,-14.1089533,13.8 -39.0146883,-14.1090867,12.6 -39.01456,-14.1092317,12.7 -39.0144133,-14.1093867,16.3 -39.01427,-14.109535,19.5 -39.014135,-14.109685,18.8 -39.0139967,-14.1098383,18.7 -39.0138467,-14.1099983,19.9 -39.0137017,-14.1101483,19.8 -39.0135617,-14.110295,18.7 -39.01345,-14.1104333,17.4 -39.0133283,-14.1105733,17.3 -39.013205,-14.1107133,18.2 -39.0130933,-14.1108617,19.4 -39.0129733,-14.1109933,19.9 -39.012855,-14.1111283,20.3 -39.0127133,-14.111235,16.9 -39.01258,-14.1113367,19.5 -39.0124883,-14.1114517,20.4 -39.0124183,-14.11155,18.3 -39.0123283,-14.1116217,20.2 -39.0121983,-14.1116967,20.1 -39.0120583,-14.11179,20.1 -39.0119433,-14.1118917,20.1 -39.0118133,-14.1120067,17.9 -39.01167,-14.1121267,17.9 -39.0115267,-14.11226,18.0 -39.011375,-14.112355,17.8 -39.0112533,-14.1124517,16.9 -39.0111533,-14.112555,15.1 -39.0110967,-14.112655,2.2 -39.0109917,-14.1128183,2.2 -39.010925,-14.11299,3.4 -39.0108683,-14.11318,2.2 -39.0108483,-14.1133833,1.6 -39.010885,-14.1135967,4.0 -39.0109167,-14.1138117,9.6 -39.010965,-14.1140267,13.7 -39.011015,-14.1142233,12.7 -39.011035,-14.1143917,11.9 -39.011045,-14.1145283,11.7 -39.011095,-14.1146617,12.0 -39.011135,-14.1147983,9.7 -39.0111767,-14.114925,10.3 -39.0111983,-14.115055,15.9 -39.0112317,-14.11519,18.9 -39.0112533,-14.1153283,19.4 -39.0112783,-14.1154517,19.8 -39.011285,-14.1156033,20.4 -39.0113067,-14.1157617,20.9 -39.0112817,-14.115885,21.5 -39.0112533,-14.1160267,22.3 -39.0112517,-14.1161517,24.0 -39.0112283,-14.1162583,25.7 -39.0111933,-14.1163817,27.4 -39.0110983,-14.1165,28.5 -39.0110117,-14.116625,26.6 -39.01091,-14.1167433,26.5 -39.0107833,-14.1168633,26.9 -39.01063,-14.1169733,23.9 -39.01049,-14.117085,25.3 -39.0103567,-14.117185,25.7 -39.010185,-14.1172817,26.3 -39.01002,-14.1173617,27.2 -39.009915,-14.1174467,23.1 -39.0097517,-14.117525,21.0 -39.0096117,-14.11763,20.4 -39.0094917,-14.1177467,19.4 -39.0093833,-14.117885,19.1 -39.0092633,-14.1180167,19.6 -39.009135,-14.1181467,18.5 -39.0089933,-14.1182667,21.9 -39.008865,-14.118385,22.4 -39.0087567,-14.11853,20.3 -39.0086567,-14.1186467,17.7 -39.0085433,-14.118755,14.5 -39.0084233,-14.1188583,12.6 -39.0082967,-14.118945,10.6 -39.0081583,-14.119,7.4 -39.0080017,-14.1190317,5.1 -39.0078117,-14.11905,3.6 -39.007625,-14.119075,2.4 -39.007445,-14.1190883,2.4 -39.007285,-14.1191183,6.2 -39.00714,-14.1191617,10.6 -39.00699,-14.1192383,9.3 -39.006845,-14.1193417,8.9 -39.006705,-14.1194433,9.2 -39.0065683,-14.1195617,10.4 -39.0064383,-14.119685,10.3 -39.006305,-14.11982,10.3 -39.0061783,-14.1199617,10.4 -39.0060617,-14.1201,9.0 -39.0059667,-14.1202617,7.5 -39.0058667,-14.12042,8.4 -39.0057683,-14.1205867,10.1 -39.0057017,-14.1207233,8.7 -39.0056483,-14.120865,7.1 -39.00558,-14.12101,5.8 -39.0055067,-14.1211467,4.9 -39.005425,-14.12128,3.4 -39.005355,-14.12141,3.9 -39.00531,-14.121525,3.9 -39.0052517,-14.1216333,4.5 -39.00519,-14.1217533,3.9 -39.00514,-14.12187,4.3 -39.0050817,-14.122005,3.6 -39.005015,-14.1221583,3.2 -39.0049467,-14.1223017,1.5 -39.0048967,-14.1224283,0.4 -39.0048583,-14.122575,-1.7 -39.0048433,-14.1227217,-2.6 -39.00487,-14.122895,-4.0 -39.00491,-14.1230767,-5.5 -39.0049433,-14.12326,-6.1 -39.0049683,-14.1234333,-8.4 -39.0049983,-14.1236133,-10.0 -39.0050433,-14.12381,-10.9 -39.0050917,-14.124,-11.8 -39.0051067,-14.124205,-12.9 -39.00509,-14.124405,-13.4 -39.0050683,-14.1245633,-10.1 -39.00506,-14.1247,-7.9 -39.0050533,-14.1248517,-2.4 -39.005035,-14.12501,2.0 -39.0050217,-14.12515,3.9 -39.0050233,-14.125285,4.2 -39.0050067,-14.1254333,3.8 -39.0049933,-14.125585,4.0 -39.0049683,-14.1257333,4.2 -39.0049567,-14.125905,4.9 -39.0049633,-14.12605,5.7 -39.00496,-14.126195,6.1 -39.0049667,-14.1263433,6.6 -39.0049683,-14.126485,7.2 -39.00496,-14.1266183,7.6 -39.004895,-14.1267433,7.6 -39.0048517,-14.1268567,7.5 -39.004805,-14.126965,7.9 -39.0047217,-14.1270617,7.2 -39.0046433,-14.1271583,4.8 -39.00454,-14.12727,0.7 -39.0044367,-14.1273633,-0.5 -39.0043267,-14.1274517,-0.9 -39.00423,-14.1275067,-1.2 -39.0041417,-14.1275583,-1.3 -39.00403,-14.1276267,-2.7 -39.00388,-14.1277017,-8.2 -39.0037333,-14.1277983,-7.9 -39.0036083,-14.1279033,-8.5 -39.0035133,-14.1280383,-8.8 -39.0034583,-14.128195,-9.7 -39.0034183,-14.12835,-7.9 -39.00337,-14.1284933,-4.8 -39.003315,-14.1286367,-4.7 -39.0032267,-14.1287883,-4.6 -39.0031467,-14.1289583,-7.4 -39.0030733,-14.1291417,-8.0 -39.003,-14.1293183,-6.9 -39.0029233,-14.1294917,-5.8 -39.0028467,-14.1296517,-5.1 -39.00278,-14.1298183,-5.5 -39.0027133,-14.1299817,-5.4 -39.0026517,-14.1301417,-5.9 -39.0025933,-14.130305,-6.1 -39.0025367,-14.1304717,-8.0 -39.00248,-14.130645,-8.0 -39.0024317,-14.1307967,-6.8 -39.0023767,-14.1309283,-3.2 -39.0023283,-14.1310667,-2.0 -39.0022733,-14.1311967,-2.4 -39.0022083,-14.1313433,-2.1 -39.0021517,-14.1315067,-2.5 -39.0021,-14.13167,-1.8 -39.0020417,-14.13184,-3.8 -39.0019717,-14.131995,-5.1 -39.001905,-14.1321633,-4.9 -39.0018467,-14.13233,-3.8 -39.001795,-14.1324817,-2.5 -39.0017433,-14.1326283,-1.7 -39.001655,-14.132775,-2.6 -39.001545,-14.1328967,-5.5 -39.0014617,-14.1329717,-6.0 -39.0013683,-14.1330333,-6.5 -39.0012333,-14.1330833,-7.0 -39.0010717,-14.13314,-6.8 -39.0009367,-14.13318,-6.0 -39.0007933,-14.133195,-5.8 -39.0006417,-14.133245,-6.3 -39.0004983,-14.13328,-3.8 -39.0003683,-14.1333083,-4.3 -39.0002283,-14.1333133,-4.8 -39.0000867,-14.1333233,-4.5 -38.9999517,-14.1333417,-3.9 -38.9998283,-14.1333517,-3.9 -38.9997167,-14.1333533,-3.6 -38.9995917,-14.1333867,-3.5 -38.9994533,-14.1334433,-2.9 -38.9993133,-14.1335467,-3.4 -38.999195,-14.133695,-2.0 -38.9991117,-14.13387,-2.2 -38.9990583,-14.13403,-2.5 -38.9989967,-14.1341717,-0.5 -38.998935,-14.1342983,-0.3 -38.9988983,-14.1343817,0.0 -38.9988917,-14.1344633,0.2 -38.9988783,-14.13455,-0.5 -38.9988383,-14.134665,0.3 -38.9987883,-14.1347967,0.1 -38.9987267,-14.1349383,-0.4 -38.9986583,-14.1350733,0.0 -38.998575,-14.13521,-1.2 -38.9984867,-14.1353383,-1.5 -38.9984017,-14.1354533,-1.3 -38.9983367,-14.1355617,-1.0 -38.9982567,-14.1356417,0.4 -38.998195,-14.135705,1.3 -38.9981317,-14.1357583,3.9 -38.9980617,-14.13581,4.8 -38.9979883,-14.135895,5.0 -38.9979517,-14.13599,4.4 -38.997945,-14.1360817,4.7 -38.9979867,-14.1361567,4.5 -38.9980333,-14.1362533,5.7 -38.9980767,-14.1363633,5.2 -38.9981583,-14.1365,4.4 -38.99825,-14.13664,4.1 -38.998325,-14.136805,4.9 -38.99841,-14.1369817,4.3 -38.99851,-14.1371533,3.8 -38.9986083,-14.1373217,2.4 -38.9987117,-14.1374883,-1.6 -38.99881,-14.1376533,-3.2 -38.9989033,-14.137815,-3.6 -38.998995,-14.1379767,-4.5 -38.9990817,-14.1381333,-4.2 -38.9991667,-14.1382833,-2.6 -38.9992467,-14.1384267,-1.2 -38.9993283,-14.13856,0.7 -38.999405,-14.1386967,-0.7 -38.9994883,-14.1388367,0.0 -38.9995767,-14.1389867,-0.4 -38.9996567,-14.1391483,0.3 -38.9997483,-14.1392917,-1.0 -38.9998317,-14.1394467,-1.6 -38.9999117,-14.1395983,-1.8 -38.999995,-14.1397517,-2.3 -39.0000783,-14.1398983,-1.3 -39.0001633,-14.1400633,0.1 -39.0002567,-14.1402283,1.1 -39.0003467,-14.1403783,1.3 -39.0004417,-14.14054,1.7 -39.000545,-14.14071,2.7 -39.00064,-14.140885,2.5 -39.0007333,-14.1410533,2.4 -39.0008183,-14.1411917,3.1 -39.0009033,-14.1413183,3.0 -39.0009867,-14.1414433,1.8 -39.0010683,-14.141575,3.1 -39.0011467,-14.1417217,3.9 -39.0012317,-14.1418617,4.0 -39.001315,-14.1419917,3.6 -39.0013883,-14.1421233,5.1 -39.00146,-14.1422533,4.8 -39.0015217,-14.14238,5.3 -39.00161,-14.1425117,6.5 -39.0016967,-14.1426433,7.4 -39.0017683,-14.142785,6.2 -39.0018233,-14.1429383,6.3 -39.0019083,-14.1430517,4.4 -39.0019967,-14.1431933,3.9 -39.002075,-14.1433467,3.3 -39.0021417,-14.1434833,3.2 -39.0022217,-14.1436083,4.1 -39.0022983,-14.1437433,5.0 -39.00237,-14.1438867,4.9 -39.0024467,-14.1440183,4.7 -39.0025217,-14.1441533,3.4 -39.0025917,-14.1442867,2.6 -39.0026583,-14.1444117,1.0 -39.0027383,-14.1445333,-0.4 -39.002815,-14.1446683,-1.6 -39.00289,-14.144815,-2.2 -39.002975,-14.1449533,-3.7 -39.00306,-14.1451067,-2.3 -39.003145,-14.1452533,-1.4 -39.003235,-14.1454017,-0.1 -39.0033233,-14.1455533,1.3 -39.0034117,-14.1456983,2.5 -39.0034933,-14.1458233,4.3 -39.0035683,-14.1459233,3.0 -39.0036233,-14.14603,2.6 -39.0036917,-14.1461467,2.5 -39.0037517,-14.1462667,1.4 -39.0038267,-14.1464,-0.6 -39.0038983,-14.1465283,-2.1 -39.0039733,-14.1466617,-1.7 -39.00404,-14.1468083,-1.9 -39.0041083,-14.1469467,-2.3 -39.0042017,-14.1470833,-2.1 -39.0042933,-14.14722,-0.5 -39.00437,-14.14737,-0.1 -39.0044517,-14.14751,0.2 -39.0045333,-14.1476583,0.8 -39.0046033,-14.1477983,1.2 -39.0046833,-14.1479367,2.5 -39.0047617,-14.1480633,2.3 -39.0048333,-14.1481867,2.7 -39.0048933,-14.148315,1.6 -39.0049617,-14.1484333,-0.2 -39.00503,-14.1485617,-0.6 -39.0051133,-14.14867,0.3 -39.0051867,-14.1487833,0.3 -39.0052583,-14.1489017,0.1 -39.0053267,-14.1490233,-0.5 -39.0053983,-14.149145,-2.2 -39.0054733,-14.1493067,-0.8 -39.0055583,-14.1494517,-1.7 -39.0056433,-14.1495967,-0.6 -39.00572,-14.14973,0.3 -39.0057733,-14.14986,1.7 -39.005845,-14.149995,2.8 -39.0059333,-14.150125,3.2 -39.0060217,-14.1502617,2.7 -39.0061017,-14.1504167,3.2 -39.0061883,-14.1505567,2.4 -39.0062633,-14.1506967,1.1 -39.0063533,-14.1508517,1.4 -39.0064367,-14.151,1.1 -39.0065133,-14.1511583,1.4 -39.0065983,-14.1513017,-0.3 -39.0066783,-14.151445,-1.7 -39.0067433,-14.1515717,-2.0 -39.00682,-14.1517167,-2.6 -39.0069067,-14.151865,-2.3 -39.0069917,-14.1520133,-1.9 -39.0070717,-14.1521683,-2.6 -39.0071633,-14.1523333,-2.7 -39.0072683,-14.1525067,-1.9 -39.0073633,-14.1526833,-1.3 -39.0074683,-14.1528483,-1.5 -39.007555,-14.15301,-1.4 -39.0076433,-14.153185,-1.3 -39.007735,-14.1533283,-1.0 -39.00782,-14.1534783,-2.2 -39.0079033,-14.1536267,-2.2 -39.007985,-14.15378,-3.1 -39.0080667,-14.153935,-2.5 -39.0081533,-14.1540917,-2.0 -39.0082383,-14.1542433,-3.3 -39.008335,-14.1543917,-4.0 -39.00843,-14.154545,-4.6 -39.0085133,-14.154695,-4.4 -39.008595,-14.15484,-4.4 -39.0086767,-14.1549817,-5.2 -39.0087617,-14.15513,-5.1 -39.0088533,-14.1552967,-4.6 -39.0089367,-14.1554583,-5.2 -39.009025,-14.1556167,-4.5 -39.00912,-14.155765,-3.3 -39.0092,-14.1559033,-3.7 -39.0092717,-14.1560267,-2.9 -39.009335,-14.1561633,-3.3 -39.00943,-14.1563017,-1.5 -39.0095267,-14.1564433,-0.6 -39.0096083,-14.1565967,-1.7 -39.0096817,-14.1567317,-1.5 -39.0097467,-14.1568683,-0.4 -39.009835,-14.1570083,3.1 -39.0099317,-14.1571517,3.3 -39.0100283,-14.1573167,2.8 -39.010125,-14.1574983,2.9 -39.0102267,-14.1576833,1.3 -39.0103217,-14.1578567,0.9 -39.010405,-14.158025,1.7 -39.0105083,-14.1581833,1.6 -39.0105917,-14.158335,0.4 -39.0106783,-14.15849,-0.5 -39.0107717,-14.1586517,0.0 -39.0108583,-14.1588117,0.5 -39.01095,-14.1589767,0.6 -39.0110383,-14.1591417,0.4 -39.01114,-14.1592983,1.8 -39.01124,-14.15946,3.0 -39.0113283,-14.1596117,4.0 -39.0114183,-14.159755,3.0 -39.011495,-14.1598983,4.0 -39.011575,-14.1600383,4.1 -39.011655,-14.1601767,3.4 -39.011745,-14.16035,3.0 -39.011835,-14.160515,1.4 -39.0119267,-14.1606783,1.8 -39.012015,-14.1608383,2.3 -39.0121167,-14.1610017,2.2 -39.012205,-14.1611617,0.8 -39.01228,-14.1613167,1.1 -39.0123567,-14.16146,1.0 -39.0124383,-14.16161,2.0 -39.0125333,-14.161745,1.2 -39.0126133,-14.1618833,1.0 -39.0126983,-14.16202,-0.7 -39.0127583,-14.1620983,-1.9 -39.012795,-14.162145,-2.1 -39.0128167,-14.1622033,-2.5 -39.01284,-14.1622617,-3.0 -39.0128633,-14.162315,-3.0 -39.0128867,-14.16237,-2.9 -39.012935,-14.1624583,-2.2 -39.01299,-14.16257,-0.9 -39.013045,-14.16268,-1.1 -39.0131033,-14.1628017,-1.2 -39.0131783,-14.16292,-1.6 -39.0132617,-14.163065,-0.5 -39.0133467,-14.1632183,-0.5 -39.0134383,-14.1633833,-0.2 -39.0135267,-14.1635367,-0.2 -39.0136067,-14.16368,-0.8 -39.01366,-14.1638067,-1.0 -39.013715,-14.1638883,0.2 -39.01379,-14.1639667,0.2 -39.0138683,-14.1640833,1.9 -39.0139417,-14.1642217,1.4 -39.0140067,-14.1643717,0.1 -39.014075,-14.1645083,-0.4 -39.0141683,-14.1646433,0.6 -39.0142567,-14.1647783,0.6 -39.0143467,-14.1649117,0.1 -39.014425,-14.1650417,-1.3 -39.0144967,-14.1651583,-1.4 -39.01456,-14.1652867,-1.3 -39.0146317,-14.1654267,-0.8 -39.0147233,-14.1655783,0.6 -39.0147983,-14.1657383,0.9 -39.01487,-14.1658783,0.5 -39.0149283,-14.1659917,0.2 -39.0149783,-14.166085,0.5 -39.0150417,-14.1661917,0.1 -39.0150817,-14.166315,-0.7 -39.01513,-14.1664367,-1.2 -39.0152233,-14.16656,-1.2 -39.0153117,-14.16668,-0.3 -39.0153967,-14.1668067,0.7 -39.01547,-14.1669283,1.7 -39.01553,-14.1670567,1.8 -39.01561,-14.1672033,3.1 -39.015705,-14.1673567,3.6 -39.0157983,-14.1675083,3.0 -39.0158917,-14.1676733,2.1 -39.015985,-14.167845,1.7 -39.016075,-14.16802,2.9 -39.0161783,-14.1681967,4.4 -39.0162883,-14.1683667,5.7 -39.01638,-14.1685417,5.2 -39.01647,-14.168715,4.0 -39.0165733,-14.1688917,4.4 -39.01668,-14.16906,4.5 -39.01677,-14.1692117,3.8 -39.0168583,-14.169365,4.0 -39.0169483,-14.169525,3.2 -39.017035,-14.1696717,2.8 -39.0170867,-14.1697967,3.4 -39.0171383,-14.1699167,3.1 -39.0172083,-14.1700183,3.5 -39.0172983,-14.1701467,1.8 -39.0173767,-14.1702767,0.8 -39.0174467,-14.1704233,0.8 -39.01752,-14.1705633,-0.5 -39.0175983,-14.1707067,0.3 -39.01768,-14.1708317,-1.7 -39.0177583,-14.1709633,-3.9 -39.0178433,-14.171105,-4.6 -39.01793,-14.171245,-4.4 -39.0180133,-14.1713833,-6.1 -39.0180917,-14.1715383,-3.0 -39.0181767,-14.1716933,-3.1 -39.0182683,-14.1718583,-1.6 -39.0183617,-14.1720117,-1.2 -39.0184567,-14.172185,-1.4 -39.018555,-14.17234,-0.3 -39.0186433,-14.172485,0.0 -39.0187267,-14.1726333,0.3 -39.0188,-14.1727817,1.0 -39.0188767,-14.1729417,1.3 -39.0189617,-14.1731,0.6 -39.0190483,-14.173245,0.4 -39.0191333,-14.1733867,-0.3 -39.0192017,-14.17352,1.2 -39.0192833,-14.1736483,3.8 -39.019355,-14.1737517,3.8 -39.0194217,-14.173865,3.8 -39.0194983,-14.1740067,4.7 -39.0195867,-14.174165,5.4 -39.019665,-14.17431,6.0 -39.01975,-14.17444,6.0 -39.0198233,-14.1745583,5.9 -39.0199017,-14.17468,6.3 -39.01997,-14.174815,5.8 -39.0200467,-14.1749683,6.1 -39.0201283,-14.1751267,6.5 -39.0202083,-14.1753033,5.2 -39.0203067,-14.17548,3.8 -39.0204083,-14.1756433,3.3 -39.0205,-14.1757917,3.0 -39.0205867,-14.1759433,2.7 -39.02068,-14.1761017,3.1 -39.0207717,-14.1762467,3.5 -39.020855,-14.1764033,2.7 -39.020945,-14.1765583,3.0 -39.0210267,-14.1767167,1.7 -39.02113,-14.17689,3.0 -39.0212233,-14.1770717,2.7 -39.0213133,-14.1772383,2.3 -39.0213883,-14.1773983,2.6 -39.0214617,-14.1775283,3.8 -39.0215383,-14.1776667,3.2 -39.0216217,-14.1778117,1.7 -39.0217217,-14.1779683,2.1 -39.0218117,-14.1781433,1.9 -39.021905,-14.1783117,1.9 -39.0219967,-14.1784717,1.4 -39.022095,-14.17864,-0.1 -39.022185,-14.1788067,-1.2 -39.0222817,-14.1789483,-2.1 -39.0223583,-14.1790883,-1.4 -39.02244,-14.17923,-0.5 -39.0225183,-14.179385,0.9 -39.0226017,-14.1795333,1.2 -39.0226917,-14.17968,2.2 -39.0227817,-14.1798217,2.2 -39.022865,-14.17996,3.0 -39.02294,-14.18012,4.0 -39.023015,-14.1802617,5.7 -39.0231,-14.18039,6.1 -39.02317,-14.180505,5.5 -39.0232133,-14.1805883,3.9 -39.0232517,-14.18067,3.8 -39.0232933,-14.1807383,4.1 -39.02334,-14.1808317,4.1 -39.0234033,-14.1809567,3.4 -39.0234867,-14.181115,3.1 -39.0235733,-14.1812717,2.6 -39.0236217,-14.1814083,-0.3 -39.0237033,-14.181555,-1.6 -39.0237917,-14.1816983,-2.4 -39.023885,-14.18185,-3.3 -39.02397,-14.1819917,-2.4 -39.02405,-14.1821283,-1.6 -39.0241267,-14.1822583,-1.6 -39.024205,-14.1823867,-1.4 -39.0242817,-14.1825183,-1.6 -39.0243567,-14.1826633,-1.3 -39.0244,-14.182815,0.0 -39.024455,-14.18294,0.7 -39.024545,-14.1830667,-0.6 -39.02464,-14.1832133,-1.6 -39.0247333,-14.1833433,-1.5 -39.0247983,-14.183455,-2.2 -39.0248517,-14.1835483,-2.6 -39.0249017,-14.1836583,-2.1 -39.0249483,-14.1837717,-2.5 -39.025005,-14.1838833,-2.9 -39.025075,-14.1840233,-3.2 -39.0251417,-14.1841667,-3.2 -39.0252133,-14.1843,-4.4 -39.0252933,-14.184425,-3.5 -39.0253683,-14.1845417,-4.1 -39.0254367,-14.1846483,-3.2 -39.0254817,-14.18472,-1.9 -39.025515,-14.1847867,-1.4 -39.02556,-14.1848833,-1.2 -39.02562,-14.185,-0.8 -39.0256917,-14.185125,-0.7 -39.0257633,-14.18526,-1.9 -39.0258467,-14.1853967,-3.0 -39.0259233,-14.1855417,-3.4 -39.0259967,-14.1856833,-2.0 -39.0260617,-14.1858267,-2.1 -39.026135,-14.1859717,-2.1 -39.026215,-14.1861117,-2.2 -39.0262967,-14.1862433,-2.3 -39.0263683,-14.1863667,-2.3 -39.0264367,-14.186495,-3.8 -39.0265017,-14.1866283,-4.6 -39.0265783,-14.1867583,-4.8 -39.026655,-14.18689,-4.6 -39.0267333,-14.18702,-4.3 -39.0268167,-14.187155,-4.2 -39.026895,-14.1872867,-3.8 -39.0269767,-14.187425,-4.2 -39.0270483,-14.1875533,-2.7 -39.0271217,-14.187685,-2.4 -39.0272033,-14.1878267,-2.2 -39.027295,-14.187975,-2.3 -39.0273867,-14.1881233,-2.1 -39.0274683,-14.1882617,-1.3 -39.027545,-14.1884033,-0.7 -39.0276267,-14.1885533,-0.3 -39.0277167,-14.1886933,-0.6 -39.0278083,-14.188835,-0.5 -39.02789,-14.1889783,-0.5 -39.0279583,-14.1891417,-0.1 -39.0280317,-14.1892883,-0.1 -39.0281283,-14.1894083,-0.5 -39.0282117,-14.189535,0.1 -39.02828,-14.189685,0.3 -39.028355,-14.1898383,0.0 -39.02844,-14.18999,-0.3 -39.0285317,-14.1901467,-0.1 -39.0286233,-14.1903017,0.7 -39.028705,-14.19046,0.1 -39.0287733,-14.19062,-0.4 -39.028845,-14.190765,-1.3 -39.0289567,-14.1909,-1.4 -39.02906,-14.19104,-2.0 -39.02914,-14.1911967,-2.9 -39.0292167,-14.1913433,-2.9 -39.0292967,-14.19149,-2.2 -39.0293633,-14.191625,-3.1 -39.0294283,-14.19173,-2.3 -39.0294917,-14.19182,0.1 -39.0295417,-14.1919067,0.6 -39.0295967,-14.1920067,0.8 -39.0296617,-14.1921133,1.5 -39.0297267,-14.1922217,1.9 -39.0297917,-14.192335,2.5 -39.0298533,-14.1924517,1.7 -39.0299217,-14.19257,-0.2 -39.029985,-14.192705,-1.2 -39.0300633,-14.1928317,-1.8 -39.0301483,-14.1929833,-2.3 -39.0302267,-14.1931467,-2.0 -39.0303083,-14.1933083,-2.8 -39.0303933,-14.1934783,-3.5 -39.03048,-14.1936317,-4.3 -39.0305633,-14.1937733,-4.5 -39.0306467,-14.1938983,-3.4 -39.030725,-14.19403,-2.3 -39.0308033,-14.19416,-1.8 -39.0308783,-14.1942883,-1.7 -39.030945,-14.1944167,-1.5 -39.031,-14.194545,-2.2 -39.0310633,-14.19467,-1.6 -39.0311317,-14.1948,-1.8 -39.03122,-14.1949367,-1.8 -39.03131,-14.1950617,-2.1 -39.0313867,-14.1951983,-2.0 -39.0314567,-14.1953317,-2.1 -39.03153,-14.1954533,-2.3 -39.0315983,-14.195575,-2.8 -39.0316783,-14.1957017,-1.9 -39.0317583,-14.19584,-1.5 -39.0318483,-14.1960067,-0.2 -39.0319367,-14.196175,0.4 -39.0320267,-14.1963367,1.1 -39.0321183,-14.1965,1.8 -39.0322083,-14.1966667,2.4 -39.0322867,-14.1968383,3.1 -39.032365,-14.1970017,3.2 -39.03243,-14.1971633,2.0 -39.03249,-14.1973217,2.1 -39.0325533,-14.1974783,1.7 -39.032615,-14.1976383,2.7 -39.0326783,-14.1977867,3.4 -39.0327217,-14.1979467,3.5 -39.032745,-14.19809,4.2 -39.0327917,-14.198245,3.8 -39.0328583,-14.19838,2.9 -39.0329317,-14.1985183,2.4 -39.0329883,-14.1986717,0.9 -39.0330467,-14.1988333,0.4 -39.0331067,-14.1989867,0.6 -39.0331667,-14.199145,1.1 -39.0332233,-14.1993133,0.2 -39.0332783,-14.1994783,0.7 -39.0333167,-14.1996383,0.5 -39.0333767,-14.1997883,1.6 -39.03345,-14.1999317,3.9 -39.0335167,-14.2000733,3.5 -39.0335717,-14.2002233,2.7 -39.033625,-14.200365,1.7 -39.033685,-14.20052,0.9 -39.03375,-14.2006883,0.4 -39.0338317,-14.20086,1.8 -39.0338883,-14.2010283,2.8 -39.0339467,-14.2012067,3.3 -39.0340117,-14.2013883,2.8 -39.0340783,-14.20156,2.0 -39.0341383,-14.20172,0.4 -39.0342,-14.2018717,-0.2 -39.0342633,-14.2020217,-0.4 -39.034335,-14.2021717,-0.3 -39.0344033,-14.2023217,-0.2 -39.034465,-14.202475,-0.3 -39.03453,-14.202635,-1.4 -39.0345983,-14.2027983,-1.2 -39.0346633,-14.20296,-0.8 -39.0347283,-14.2031283,-0.1 -39.03479,-14.2032833,-0.4 -39.034855,-14.2034317,-0.1 -39.0349217,-14.20357,-0.2 -39.034975,-14.2037217,-1.3 -39.0350317,-14.2038817,-2.1 -39.0350933,-14.2040433,-2.2 -39.0351517,-14.2042067,-2.3 -39.0352,-14.2043767,-3.4 -39.0352433,-14.204525,-3.6 -39.0352617,-14.20462,-3.4 -39.0352633,-14.2047067,-2.8 -39.0352867,-14.2047883,-3.2 -39.0353267,-14.2048917,-4.6 -39.0353617,-14.2050067,-5.3 -39.0354083,-14.2051333,-5.8 -39.035465,-14.20527,-4.6 -39.035535,-14.2053967,-4.2 -39.0356017,-14.20551,-4.9 -39.0356817,-14.2056517,-5.6 -39.0357483,-14.205825,-5.7 -39.0358083,-14.205955,-7.2 -39.03586,-14.2060883,-9.0 -39.0359233,-14.2062333,-9.9 -39.0360017,-14.2063583,-10.1 -39.0360733,-14.206475,-10.3 -39.0361283,-14.2065933,-10.3 -39.03622,-14.2066867,-9.1 -39.0363117,-14.2067733,-7.9 -39.0364117,-14.20687,-7.5 -39.036505,-14.2069667,-6.9 -39.0366133,-14.2070817,-5.1 -39.0367233,-14.2071933,-3.1 -39.0368417,-14.2073,-2.3 -39.0369417,-14.2074133,-3.6 -39.0370533,-14.207535,-3.7 -39.0371683,-14.2076467,-5.3 -39.0372817,-14.2077417,-6.1 -39.0373833,-14.2078283,-4.7 -39.037495,-14.207915,-3.1 -39.037615,-14.2080067,-3.3 -39.0377417,-14.2080817,-1.1 -39.037875,-14.2081767,-1.9 -39.0380067,-14.20825,-1.9 -39.03814,-14.2083167,-1.1 -39.0382883,-14.20839,-1.0 -39.0384267,-14.208445,-0.9 -39.0385433,-14.2084933,-1.1 -39.038645,-14.20854,-1.5 -39.038705,-14.2085717,-0.8 -39.0387783,-14.2085917,-0.1 -39.038845,-14.2086317,1.7 -39.038925,-14.2086633,2.8 -39.039005,-14.2086917,1.6 -39.0390833,-14.2087183,-1.2 -39.0391483,-14.208745,-2.5 -39.039235,-14.2087683,-3.7 -39.039315,-14.2088083,-3.2 -39.039395,-14.2088483,-3.7 -39.039475,-14.2088733,-3.0 -39.0395383,-14.2088867,-2.6 -39.039585,-14.2089,-2.9 -39.0396417,-14.2089067,-3.2 -39.039715,-14.208915,-2.3 -39.039795,-14.2089267,-3.0 -39.03988,-14.208945,-4.0 -39.039965,-14.2089567,-4.5 -39.0400433,-14.2089717,-3.7 -39.04013,-14.208985,-1.8 -39.04024,-14.2089933,-1.8 -39.0403417,-14.2089917,-2.7 -39.040445,-14.2090017,-4.6 -39.0405667,-14.2090233,-5.6 -39.0406783,-14.2090283,-5.2 -39.04079,-14.2090367,-4.3 -39.04092,-14.2090383,-4.8 -39.041065,-14.209045,-4.8 -39.04122,-14.2090567,-5.7 -39.0413867,-14.2090733,-5.2 -39.041545,-14.209105,-5.1 -39.0417017,-14.2091233,-4.4 -39.0418533,-14.2091483,-5.1 -39.0420067,-14.20918,-5.6 -39.042145,-14.2092117,-5.1 -39.0422817,-14.2092283,-5.6 -39.04242,-14.2092533,-5.9 -39.04255,-14.2092933,-7.8 -39.0426933,-14.2093367,-5.3 -39.0428417,-14.2093867,-5.0 -39.0429883,-14.20942,-4.3 -39.04314,-14.2094517,-6.0 -39.043295,-14.2094683,-5.7 -39.04344,-14.2094767,-6.6 -39.04356,-14.20948,-7.2 -39.0436683,-14.2094783,-6.8 -39.0437933,-14.2094883,-5.7 -39.0439367,-14.2094933,-5.0 -39.0440967,-14.2094933,-4.8 -39.04426,-14.2094917,-6.0 -39.04442,-14.2094917,-5.9 -39.0445917,-14.2095017,-5.5 -39.0447567,-14.2095067,-5.9 -39.0449167,-14.2095133,-7.7 -39.0450733,-14.2095183,-8.0 -39.0452117,-14.209545,-8.4 -39.0453533,-14.20956,-8.3 -39.0454883,-14.2095717,-7.0 -39.0456383,-14.2095783,-7.6 -39.045805,-14.2095633,-4.7 -39.045975,-14.209575,-4.1 -39.04614,-14.2095983,-2.4 -39.046305,-14.2096017,-0.8 -39.0464633,-14.2096167,-1.4 -39.0466183,-14.2096217,-2.2 -39.0467617,-14.2096233,-4.5 -39.0469233,-14.2096283,-5.8 -39.0470667,-14.2096283,-7.1 -39.0472167,-14.2096233,-6.0 -39.0473733,-14.2096383,-5.2 -39.047535,-14.20966,-3.9 -39.0477033,-14.20968,-3.7 -39.0478717,-14.2096933,-2.5 -39.048045,-14.2097083,-1.8 -39.048215,-14.20972,0.9 -39.04837,-14.2097333,2.5 -39.0485333,-14.2097317,0.7 -39.0486883,-14.2097317,-0.1 -39.0488467,-14.2097317,-1.3 -39.0490033,-14.2097483,-2.2 -39.049165,-14.2097767,-2.9 -39.049325,-14.2097933,-3.0 -39.0494733,-14.2098133,-1.8 -39.0495967,-14.2098617,-3.7 -39.0497467,-14.209915,-3.8 -39.0498933,-14.2099717,-5.4 -39.0500233,-14.2100617,-0.1 -39.050135,-14.2101417,0.9 -39.0502633,-14.21022,0.9 -39.0503867,-14.2102933,4.0 -39.050505,-14.2103883,3.7 -39.0506117,-14.210465,1.3 -39.05071,-14.2105283,1.1 -39.0508033,-14.2105767,1.7 -39.0508683,-14.2106183,-1.7 -39.0509717,-14.2106667,-1.6 -39.0510883,-14.2107167,-0.9 -39.0511917,-14.21078,-0.8 -39.0513,-14.21084,-1.0 -39.05139,-14.210885,-0.6 -39.051485,-14.2109117,-0.6 -39.0515867,-14.21095,-1.0 -39.0516983,-14.2109733,-0.3 -39.0518117,-14.2110167,-0.5 -39.05193,-14.2110817,-1.5 -39.05203,-14.2111417,-1.4 -39.0521133,-14.211205,-2.1 -39.0522,-14.2112367,-2.8 -39.0523,-14.211275,-4.7 -39.05242,-14.2112983,-4.9 -39.0525483,-14.2113233,-4.8 -39.052675,-14.2113533,-4.3 -39.052805,-14.2114,-2.8 -39.0529283,-14.2114367,-1.8 -39.0530617,-14.21148,-0.4 -39.0532,-14.2115033,-0.9 -39.0533367,-14.211535,-1.0 -39.0534833,-14.2115867,-0.6 -39.0536317,-14.2116517,-1.9 -39.0537767,-14.2117117,-1.8 -39.05391,-14.2117733,-1.0 -39.054025,-14.21186,-1.2 -39.0541367,-14.21195,-3.0 -39.05426,-14.2120483,-1.6 -39.05436,-14.212145,-1.2 -39.054455,-14.212245,-1.8 -39.054545,-14.2123483,-2.0 -39.0546267,-14.212455,-2.9 -39.0547083,-14.2125517,-3.7 -39.0547983,-14.21264,-3.2 -39.0549,-14.2127283,-1.1 -39.0550217,-14.2128133,-0.6 -39.05515,-14.21289,0.4 -39.055285,-14.2129417,2.5 -39.0554183,-14.2129767,0.0 -39.0555583,-14.2130083,-0.9 -39.0556933,-14.2130233,-1.4 -39.0558217,-14.21306,-1.1 -39.055935,-14.2130883,-0.5 -39.05606,-14.2131167,0.0 -39.0561883,-14.2131483,-0.2 -39.05633,-14.213175,-1.2 -39.0564767,-14.2132133,-1.5 -39.05663,-14.2132533,-2.5 -39.0567867,-14.2132933,-2.0 -39.05693,-14.2133533,-2.3 -39.0570767,-14.213415,-4.2 -39.0572,-14.2134933,-5.3 -39.057305,-14.2135967,-6.6 -39.057395,-14.2137317,-3.8 -39.0575017,-14.21386,-3.6 -39.0576,-14.2139883,-4.1 -39.05769,-14.2140983,-3.9 -39.0577817,-14.2142117,-3.6 -39.0578533,-14.2142933,-4.4 -39.0579317,-14.214365,-7.9 -39.0580117,-14.21444,-5.7 -39.05809,-14.2145067,-5.3 -39.058165,-14.2145533,-4.3 -39.0582117,-14.2145883,-4.4 -39.058255,-14.21463,-3.9 -39.0583183,-14.2146733,-4.3 -39.0584033,-14.21472,-4.6 -39.0585083,-14.2147533,-5.0 -39.058595,-14.214785,-5.8 -39.05868,-14.2148083,-4.9 -39.05876,-14.2148317,-2.8 -39.05882,-14.2148567,-1.5 -39.058865,-14.2148683,0.3 -39.058885,-14.214905,3.8 -39.0588767,-14.21497,5.3 -39.0588633,-14.2150383,5.2 -39.05884,-14.21508,4.4 -39.058805,-14.2151217,5.0 -39.0587883,-14.2152083,2.3 -39.0587817,-14.2152167,2.4 -39.0587817,-14.2152167,2.4 -39.0587817,-14.2152167,2.4 -39.0587817,-14.2152167,2.4 -39.0587817,-14.2152167,2.4 -39.0587817,-14.2152167,2.4 -39.0587817,-14.2152167,2.4 -39.0587817,-14.2152167,2.4 -39.0587817,-14.2152167,2.4 -39.0587817,-14.2152167,2.4 -39.0587817,-14.2152167,2.4 -39.0587817,-14.2152167,2.4 -39.0587817,-14.2152167,2.4 -39.0587817,-14.2152167,2.4 -39.0587817,-14.2152167,2.4 -39.0587817,-14.2152167,2.4 -39.0587817,-14.2152167,2.4 -39.0587817,-14.2152167,2.4 -39.0587817,-14.2152167,2.4 -39.0587817,-14.2152167,2.4 -39.0588417,-14.21515,1.4 -39.058855,-14.215105,1.2 -39.05888,-14.21507,2.9 -39.0589283,-14.215085,3.4 -39.05896,-14.21512,1.9 -39.0589983,-14.2151467,1.7 -39.0590233,-14.2151717,-1.5 -39.0590233,-14.2151717,0.5 -39.0590233,-14.2151717,0.5 -39.0590233,-14.2151717,0.5 -39.0590233,-14.2151717,0.5 -39.0590233,-14.2151717,-9.8 -39.0589833,-14.21516,-7.6 -39.05893,-14.2151567,-7.9 -39.0588933,-14.215135,-4.7 -39.058865,-14.215125,-0.8 -39.0588317,-14.2151383,2.5 -39.0588317,-14.2151383,1.4 -39.0588317,-14.2151383,1.4 -39.0588317,-14.2151383,1.8 -39.0588317,-14.2151383,2.0 -39.0588317,-14.2151383,2.2 -39.0588317,-14.2151383,2.5 -39.0588317,-14.2151383,2.5 -39.0588317,-14.2151383,4.5 -39.0588317,-14.2151383,3.9 -39.0588317,-14.2151383,5.6 -39.0588317,-14.2151383,5.4 -39.0588317,-14.2151383,5.4 -39.0588317,-14.2151383,5.4 -39.0588317,-14.2151383,5.4 -39.0588317,-14.2151383,5.4 -39.0588317,-14.2151383,5.4 -39.0588317,-14.2151383,5.4 -39.0588317,-14.2151383,5.4 -39.0588317,-14.2151383,5.4 -39.0588317,-14.2151383,5.4 -39.0588317,-14.2151383,5.4 -39.0588317,-14.2151383,5.4 -39.0588317,-14.2151383,5.9 -39.0588317,-14.2151383,5.6 -39.0588383,-14.2151217,6.2 -39.05885,-14.2150717,6.4 -39.0588717,-14.21503,5.5 -39.0588817,-14.2149817,3.6 -39.0588867,-14.2149367,2.5 -39.0588483,-14.2148983,1.3 -39.058815,-14.214865,-0.1 -39.0587717,-14.2148433,-0.8 -39.0587233,-14.2148333,-1.6 -39.0586717,-14.2148067,-1.2 -39.05863,-14.214795,1.2 -39.0585817,-14.214765,1.9 -39.05855,-14.2147283,4.0 -39.0585333,-14.214685,5.4 -39.05852,-14.214635,5.9 -39.05851,-14.2145933,4.1 -39.0584667,-14.2145833,2.4 -39.0584233,-14.2145633,1.6 -39.0584017,-14.2145133,2.4 -39.0584083,-14.2144583,2.4 -39.05843,-14.2144183,2.4 -39.058445,-14.214375,2.0 -39.0584417,-14.214325,2.5 -39.0584217,-14.21428,2.8 -39.05842,-14.214225,2.6 -39.058435,-14.2141817,1.4 -39.0584533,-14.2141333,0.4 -39.0584733,-14.2140917,-0.1 -39.0584917,-14.2140433,-1.2 -39.0584967,-14.2139983,-1.2 -39.0584867,-14.21395,-0.5 -39.0584833,-14.213935,0.7 -39.0584833,-14.213935,4.0 -39.0584533,-14.2139067,5.2 -39.058405,-14.2139033,4.9 -39.0583533,-14.2139083,4.8 -39.05831,-14.213935,4.3 -39.0582667,-14.2139517,3.6 -39.0582133,-14.2139617,3.9 -39.058165,-14.2139733,4.9 -39.0581233,-14.2139867,7.7 -39.0580767,-14.2139917,9.2 -39.0580317,-14.213995,10.4 -39.05799,-14.21398,12.9 -39.0579567,-14.2139483,13.4 -39.0579333,-14.2139067,13.8 -39.057925,-14.2138533,14.5 -39.0579283,-14.2138083,14.8 -39.057925,-14.2137617,15.7 -39.0579183,-14.2137117,16.8 -39.05791,-14.213665,16.1 -39.057895,-14.2136283,18.9 -39.0578933,-14.2135883,21.6 -39.057895,-14.213545,24.0 -39.0578933,-14.2135017,26.5 -39.0578833,-14.2134233,29.5 -39.0578883,-14.21338,31.1 -39.0578817,-14.2133717,31.5 -39.0578817,-14.2133717,31.5 -39.0578817,-14.2133717,31.5 -39.0578817,-14.2133717,31.5 -39.0578817,-14.2133717,31.5 -39.0578817,-14.2133717,31.5 -39.0578817,-14.2133717,31.5 -39.0578817,-14.2133717,31.5 -39.0578817,-14.2133717,31.5 -39.0578817,-14.2133717,31.5 -39.0578817,-14.2133717,31.5 -39.0578817,-14.2133717,31.5 -39.0578817,-14.2133717,31.5 -39.0578817,-14.2133717,31.5 -39.0578817,-14.2133717,31.5 -39.0578817,-14.2133717,31.5 -39.0578817,-14.2133717,31.5 -39.0578817,-14.2133717,31.5 -39.0578817,-14.2133717,31.5 -39.0578817,-14.2133717,31.5 -39.0578817,-14.2133717,31.5 -39.0578817,-14.2133717,31.5 -39.0578817,-14.2133717,31.5 -39.0578817,-14.2133717,31.5 -39.0578817,-14.2133717,31.5 -39.0578817,-14.2133717,31.5 -39.0578817,-14.2133717,31.5 -39.0578817,-14.2133717,31.5 -39.0578817,-14.2133717,31.5 -39.0578817,-14.2133717,31.5 -39.0578817,-14.2133717,31.5 -39.0578817,-14.2133717,31.5 -39.0578817,-14.2133717,31.5 -39.0578817,-14.2133717,31.5 -39.0578817,-14.2133717,31.5 -39.0578817,-14.2133717,31.5 -39.0578817,-14.2133717,31.5 -39.0578817,-14.2133717,31.5 -39.0578817,-14.2133717,31.5 -39.0578817,-14.2133717,31.5 -39.0578633,-14.2133333,34.4 -39.0578633,-14.21327,33.9 -39.0578583,-14.2132217,33.7 -39.0578217,-14.2131883,34.5 -39.0577783,-14.2131717,34.8 -39.0577633,-14.21312,33.6 -39.057765,-14.2130717,32.9 -39.05778,-14.2130267,32.3 -39.0577683,-14.2129767,32.1 -39.0577333,-14.2129417,34.1 -39.0577383,-14.2128967,35.3 -39.0577233,-14.2128717,36.7 -39.0577417,-14.2128433,40.3 -39.0577717,-14.2128083,40.1 -39.0577917,-14.2127617,42.3 -39.057825,-14.212735,44.2 -39.057855,-14.2126983,45.1 -39.057905,-14.2126867,46.6 -39.0579483,-14.21271,47.5 -39.0579933,-14.2127267,47.7 -39.0580067,-14.2127617,50.8 -39.05803,-14.2128033,51.3 -39.058055,-14.212835,53.7 -39.0580967,-14.2128633,54.4 -39.0581317,-14.2128933,55.3 -39.0581833,-14.2128983,55.4 -39.0582167,-14.212935,55.2 -39.0582283,-14.2129817,55.6 -39.0582333,-14.2130283,55.7 -39.0582333,-14.2130283,56.0 -39.0582333,-14.2130283,59.9 -39.0582333,-14.2130283,60.4 -39.0582333,-14.2130283,60.4 -39.0582333,-14.2130283,60.4 -39.0582333,-14.2130283,61.2 -39.0582333,-14.2130283,61.2 -39.0582333,-14.2130283,62.6 -39.0582333,-14.2130283,62.2 -39.0582333,-14.2130283,60.3 -39.0582333,-14.2130283,60.3 -39.0582333,-14.2130283,60.3 -39.0582333,-14.2130283,60.3 -39.0582333,-14.2130283,59.7 -39.0582333,-14.2130283,59.7 -39.0582333,-14.2130283,59.1 -39.0582333,-14.2130283,59.1 -39.0582333,-14.2130283,59.1 -39.0582333,-14.2130283,59.1 -39.0582333,-14.2130283,61.4 -39.0582333,-14.2130283,61.4 -39.0582333,-14.2130283,61.4 -39.0582333,-14.2130283,61.4 -39.0582333,-14.2130283,61.4 -39.0582333,-14.2130283,61.4 -39.0582333,-14.2130283,61.4 -39.0582333,-14.2130283,61.4 -39.0582333,-14.2130283,61.4 -39.0582333,-14.2130283,61.4 -39.0582333,-14.2130283,61.4 -39.0582333,-14.2130283,61.4 -39.0582333,-14.2130283,61.4 -39.0582333,-14.2130283,61.4 -39.0582333,-14.2130283,60.8 -39.0582333,-14.2130283,60.8 -39.0582333,-14.2130283,60.8 -39.0582333,-14.2130283,60.8 -39.0582333,-14.2130283,60.8 -39.0582333,-14.2130283,60.8 -39.0582333,-14.2130283,60.8 -39.0582333,-14.2130283,60.8 -39.0582333,-14.2130283,60.8 -39.0582333,-14.2130283,60.8 -39.0582333,-14.2130283,61.8 -39.0582333,-14.2130283,62.3 -39.0582333,-14.2130283,61.3 -39.0582333,-14.2130283,60.7 -39.0582333,-14.2130283,60.7 -39.0582333,-14.2130283,60.7 -39.0582333,-14.2130283,60.7 -39.0582333,-14.2130283,60.7 -39.0582333,-14.2130283,60.7 -39.0582333,-14.2130283,60.7 -39.0582333,-14.2130283,60.7 -39.0582333,-14.2130283,60.7 -39.0582333,-14.2130283,60.7 -39.0582333,-14.2130283,60.7 -39.0582333,-14.2130283,60.7 -39.0582333,-14.2130283,60.7 -39.0582333,-14.2130283,60.7 -39.0582333,-14.2130283,60.7 -39.0582333,-14.2130283,60.7 -39.0582333,-14.2130283,60.7 -39.0582333,-14.2130283,60.7 -39.0582333,-14.2130283,60.7 -39.0582333,-14.2130283,60.7 -39.0582333,-14.2130283,60.7 -39.0582333,-14.2130283,60.7 -39.0582333,-14.2130283,60.7 -39.0582333,-14.2130283,60.7 -39.0582333,-14.2130283,60.7 -39.0582333,-14.2130283,60.7 -39.0582333,-14.2130283,60.7 -39.0582333,-14.2130283,60.7 -39.0582333,-14.2130283,60.7 -39.0582333,-14.2130283,60.7 -39.0582333,-14.2130283,60.7 -39.0582333,-14.2130283,60.7 -39.0582333,-14.2130283,60.7 -39.0582333,-14.2130283,60.7 -39.0582333,-14.2130283,60.7 -39.0582333,-14.2130283,60.7 -39.0582333,-14.2130283,60.7 -39.0582333,-14.2130283,60.7 -39.0582333,-14.2130283,60.7 -39.0582333,-14.2130283,60.7 -39.0582333,-14.2130283,60.7 -39.0582333,-14.2130283,60.7 -39.0582333,-14.2130283,59.6 -39.0582333,-14.2130283,60.0 -39.0582333,-14.2130283,60.4 -39.0582333,-14.2130283,60.4 -39.0582333,-14.2129933,57.7 -39.0582883,-14.2129817,56.0 -39.0583,-14.2129367,56.0 -39.058275,-14.2128967,56.2 -39.05823,-14.2129067,58.3 -39.0581817,-14.21291,59.5 -39.0581817,-14.21291,59.5 -39.0581817,-14.21291,62.9 -39.0581817,-14.21291,62.0 -39.0581817,-14.21291,62.0 -39.0581817,-14.21291,62.5 -39.0581817,-14.21291,61.6 -39.0581817,-14.21291,62.2 -39.0581817,-14.21291,62.2 -39.0581817,-14.21291,62.2 -39.0581817,-14.21291,65.4 -39.0581817,-14.21291,65.7 -39.0581817,-14.21291,65.7 -39.0581817,-14.21291,65.7 -39.0581817,-14.21291,65.7 -39.0581817,-14.21291,66.3 -39.0581817,-14.21291,66.3 -39.0581817,-14.21291,61.5 -39.0581817,-14.21291,61.7 -39.0581817,-14.21291,61.3 -39.05822,-14.2129283,61.1 -39.05822,-14.2129283,61.1 -39.05822,-14.2129283,61.1 -39.05822,-14.2129283,61.1 -39.05822,-14.2129283,61.1 -39.05822,-14.2129283,61.1 -39.05822,-14.2129283,61.1 -39.05822,-14.2129283,61.1 -39.05822,-14.2129283,61.1 -39.05822,-14.2129283,61.1 -39.05822,-14.2129283,61.1 -39.0583033,-14.2129433,60.4 -39.0583017,-14.2129917,62.0 -39.0582633,-14.2130233,62.1 -39.05824,-14.213065,61.5 -39.0582217,-14.213075,60.7 -39.0582217,-14.213075,60.7 -39.0582217,-14.213075,60.7 -39.0582217,-14.213075,60.7 -39.0582217,-14.213075,60.7 -39.0582217,-14.213075,60.7 -39.0582217,-14.213075,60.7 -39.0582217,-14.213075,60.7 -39.0582217,-14.213075,60.7 -39.0582217,-14.213075,60.7 -39.0582217,-14.213075,60.7 -39.0582217,-14.213075,60.7 -39.0582217,-14.213075,60.7 -39.0582217,-14.213075,60.7 -39.0582217,-14.213075,60.7 -39.0582217,-14.213075,60.7 -39.0582217,-14.213075,60.7 -39.0582217,-14.213075,60.7 -39.0582217,-14.213075,60.7 -39.0582217,-14.213075,60.7 -39.0582183,-14.2130767,59.8 -39.0582183,-14.2130767,59.8 -39.05818,-14.2130767,59.1 -39.05818,-14.2130767,59.1 -39.05818,-14.2130767,59.1 -39.05818,-14.2130767,59.1 -39.05818,-14.2130767,59.1 -39.05818,-14.2130767,59.1 -39.058165,-14.2130783,57.1 -39.058165,-14.2130783,57.1 -39.058165,-14.2130783,57.1 -39.058165,-14.2130783,57.1 -39.058165,-14.2130783,57.1 -39.058165,-14.2130783,58.4 -39.058165,-14.2130783,53.4 -39.058165,-14.2130783,52.3 -39.058165,-14.2130783,52.9 -39.058165,-14.2130783,52.3 -39.058165,-14.2130783,52.3 -39.058165,-14.2130783,54.0 -39.058165,-14.2130783,54.0 -39.058165,-14.2130783,52.3 -39.058165,-14.2130783,52.7 -39.058165,-14.2130783,52.4 -39.058165,-14.2130783,52.4 -39.058165,-14.2130783,52.5 -39.058165,-14.2130783,59.3 -39.058165,-14.2130783,56.1 -39.058165,-14.2130783,56.1 -39.058165,-14.2130783,58.1 -39.058165,-14.2130783,59.5 -39.058165,-14.2130783,59.6 -39.058165,-14.2130783,59.6 -39.058165,-14.2130783,59.6 -39.058165,-14.2130783,59.6 -39.058165,-14.2130783,59.6 -39.058165,-14.2130783,59.6 -39.058165,-14.2130783,59.6 -39.058165,-14.2130783,57.1 -39.058165,-14.2130783,57.0 -39.058165,-14.2130783,57.0 -39.058165,-14.2130783,57.0 -39.058165,-14.2130783,57.0 -39.058165,-14.2130783,59.5 -39.058165,-14.2130783,59.5 -39.058165,-14.2130783,59.5 -39.058165,-14.2130783,58.8 -39.058165,-14.2130783,58.9 -39.058165,-14.2130783,59.0 -39.058165,-14.2130783,58.7 -39.058165,-14.2130783,58.7 -39.058165,-14.2130783,58.7 -39.058165,-14.2130783,58.7 -39.058165,-14.2130783,58.7 -39.058165,-14.2130783,58.7 -39.058165,-14.2130783,58.7 -39.058165,-14.2130783,58.7 -39.058165,-14.2130783,58.7 -39.058165,-14.2130783,58.7 -39.058165,-14.2130783,58.7 -39.058165,-14.2130783,58.7 -39.058165,-14.2130783,58.7 -39.058165,-14.2130783,58.7 -39.058165,-14.2130783,58.7 -39.058165,-14.2130783,58.7 -39.058165,-14.2130783,58.7 -39.058165,-14.2130783,58.7 -39.058165,-14.2130783,58.7 -39.058165,-14.2130783,58.7 -39.058165,-14.2130783,58.7 -39.058165,-14.2130783,58.7 -39.058165,-14.2130783,58.7 -39.058165,-14.2130783,60.7 -39.058165,-14.2130783,60.7 -39.058165,-14.2130783,60.7 -39.058165,-14.2130783,60.7 -39.058165,-14.2130783,60.7 -39.058165,-14.2130783,60.7 -39.058165,-14.2130783,60.7 -39.058165,-14.2130783,60.7 -39.058165,-14.2130783,60.7 -39.058165,-14.2130783,60.7 -39.058165,-14.2130783,60.7 -39.058165,-14.2130783,60.7 -39.058165,-14.2130783,57.4 -39.058165,-14.2130783,57.1 -39.058165,-14.2130783,57.1 -39.058165,-14.2130783,57.1 -39.058165,-14.2130783,57.1 -39.058165,-14.2130783,57.1 -39.058165,-14.2130783,57.1 -39.058165,-14.2130783,57.1 -39.058165,-14.2130783,57.1 -39.058165,-14.2130783,57.1 -39.058165,-14.2130783,57.1 -39.058165,-14.2130783,58.9 -39.058165,-14.2130783,59.3 -39.058165,-14.2130783,59.3 -39.058165,-14.2130783,59.3 -39.058165,-14.2130783,57.9 -39.058165,-14.2130783,58.9 -39.058165,-14.2130783,58.9 -39.058165,-14.2130783,59.4 -39.058165,-14.2130783,60.4 -39.058165,-14.2130783,60.4 -39.058165,-14.2130783,58.5 -39.058165,-14.2130783,58.1 -39.058165,-14.2130783,58.1 -39.058165,-14.2130783,58.1 -39.058165,-14.2130783,58.1 -39.058165,-14.2130783,58.1 -39.058165,-14.2130783,58.8 -39.058165,-14.2130783,58.8 -39.058165,-14.2130783,58.8 -39.058165,-14.2130783,56.6 -39.058165,-14.2130783,57.2 -39.058165,-14.2130783,57.2 -39.058165,-14.2130783,57.2 -39.058165,-14.2130783,57.2 -39.058165,-14.2130783,57.2 -39.058165,-14.2130783,57.2 -39.058165,-14.2130783,57.2 -39.058165,-14.2130783,57.2 -39.058165,-14.2130783,57.2 -39.058165,-14.2130783,57.2 -39.058165,-14.2130783,57.2 -39.058165,-14.2130783,57.2 -39.058165,-14.2130783,57.2 -39.058165,-14.2130783,57.2 -39.058165,-14.2130783,57.2 -39.058165,-14.2130783,57.2 -39.058165,-14.2130783,57.2 -39.058165,-14.2130783,57.2 -39.058165,-14.2130783,59.8 -39.058165,-14.2130783,59.8 -39.058165,-14.2130783,59.8 -39.058165,-14.2130783,59.8 -39.058165,-14.2130783,59.8 -39.058165,-14.2130783,58.2 -39.058165,-14.2130783,58.0 -39.058165,-14.2130783,58.0 -39.058165,-14.2130783,58.0 -39.058165,-14.2130783,58.0 -39.058165,-14.2130783,58.0 -39.058165,-14.2130783,60.9 -39.058165,-14.2130783,60.9 -39.058165,-14.2130783,59.1 -39.058165,-14.2130783,59.1 -39.058165,-14.2130783,59.1 -39.058165,-14.2130783,59.1 -39.058165,-14.2130783,59.1 -39.058165,-14.2130783,59.1 -39.058165,-14.2130783,59.1 -39.058165,-14.2130783,59.1 -39.058165,-14.2130783,59.1 -39.058165,-14.2130783,59.1 -39.058165,-14.2130783,59.1 -39.058165,-14.2130783,59.1 -39.058165,-14.2130783,59.1 -39.058165,-14.2130783,59.1 -39.058165,-14.2130783,58.7 -39.058165,-14.2130783,58.7 -39.058165,-14.2130783,58.7 -39.058165,-14.2130783,58.7 -39.058165,-14.2130783,58.7 -39.058165,-14.2130783,58.7 -39.058165,-14.2130783,58.7 -39.058165,-14.2130783,58.7 -39.058165,-14.2130783,58.7 -39.058165,-14.2130783,58.7 -39.058165,-14.2130783,58.7 -39.058165,-14.2130783,57.4 -39.058165,-14.2130783,57.4 -39.058165,-14.2130783,56.6 -39.058165,-14.2130783,56.6 -39.058165,-14.2130783,55.9 -39.058165,-14.2130783,55.9 -39.058165,-14.2130783,54.3 -39.058165,-14.2130783,54.5 -39.058165,-14.2130783,54.5 -39.058165,-14.2130783,54.5 -39.058165,-14.2130783,54.5 -39.058165,-14.2130783,54.5 -39.058165,-14.2130783,54.5 -39.058165,-14.2130783,54.5 -39.058165,-14.2130783,54.5 -39.058165,-14.2130783,54.5 -39.058165,-14.2130783,57.2 -39.058165,-14.2130783,56.7 -39.058165,-14.2130783,56.7 -39.058165,-14.2130783,56.7 -39.058165,-14.2130783,56.7 -39.058165,-14.2130783,56.7 -39.058165,-14.2130783,56.7 -39.058165,-14.2130783,56.7 -39.058165,-14.2130783,56.7 -39.058165,-14.2130783,56.7 -39.058165,-14.2130783,55.4 -39.0581817,-14.2130433,56.3 -39.0581817,-14.2130433,56.3 -39.0581817,-14.2130433,56.3 -39.0581817,-14.2130433,56.3 -39.0581817,-14.2130433,56.3 -39.0581817,-14.2130433,56.3 -39.0581817,-14.2130433,56.3 -39.0581817,-14.2130433,56.3 -39.0581817,-14.2130433,56.3 -39.0581817,-14.2130433,56.3 -39.0581817,-14.2130433,56.3 -39.0581817,-14.2130433,56.3 -39.0581817,-14.2130433,56.3 -39.0581817,-14.2130433,56.3 -39.0581817,-14.2130433,56.3 -39.0581817,-14.2130433,56.3 -39.0581817,-14.2130433,56.3 -39.0581817,-14.2130433,56.3 -39.0581817,-14.2130433,56.3 -39.0581817,-14.2130433,56.3 -39.0581817,-14.2130433,56.3 -39.0581817,-14.2130433,56.3 -39.0581817,-14.2130433,56.3 -39.0581817,-14.2130433,56.3 -39.0581817,-14.2130433,56.3 -39.0581833,-14.2129967,56.9 -39.058205,-14.21295,56.8 -39.0582083,-14.2129,56.2 -39.058215,-14.212885,55.3 -39.058215,-14.212885,55.3 -39.0582467,-14.2129083,58.0 -39.0582533,-14.21293,58.8 -39.0582683,-14.2129617,60.6 -39.058285,-14.2130033,59.4 -39.0582783,-14.2130067,58.4 -39.0582783,-14.2130067,58.4 -39.0582783,-14.2130067,58.4 -39.0582783,-14.2130067,58.4 -39.0582683,-14.2130067,57.1 -39.0582683,-14.2130067,57.1 -39.0582683,-14.2130067,57.1 -39.0582683,-14.2130067,57.1 -39.0582683,-14.2130067,57.1 -39.0582383,-14.21295,55.7 -39.0582383,-14.21295,56.5 -39.0582383,-14.21295,56.5 -39.0582383,-14.21295,56.5 -39.0582383,-14.21295,57.0 -39.0582383,-14.21295,56.9 -39.0582383,-14.21295,57.2 -39.0582383,-14.21295,58.8 -39.0582383,-14.21295,58.5 -39.0582383,-14.21295,59.5 -39.0582383,-14.21295,58.2 -39.0582383,-14.21295,57.7 -39.0582383,-14.21295,58.1 -39.0582383,-14.21295,58.1 -39.0582383,-14.21295,58.1 -39.0582383,-14.21295,58.1 -39.0582383,-14.21295,58.1 -39.0582383,-14.21295,58.1 -39.0582383,-14.21295,58.1 -39.0582383,-14.21295,58.1 -39.0582383,-14.21295,58.1 -39.0582383,-14.21295,58.1 -39.0582383,-14.21295,58.1 -39.0582383,-14.21295,58.1 -39.0582383,-14.21295,58.1 -39.0582383,-14.21295,58.1 -39.0582383,-14.21295,58.1 -39.0582383,-14.21295,59.7 -39.0582383,-14.21295,59.0 -39.0582383,-14.21295,59.0 -39.0582383,-14.21295,64.1 -39.0582383,-14.21295,65.5 -39.0582383,-14.21295,65.5 -39.0582383,-14.21295,65.5 -39.0582383,-14.21295,65.5 -39.0582383,-14.21295,65.5 -39.0582383,-14.21295,65.5 -39.0582383,-14.21295,65.5 -39.0582383,-14.21295,65.5 -39.0582383,-14.21295,65.5 -39.0582383,-14.21295,65.5 -39.0582383,-14.21295,65.5 -39.0582383,-14.21295,65.5 -39.0582383,-14.21295,64.6 -39.0582383,-14.21295,64.4 -39.0582383,-14.21295,65.1 -39.0582383,-14.21295,65.0 -39.0582383,-14.21295,65.0 -39.0582383,-14.21295,65.0 -39.0582383,-14.21295,65.0 -39.0582383,-14.21295,65.0 -39.0582383,-14.21295,65.0 -39.0582383,-14.21295,65.0 -39.0582383,-14.21295,65.0 -39.0582383,-14.21295,65.0 -39.0582383,-14.21295,65.0 -39.0582383,-14.21295,65.0 -39.0582383,-14.21295,65.0 -39.0582383,-14.21295,65.0 -39.0582383,-14.21295,62.7 -39.0582383,-14.21295,67.9 -39.0582383,-14.21295,66.3 -39.0582383,-14.21295,66.3 -39.0582383,-14.21295,61.5 -39.0582383,-14.21295,61.3 -39.0582383,-14.21295,62.7 -39.0582383,-14.21295,62.7 -39.0582383,-14.21295,62.7 -39.0582383,-14.21295,62.7 -39.0582383,-14.21295,62.7 -39.0582383,-14.21295,62.7 -39.0582383,-14.21295,62.7 -39.0582383,-14.21295,62.7 -39.0582383,-14.21295,62.7 -39.0582383,-14.21295,62.7 -39.0582383,-14.21295,62.7 -39.0582383,-14.21295,61.8 -39.0582383,-14.21295,62.0 -39.0582383,-14.21295,60.8 -39.0582383,-14.21295,58.5 -39.0582383,-14.21295,58.1 -39.0582383,-14.21295,58.1 -39.0582383,-14.21295,55.5 -39.0582383,-14.21295,57.6 -39.0582383,-14.21295,57.6 -39.0582383,-14.21295,57.6 -39.0582383,-14.21295,57.6 -39.0582383,-14.21295,57.6 -39.0582383,-14.21295,57.6 -39.0582383,-14.21295,57.6 -39.0582383,-14.21295,57.6 -39.0582383,-14.21295,57.6 -39.0582383,-14.21295,57.6 -39.0582383,-14.21295,57.6 -39.0582383,-14.21295,57.6 -39.0582383,-14.21295,57.6 -39.0582383,-14.21295,57.6 -39.0582383,-14.21295,57.6 -39.0582383,-14.21295,57.6 -39.0582383,-14.21295,57.6 -39.0582383,-14.21295,57.6 -39.0582383,-14.21295,57.6 -39.0582383,-14.21295,57.6 -39.0582383,-14.21295,57.6 -39.0582383,-14.21295,57.6 -39.0582383,-14.21295,57.6 -39.0582383,-14.21295,63.0 -39.0582383,-14.21295,62.5 -39.0582383,-14.21295,62.5 -39.0582383,-14.21295,62.5 -39.0582383,-14.21295,62.5 -39.0582383,-14.21295,62.5 -39.0582383,-14.21295,62.5 -39.0582383,-14.21295,62.5 -39.0582383,-14.21295,62.5 -39.0582383,-14.21295,62.5 -39.0582383,-14.21295,62.5 -39.0582383,-14.21295,62.5 -39.0582383,-14.21295,59.8 -39.0582383,-14.21295,59.8 -39.0582383,-14.21295,59.2 -39.0582383,-14.21295,59.0 -39.0582383,-14.21295,59.0 -39.0582383,-14.21295,59.0 -39.0582383,-14.21295,59.0 -39.0582383,-14.21295,59.0 -39.0582383,-14.21295,59.0 -39.0582383,-14.21295,59.0 -39.0582383,-14.21295,59.0 -39.0582383,-14.21295,56.5 -39.0582383,-14.21295,56.5 -39.0582383,-14.21295,57.2 -39.0582383,-14.21295,56.5 -39.0582383,-14.21295,56.3 -39.0582383,-14.21295,56.3 -39.0582383,-14.21295,56.3 -39.0582383,-14.21295,56.3 -39.0582383,-14.21295,56.3 -39.0582383,-14.21295,56.3 -39.0582383,-14.21295,56.3 -39.0582383,-14.21295,56.3 -39.0582383,-14.21295,56.3 -39.0582383,-14.21295,56.3 -39.0582383,-14.21295,56.3 -39.0582383,-14.21295,56.3 -39.0582383,-14.21295,56.3 -39.0582383,-14.21295,56.3 -39.0582383,-14.21295,56.3 -39.0582383,-14.21295,56.3 -39.0582383,-14.21295,56.3 -39.0582383,-14.21295,56.3 -39.0582383,-14.21295,58.2 -39.0582383,-14.21295,58.1 -39.0582383,-14.21295,57.3 -39.0582383,-14.21295,57.3 -39.0582383,-14.21295,57.6 -39.0582383,-14.21295,57.6 -39.0582383,-14.21295,57.6 -39.0582383,-14.21295,59.4 -39.0582383,-14.21295,59.3 -39.0582383,-14.21295,59.6 -39.0582383,-14.21295,59.6 -39.0582383,-14.21295,59.6 -39.0582383,-14.21295,59.6 -39.0582383,-14.21295,59.6 -39.0582383,-14.21295,59.6 -39.0582383,-14.21295,59.6 -39.0582383,-14.21295,59.6 -39.0582383,-14.21295,59.6 -39.0582383,-14.21295,59.6 -39.0582383,-14.21295,59.6 -39.0582383,-14.21295,59.6 -39.0582383,-14.21295,59.6 -39.0582383,-14.21295,57.5 -39.0582383,-14.21295,59.5 -39.0582383,-14.21295,59.5 -39.0582383,-14.21295,59.5 -39.0582383,-14.21295,62.5 -39.0582383,-14.21295,62.7 -39.0582383,-14.21295,62.7 -39.0582383,-14.21295,57.9 -39.0582383,-14.21295,57.8 -39.0582383,-14.21295,57.7 -39.0582383,-14.21295,57.7 -39.0582383,-14.21295,57.7 -39.0582383,-14.21295,59.3 -39.0582383,-14.21295,59.4 -39.0582383,-14.21295,59.4 -39.0582383,-14.21295,59.4 -39.0582383,-14.21295,59.0 -39.0582383,-14.21295,59.1 -39.0582383,-14.21295,60.8 -39.0582083,-14.212965,61.1 -39.0582167,-14.2130133,59.9 -39.0582183,-14.2130617,59.1 -39.0582133,-14.2130917,57.3 -39.0582133,-14.2130917,57.3 -39.0582133,-14.2130917,57.3 -39.0582133,-14.2130917,57.3 -39.05822,-14.2129917,56.9 -39.0582267,-14.21299,56.8 -39.05823,-14.2129417,56.7 -39.0582,-14.2128983,57.6 -39.0581933,-14.212885,57.4 -39.0581117,-14.2128417,57.3 -39.0580933,-14.2128133,56.3 -39.05809,-14.2128133,56.2 -39.05809,-14.2128133,56.2 -39.058035,-14.21275,54.2 -39.0579867,-14.2127417,52.4 -39.05794,-14.21273,51.9 -39.05794,-14.21273,51.8 -39.05794,-14.21273,50.7 -39.057905,-14.2127333,48.8 -39.057855,-14.2127117,48.9 -39.0578067,-14.2127017,48.5 -39.05776,-14.2127083,48.6 -39.0577517,-14.21276,48.4 -39.057715,-14.212805,50.0 -39.0576817,-14.2128367,49.9 -39.0576717,-14.2128883,50.4 -39.05771,-14.2129183,48.5 -39.0577083,-14.21296,45.2 -39.05771,-14.213005,43.7 -39.05771,-14.213005,44.8 -39.05771,-14.213005,44.5 -39.05771,-14.213005,44.5 -39.05771,-14.213005,44.5 -39.057755,-14.2130033,40.0 -39.0577667,-14.2130483,39.1 -39.0577667,-14.213095,38.3 -39.05779,-14.2131017,37.2 -39.05779,-14.2131017,37.2 -39.05779,-14.2131017,37.2 -39.0577783,-14.2131333,33.8 -39.0577767,-14.21318,34.2 -39.0578033,-14.2132183,33.2 -39.05785,-14.2132333,32.1 -39.0578983,-14.2132333,31.2 -39.0579333,-14.2132667,32.2 -39.0579733,-14.2132867,34.1 -39.057985,-14.213305,37.3 -39.057935,-14.2133217,37.7 -39.0578933,-14.21335,37.8 -39.0578583,-14.2133767,35.8 -39.0578583,-14.213385,35.5 -39.0578833,-14.213425,33.8 -39.05787,-14.2134683,32.9 -39.0578667,-14.2135133,31.6 -39.057885,-14.2135467,28.8 -39.0578883,-14.2135967,27.0 -39.0578967,-14.2136133,24.7 -39.0578983,-14.213665,24.0 -39.0579067,-14.2137167,22.3 -39.0579183,-14.2137683,21.6 -39.0579233,-14.2138167,21.8 -39.0579183,-14.2138633,21.1 -39.0579183,-14.2139067,19.1 -39.0579417,-14.2139483,17.7 -39.0579833,-14.2139867,17.2 -39.05803,-14.213995,16.3 -39.05808,-14.2139933,13.5 -39.0581233,-14.2139833,10.6 -39.0581733,-14.2139767,7.7 -39.05822,-14.2139583,6.7 -39.0582367,-14.2139933,4.0 -39.0582667,-14.2140267,2.2 -39.0583067,-14.2140617,1.1 -39.058355,-14.2140917,2.0 -39.0583833,-14.21414,1.7 -39.058395,-14.2141917,1.7 -39.0584017,-14.2142367,1.7 -39.0584117,-14.2142883,1.7 -39.0584283,-14.2143367,2.1 -39.0584367,-14.214385,3.0 -39.0584483,-14.2144283,4.0 -39.05845,-14.21448,3.8 -39.058475,-14.2145217,4.2 -39.05851,-14.2145633,4.7 -39.058535,-14.2146167,5.1 -39.0585567,-14.214665,5.4 -39.05858,-14.2147067,4.4 -39.0586133,-14.2147383,2.7 -39.0586567,-14.2147683,2.2 -39.0586983,-14.2147983,1.4 -39.0587283,-14.214835,1.1 -39.0587733,-14.214865,1.9 -39.0588,-14.2149083,2.5 -39.0587967,-14.2149567,2.5 -39.0588117,-14.215005,3.8 -39.0588067,-14.2149917,5.4 -39.0588,-14.2149683,3.4 -39.0588483,-14.2149283,3.6 -39.0588917,-14.2149117,3.3 -39.0589583,-14.2148933,3.9 -39.0590483,-14.2148967,3.6 -39.05912,-14.21489,2.7 -39.05921,-14.2148917,1.6 -39.059305,-14.214905,2.9 -39.05941,-14.2149233,5.0 -39.0595733,-14.2149433,3.6 -39.05974,-14.2149767,1.8 -39.0599217,-14.2150133,-1.0 -39.060095,-14.21505,-1.6 -39.0602583,-14.2150933,-2.1 -39.0604317,-14.215135,-2.0 -39.0606267,-14.215245,1.1 -39.06084,-14.2152717,0.1 -39.0610367,-14.2152683,-2.5 -39.0612033,-14.2153017,-6.5 -39.061325,-14.21532,-8.5 -39.0613633,-14.2153583,-2.6 -39.0614183,-14.2153717,-2.0 -39.0614783,-14.2153767,-1.2 -39.061555,-14.2154067,-1.8 -39.06166,-14.2154367,-1.7 -39.0617767,-14.2154833,-1.1 -39.0618867,-14.2155217,0.7 -39.0619883,-14.2155783,0.9 -39.062095,-14.2156617,0.6 -39.06219,-14.2157433,0.0 -39.06229,-14.2158183,0.6 -39.0624217,-14.2158817,1.2 -39.06257,-14.2159583,1.4 -39.0627367,-14.2160117,0.5 -39.0629067,-14.2160633,2.7 -39.063065,-14.216105,5.7 -39.0632667,-14.2161517,5.6 -39.063475,-14.2162033,8.4 -39.0637,-14.2162983,9.0 -39.0639217,-14.2163733,10.1 -39.0641233,-14.2164433,12.7 -39.064325,-14.2165217,15.6 -39.064505,-14.21658,14.9 -39.0646417,-14.216625,14.5 -39.06477,-14.21666,14.5 -39.0648867,-14.2167,15.4 -39.0650117,-14.216745,16.1 -39.0651167,-14.216785,16.5 -39.0652217,-14.216825,16.0 -39.0653267,-14.2168633,16.0 -39.065445,-14.216905,16.8 -39.065555,-14.2169333,18.5 -39.06566,-14.2169667,19.1 -39.0657917,-14.2170117,21.6 -39.06592,-14.217065,23.0 -39.066045,-14.21711,23.0 -39.0661767,-14.2171533,24.0 -39.0663167,-14.217195,25.1 -39.0664417,-14.2172383,26.1 -39.0665333,-14.2172633,24.6 -39.0666117,-14.21728,21.9 -39.066695,-14.2172917,20.5 -39.0668067,-14.2173083,21.5 -39.0669483,-14.2173117,19.3 -39.0671017,-14.2173083,13.6 -39.0672517,-14.2173217,13.5 -39.0673817,-14.2173883,12.4 -39.067535,-14.2174217,12.6 -39.0676733,-14.217475,15.9 -39.067795,-14.217515,16.0 -39.0678933,-14.2175417,16.1 -39.0680517,-14.2175383,17.9 -39.0682083,-14.2175417,18.3 -39.0684233,-14.2176217,18.8 -39.06858,-14.2176917,19.4 -39.0687483,-14.21775,19.3 -39.068925,-14.21778,19.3 -39.0691017,-14.2177617,19.3 -39.0692817,-14.2177783,19.3 -39.069445,-14.2177967,19.4 -39.069605,-14.21785,19.4 -39.0701283,-14.2181767,19.8 -39.07,-14.2184017,20.2 -39.070075,-14.2183733,20.8 -39.070175,-14.21837,20.9 -39.0702917,-14.2183367,21.4 -39.0704067,-14.2183283,21.4 -39.0705267,-14.21836,21.8 -39.0706367,-14.218405,21.4 -39.0707483,-14.2184667,21.3 -39.0708383,-14.2185683,22.8 -39.0709083,-14.2186733,22.3 -39.0709733,-14.218785,20.7 -39.0710283,-14.21886,20.2 -39.0710983,-14.218925,29.2 -39.0712267,-14.2189583,34.4 -39.07138,-14.2189733,38.6 -39.0715317,-14.2190333,38.8 -39.0716817,-14.2191017,38.0 -39.07185,-14.2191733,35.8 -39.0720083,-14.219245,32.4 -39.07216,-14.219295,31.3 -39.0723133,-14.21935,30.7 -39.07248,-14.2194017,29.9 -39.07264,-14.2194533,29.4 -39.0727817,-14.2195083,30.4 -39.0729133,-14.2195517,30.7 -39.0730367,-14.219595,30.2 -39.073175,-14.2196517,31.5 -39.0733267,-14.2196983,32.9 -39.0735083,-14.2197517,33.3 -39.073665,-14.2197983,33.6 -39.0738133,-14.2198733,31.4 -39.0739483,-14.21994,30.6 -39.0740917,-14.2199917,31.9 -39.0742433,-14.220045,33.9 -39.0744017,-14.2201017,33.2 -39.07456,-14.2201583,32.8 -39.0747283,-14.2202233,33.2 -39.0748833,-14.22031,32.1 -39.0750233,-14.220425,33.5 -39.0751917,-14.22053,34.5 -39.075365,-14.2206317,33.7 -39.07554,-14.22076,33.7 -39.0756967,-14.2208833,34.5 -39.0758483,-14.2210083,34.9 -39.0760133,-14.2211233,34.9 -39.0761833,-14.2212383,34.0 -39.0763267,-14.2213417,35.1 -39.076435,-14.221425,35.5 -39.0765217,-14.2215167,35.2 -39.076625,-14.2216017,34.9 -39.076735,-14.221685,35.6 -39.07686,-14.2217617,35.8 -39.077035,-14.22189,30.1 -39.0771983,-14.2220083,30.7 -39.07737,-14.2221167,31.1 -39.0775483,-14.2222067,28.6 -39.0777317,-14.2222783,28.2 -39.077915,-14.2223367,28.8 -39.07809,-14.2223533,26.7 -39.0782633,-14.22241,28.6 -39.0784467,-14.222445,29.3 -39.07864,-14.2224367,29.8 -39.0788333,-14.2223767,30.1 -39.07901,-14.222295,29.7 -39.07918,-14.2222267,29.5 -39.0793467,-14.2221517,28.5 -39.0795217,-14.22206,25.6 -39.0796867,-14.22198,23.4 -39.07983,-14.2219183,21.7 -39.079975,-14.221845,21.8 -39.080125,-14.22179,23.4 -39.0802617,-14.221715,22.8 -39.0803833,-14.221655,21.0 -39.0804983,-14.2216117,18.3 -39.0806267,-14.2215433,17.8 -39.0807767,-14.2214667,17.6 -39.080925,-14.221385,17.2 -39.0810767,-14.2213133,18.0 -39.081225,-14.221255,18.9 -39.0813683,-14.2212,23.0 -39.081505,-14.2211267,24.7 -39.081625,-14.221045,26.4 -39.0817483,-14.2209417,27.2 -39.0818367,-14.2208267,28.0 -39.0819217,-14.2206767,27.7 -39.082005,-14.2205267,26.7 -39.0820867,-14.2203783,27.0 -39.0821633,-14.22023,27.5 -39.082245,-14.2200933,28.6 -39.0823433,-14.2199767,29.5 -39.0824467,-14.2198633,29.7 -39.0825633,-14.2197617,29.7 -39.08269,-14.21969,30.6 -39.0828183,-14.2196217,33.6 -39.0829517,-14.219545,37.2 -39.0830833,-14.2194833,40.1 -39.0832033,-14.21941,39.1 -39.0833317,-14.21935,37.6 -39.0834667,-14.2192817,32.2 -39.083605,-14.219195,29.6 -39.0837417,-14.21913,30.8 -39.0838833,-14.2190683,31.1 -39.08404,-14.2190133,30.8 -39.084195,-14.2189617,30.0 -39.0843583,-14.218935,30.2 -39.0845267,-14.218925,31.2 -39.084665,-14.2189133,34.2 -39.084815,-14.2189017,33.8 -39.084945,-14.2188933,34.5 -39.0850933,-14.2188817,35.4 -39.0852417,-14.218865,36.2 -39.0853917,-14.2188533,37.6 -39.0855467,-14.2188433,35.8 -39.0857117,-14.2188317,36.2 -39.08587,-14.2188267,34.1 -39.0860317,-14.2188267,32.3 -39.0862017,-14.2188267,31.7 -39.0863733,-14.2188217,31.1 -39.0865567,-14.2188167,31.6 -39.08675,-14.2188033,32.0 -39.0869433,-14.2187883,30.8 -39.0871183,-14.2187783,31.5 -39.087285,-14.2187717,32.1 -39.0874167,-14.2187667,31.5 -39.0875467,-14.2187733,30.8 -39.0876833,-14.2187667,30.0 -39.0878217,-14.2187567,30.1 -39.087965,-14.2187433,29.5 -39.08812,-14.2187383,28.9 -39.0882467,-14.2187267,25.3 -39.0883517,-14.2187283,23.5 -39.08847,-14.2187617,23.6 -39.088585,-14.21882,22.2 -39.088695,-14.218885,22.2 -39.08881,-14.2189617,24.3 -39.0889233,-14.2190517,26.2 -39.089025,-14.2191433,27.8 -39.089125,-14.21924,30.7 -39.0892283,-14.2193117,33.4 -39.0893233,-14.21937,34.1 -39.08942,-14.2194167,34.1 -39.0895067,-14.2194667,34.8 -39.08959,-14.21952,35.1 -39.0896617,-14.2195683,36.0 -39.0897183,-14.2196117,40.3 -39.0897833,-14.2196533,41.6 -39.0898233,-14.219675,42.8 -39.089855,-14.219725,43.3 -39.08991,-14.2197733,43.6 -39.08996,-14.2198217,43.4 -39.0900233,-14.21987,44.0 -39.0900767,-14.2199117,45.9 -39.0901167,-14.219945,47.8 -39.0901883,-14.219985,49.0 -39.09025,-14.22002,49.6 -39.0903383,-14.22006,50.5 -39.09051,-14.2200917,52.1 -39.090585,-14.2201133,52.8 -39.0906567,-14.2201283,52.2 -39.0907417,-14.2201383,51.3 -39.0908833,-14.2201483,44.9 -39.090945,-14.2201583,46.7 -39.0910217,-14.220165,49.1 -39.0911183,-14.2201633,50.4 -39.091225,-14.2201683,52.2 -39.0913367,-14.220175,53.9 -39.09145,-14.22017,56.2 -39.0915617,-14.2201517,57.7 -39.0916833,-14.22014,59.1 -39.0918133,-14.2201533,58.0 -39.091935,-14.2201667,56.5 -39.09205,-14.2201917,55.6 -39.092165,-14.2202383,55.2 -39.0922667,-14.2203017,55.7 -39.0923767,-14.22038,57.8 -39.09247,-14.22046,58.6 -39.09254,-14.22055,60.6 -39.0926067,-14.2206433,64.1 -39.0926633,-14.2207467,67.2 -39.0927117,-14.22085,68.0 -39.092765,-14.22095,67.2 -39.0928167,-14.2210517,69.5 -39.0928683,-14.221155,71.6 -39.092915,-14.2212517,72.1 -39.0929783,-14.221365,72.9 -39.093035,-14.221475,73.4 -39.09309,-14.221585,74.0 -39.09314,-14.2216933,74.7 -39.0931883,-14.2218017,74.9 -39.0932233,-14.2219083,75.6 -39.0932383,-14.2220167,76.5 -39.09324,-14.222135,74.6 -39.0932233,-14.2222717,71.9 -39.0931967,-14.2224017,70.2 -39.093165,-14.222545,71.0 -39.09313,-14.2226883,70.5 -39.093095,-14.222825,70.0 -39.0930483,-14.2229667,68.9 -39.09301,-14.2230833,68.0 -39.0929867,-14.2232033,68.4 -39.0929967,-14.2233233,66.6 -39.0930033,-14.2234367,66.1 -39.093025,-14.2235517,66.6 -39.093055,-14.22367,65.7 -39.093075,-14.2237867,63.6 -39.0931133,-14.2239133,64.3 -39.09317,-14.2240333,64.3 -39.0932383,-14.2241517,65.4 -39.0932967,-14.2242633,65.6 -39.0933567,-14.224365,66.6 -39.09341,-14.2244667,69.6 -39.0934467,-14.2245783,69.5 -39.0934767,-14.2246917,69.1 -39.0935233,-14.2248133,70.3 -39.0935733,-14.22493,71.1 -39.0936233,-14.22505,71.1 -39.0936717,-14.2251733,71.5 -39.0936783,-14.2252933,69.2 -39.0936883,-14.2254117,66.3 -39.0936667,-14.2255367,65.5 -39.09363,-14.22566,65.1 -39.093595,-14.2257783,64.8 -39.093565,-14.2259033,65.5 -39.09354,-14.2260183,66.2 -39.0935117,-14.226125,66.5 -39.09348,-14.2262467,67.8 -39.0934417,-14.2263733,69.0 -39.0933967,-14.2264983,70.0 -39.0933617,-14.226625,69.9 -39.0933433,-14.2267383,69.9 -39.093345,-14.2268533,70.5 -39.0933717,-14.2269617,70.5 -39.09343,-14.227075,69.5 -39.0935183,-14.2271633,68.5 -39.0936433,-14.2272167,66.8 -39.0938033,-14.22721,66.4 -39.0939833,-14.2271617,66.7 -39.0942,-14.2271,64.5 -39.09441,-14.2270233,63.8 -39.09463,-14.2269267,63.7 -39.0948467,-14.2268067,59.1 -39.0950733,-14.2266967,57.8 -39.0953067,-14.226575,54.6 -39.0955417,-14.22645,52.4 -39.0957817,-14.2263033,52.8 -39.0960133,-14.22618,54.7 -39.0962283,-14.2260667,55.2 -39.0964483,-14.2259117,59.6 -39.0966483,-14.2257417,61.0 -39.096815,-14.2255367,63.3 -39.0969817,-14.2253167,64.1 -39.0970967,-14.2250833,64.9 -39.0971783,-14.224825,64.9 -39.0972617,-14.224555,68.9 -39.0973333,-14.2242583,66.7 -39.0974167,-14.22393,66.9 -39.0975133,-14.2235667,65.3 -39.0975967,-14.223195,62.7 -39.0977,-14.222795,60.6 -39.097805,-14.2223833,60.7 -39.0979017,-14.221955,60.3 -39.0980033,-14.22154,66.1 -39.098125,-14.221135,69.0 -39.0982433,-14.2207467,73.8 -39.0983833,-14.22038,78.1 -39.0984967,-14.220045,79.9 -39.098615,-14.2197433,80.5 -39.098785,-14.21944,80.3 -39.0989467,-14.2191567,81.3 -39.0991117,-14.2188683,81.6 -39.09928,-14.2185633,80.5 -39.0994483,-14.218245,79.2 -39.099625,-14.2179,71.1 -39.09986,-14.2175517,68.9 -39.1000683,-14.217175,68.1 -39.100215,-14.21678,63.5 -39.1003567,-14.216375,63.3 -39.1004633,-14.2159967,64.3 -39.1005533,-14.2156167,62.8 -39.10065,-14.215225,65.6 -39.1007367,-14.214825,68.1 -39.1008217,-14.21448,71.4 -39.1008967,-14.2141717,77.1 -39.1009667,-14.21391,80.2 -39.1010067,-14.2137367,82.1 -39.10101,-14.2136133,82.5 -39.101025,-14.2135467,84.1 -39.1010383,-14.2135017,85.2 -39.1010583,-14.21346,86.1 -39.1010883,-14.213405,84.8 -39.1011167,-14.213385,84.2 -39.1011167,-14.213385,84.2 -39.1011167,-14.213385,84.2 -39.1011967,-14.21339,85.4 -39.1012483,-14.2133933,85.3 -39.101185,-14.213385,83.6 -39.1011783,-14.21334,85.2 -39.1011633,-14.2132933,86.0 -39.10118,-14.21325,85.7 -39.10118,-14.21325,87.2 -39.10118,-14.21325,86.1 -39.10118,-14.21325,86.1 -39.10118,-14.21325,85.3 -39.10118,-14.21325,85.3 -39.10118,-14.21325,85.3 -39.10118,-14.21325,82.9 -39.10118,-14.21325,82.9 -39.10118,-14.21325,82.9 -39.10118,-14.21325,82.9 -39.10118,-14.21325,82.9 -39.10118,-14.21325,82.9 -39.10118,-14.21325,82.9 -39.10118,-14.21325,82.9 -39.10118,-14.21325,82.9 -39.10118,-14.21325,82.9 -39.10118,-14.21325,82.9 -39.10118,-14.21325,82.9 -39.10118,-14.21325,82.9 -39.10118,-14.21325,82.9 -39.10118,-14.21325,82.9 -39.10118,-14.21325,82.9 -39.10118,-14.21325,82.9 -39.10118,-14.21325,82.9 -39.10118,-14.21325,82.9 -39.10118,-14.21325,82.9 -39.10118,-14.21325,82.9 -39.10118,-14.21325,82.9 -39.10118,-14.21325,82.9 -39.10118,-14.21325,82.9 -39.10118,-14.21325,82.9 -39.10118,-14.21325,82.9 -39.10118,-14.21325,82.9 -39.10118,-14.21325,82.9 -39.10118,-14.21325,82.9 -39.10118,-14.21325,82.9 -39.10118,-14.21325,82.9 -39.10118,-14.21325,82.9 -39.10118,-14.21325,82.9 -39.10118,-14.21325,82.9 -39.10118,-14.21325,82.9 -39.10118,-14.21325,82.9 -39.10118,-14.21325,82.9 -39.10118,-14.21325,82.9 -39.10118,-14.21325,82.9 -39.10118,-14.21325,82.9 -39.10118,-14.21325,86.7 -39.10118,-14.21325,86.7 -39.10118,-14.21325,87.1 -39.10118,-14.21325,87.5 -39.10118,-14.21325,86.2 -39.10118,-14.21325,86.2 -39.10118,-14.21325,86.2 -39.10118,-14.21325,86.2 -39.10118,-14.21325,86.2 -39.10118,-14.21325,86.2 -39.10118,-14.21325,86.2 -39.10118,-14.21325,86.2 -39.10118,-14.21325,86.2 -39.10118,-14.21325,86.2 -39.10118,-14.21325,86.2 -39.10118,-14.21325,86.2 -39.10118,-14.21325,86.2 -39.10118,-14.21325,86.2 -39.10118,-14.21325,86.2 -39.10118,-14.21325,86.2 -39.10118,-14.21325,86.2 -39.10118,-14.21325,85.8 -39.10118,-14.21325,86.7 -39.10118,-14.21325,86.7 -39.10118,-14.21325,86.7 -39.10118,-14.21325,87.4 -39.10118,-14.21325,87.4 -39.10118,-14.21325,87.6 -39.10118,-14.21325,87.5 -39.10118,-14.21325,87.5 -39.10118,-14.21325,85.0 -39.10118,-14.21325,85.0 -39.10118,-14.21325,85.0 -39.10118,-14.21325,85.0 -39.10118,-14.21325,85.0 -39.10118,-14.21325,85.0 -39.10118,-14.21325,85.0 -39.10118,-14.21325,85.0 -39.10118,-14.21325,85.8 -39.10118,-14.21325,85.8 -39.10118,-14.21325,85.8 -39.10118,-14.21325,85.8 -39.10118,-14.21325,85.8 -39.10118,-14.21325,85.8 -39.10118,-14.21325,85.8 -39.10118,-14.21325,85.8 -39.10118,-14.21325,85.8 -39.10118,-14.21325,85.8 -39.10118,-14.21325,85.8 -39.10118,-14.21325,85.8 -39.10118,-14.21325,85.8 -39.10118,-14.21325,85.8 -39.10118,-14.21325,85.8 -39.10118,-14.21325,85.8 -39.10118,-14.21325,85.8 -39.10118,-14.21325,85.8 -39.10118,-14.21325,85.8 -39.10118,-14.21325,85.8 -39.10118,-14.21325,85.8 -39.10118,-14.21325,85.8 -39.10118,-14.21325,85.8 -39.10118,-14.21325,85.8 -39.10118,-14.21325,85.8 -39.10118,-14.21325,85.8 -39.10118,-14.21325,85.8 -39.10118,-14.21325,91.3 -39.10118,-14.21325,91.5 -39.10118,-14.21325,91.5 -39.10118,-14.21325,91.5 -39.10118,-14.21325,91.5 -39.10118,-14.21325,91.5 -39.10118,-14.21325,91.5 -39.10118,-14.21325,91.5 -39.10118,-14.21325,91.5 -39.10118,-14.21325,91.5 -39.10118,-14.21325,91.5 -39.10118,-14.21325,91.5 -39.10118,-14.21325,91.5 -39.10118,-14.21325,91.5 -39.10118,-14.21325,91.5 -39.10118,-14.21325,91.5 -39.10118,-14.21325,91.5 -39.10118,-14.21325,91.5 -39.10118,-14.21325,91.5 -39.10118,-14.21325,91.5 -39.10118,-14.21325,91.5 -39.10118,-14.21325,91.5 -39.10118,-14.21325,91.5 -39.10118,-14.21325,91.5 -39.10118,-14.21325,91.5 -39.10118,-14.21325,91.5 -39.10118,-14.21325,91.5 -39.10118,-14.21325,91.5 -39.10118,-14.21325,91.5 -39.10118,-14.21325,91.5 -39.1011833,-14.213315,87.2 -39.1011583,-14.213355,88.3 -39.1011817,-14.2133867,88.4 -39.1011767,-14.2133917,85.9 -39.1011333,-14.213365,86.0 -39.1010817,-14.21335,87.2 -39.1010317,-14.21336,87.9 -39.1009983,-14.213385,85.7 -39.1009983,-14.213385,84.7 -39.1009983,-14.213385,83.2 -39.1009983,-14.213385,84.5 -39.1009983,-14.213385,86.8 -39.101025,-14.2133933,86.8 -39.1010633,-14.2134383,86.1 -39.1010833,-14.2135317,87.5 -39.1010733,-14.2136367,87.4 -39.1010383,-14.2137583,86.5 -39.1010017,-14.21388,84.9 -39.100975,-14.2140017,85.5 -39.1009483,-14.21414,82.7 -39.100925,-14.21428,81.0 -39.1008917,-14.214445,79.8 -39.1008483,-14.21461,76.4 -39.100805,-14.2147933,74.7 -39.10075,-14.21501,73.3 -39.10067,-14.215275,72.9 -39.1005967,-14.2155583,71.0 -39.100525,-14.2158667,71.8 -39.1004533,-14.2161833,73.3 -39.1003617,-14.216505,72.9 -39.1002367,-14.21684,73.2 -39.1000833,-14.2171933,72.9 -39.09991,-14.2175517,73.6 -39.09971,-14.2179083,75.8 -39.0995233,-14.2182317,82.8 -39.0993417,-14.2185483,89.0 -39.0991683,-14.21885,84.0 -39.0989733,-14.219145,77.7 -39.0988,-14.219445,81.3 -39.0986417,-14.2197333,85.4 -39.0985033,-14.2200517,85.3 -39.09838,-14.2203867,67.8 -39.0982483,-14.2207417,64.1 -39.0981533,-14.22112,66.5 -39.0980683,-14.2215233,63.5 -39.0979567,-14.2219383,61.7 -39.0978567,-14.2223667,60.0 -39.097755,-14.222795,63.1 -39.09765,-14.22321,65.4 -39.0975333,-14.223625,69.1 -39.0974317,-14.22401,72.2 -39.0973517,-14.224355,75.6 -39.097265,-14.2246717,76.1 -39.0971833,-14.2249767,76.5 -39.0970417,-14.22527,76.7 -39.096885,-14.2255283,77.0 -39.0966733,-14.225765,79.2 -39.0964117,-14.225975,77.5 -39.0961233,-14.2261633,76.0 -39.0958133,-14.2263417,74.2 -39.0955167,-14.2264967,72.3 -39.0952267,-14.226655,70.3 -39.094915,-14.2268133,68.7 -39.0946317,-14.2269717,67.0 -39.0943983,-14.2271267,66.7 -39.0941967,-14.2273,65.9 -39.0940283,-14.2274667,66.6 -39.0938783,-14.2275983,66.7 -39.093725,-14.227685,67.6 -39.09356,-14.2277533,68.7 -39.0934033,-14.227765,69.4 -39.0933067,-14.2276717,71.7 -39.0932617,-14.2275567,72.6 -39.0933167,-14.2274033,69.9 -39.0933667,-14.227245,69.8 -39.0933567,-14.2270717,68.1 -39.09333,-14.22692,69.6 -39.0933033,-14.2267883,69.5 -39.0933,-14.2266667,69.7 -39.0933217,-14.2265417,69.8 -39.093355,-14.226405,70.4 -39.0933933,-14.2262583,71.2 -39.093445,-14.2261033,72.5 -39.0935083,-14.225945,73.3 -39.093585,-14.2257783,69.5 -39.0936283,-14.225615,68.4 -39.093645,-14.2254433,67.1 -39.0936317,-14.22528,66.0 -39.0935983,-14.2251317,66.8 -39.0935533,-14.2249683,66.5 -39.0934917,-14.22482,66.7 -39.093445,-14.2246933,68.3 -39.09341,-14.224575,69.5 -39.0933633,-14.22446,70.0 -39.0933167,-14.2243483,71.0 -39.0932667,-14.2242283,69.9 -39.093215,-14.2241117,70.5 -39.0931583,-14.2239733,67.5 -39.0931,-14.2238217,65.6 -39.0930567,-14.2236733,65.2 -39.09303,-14.2235217,65.1 -39.0930033,-14.223375,66.9 -39.092985,-14.2232283,69.3 -39.093005,-14.2230833,69.7 -39.0930333,-14.2229383,69.3 -39.0930733,-14.222805,69.1 -39.0931017,-14.2226833,69.2 -39.0931317,-14.222545,69.5 -39.09316,-14.2223933,69.0 -39.09318,-14.2222433,68.4 -39.0931983,-14.2221217,69.8 -39.09319,-14.2220067,72.3 -39.093175,-14.221895,74.5 -39.093135,-14.2217867,76.6 -39.0930867,-14.2216683,77.6 -39.0930283,-14.2215417,78.7 -39.092975,-14.2214383,79.3 -39.09293,-14.2213467,82.1 -39.092885,-14.2212533,83.1 -39.0928467,-14.2211633,84.1 -39.0928,-14.2210883,83.4 -39.0927517,-14.2210017,82.5 -39.0927133,-14.22091,81.0 -39.09266,-14.2208383,77.2 -39.092615,-14.2207517,74.4 -39.09256,-14.2206683,74.1 -39.0924833,-14.2205733,71.4 -39.0923867,-14.2204767,68.3 -39.0922717,-14.22039,66.0 -39.0921817,-14.220315,64.9 -39.0920883,-14.220265,62.8 -39.092,-14.2202367,61.6 -39.091925,-14.2202183,62.9 -39.0918783,-14.2202017,62.3 -39.0918283,-14.2202,63.2 -39.0917817,-14.22019,64.0 -39.0917383,-14.22017,64.0 -39.091695,-14.2201533,64.1 -39.09166,-14.2201417,63.6 -39.09166,-14.2201417,63.6 -39.0915783,-14.2201617,63.7 -39.091495,-14.2201733,63.7 -39.091395,-14.2201817,63.0 -39.0912817,-14.2201867,62.3 -39.0911567,-14.2201833,61.3 -39.0910267,-14.2201817,62.1 -39.09091,-14.22019,62.8 -39.0908217,-14.2201833,62.5 -39.090755,-14.2201733,61.0 -39.0906933,-14.22016,59.1 -39.0906433,-14.2201483,56.1 -39.0905767,-14.2201467,54.9 -39.09048,-14.2201267,55.1 -39.0903783,-14.2200917,54.9 -39.090255,-14.2200483,55.3 -39.0901367,-14.2199783,55.9 -39.0900367,-14.2199083,55.6 -39.0899533,-14.2198417,56.2 -39.0898817,-14.2197583,53.6 -39.0898133,-14.2197017,50.9 -39.0897317,-14.2196467,47.6 -39.0896433,-14.219575,45.1 -39.08956,-14.21951,39.8 -39.0894667,-14.2194633,38.0 -39.0893667,-14.2193983,36.1 -39.0892617,-14.219335,34.8 -39.089175,-14.2192817,34.7 -39.08911,-14.219245,34.5 -39.08904,-14.2191883,35.6 -39.0889517,-14.2191067,35.6 -39.0888483,-14.21902,35.1 -39.08872,-14.2189433,34.7 -39.08859,-14.2188683,33.9 -39.088495,-14.2188167,33.7 -39.0884467,-14.2187883,31.9 -39.0884,-14.2187667,31.8 -39.088325,-14.218755,30.5 -39.0882283,-14.2187517,30.5 -39.0881117,-14.2187683,31.1 -39.0879733,-14.2187733,30.2 -39.0878517,-14.2187717,29.5 -39.0877183,-14.2187717,28.4 -39.0875733,-14.21878,29.8 -39.08742,-14.2187867,29.9 -39.0872817,-14.2187967,29.3 -39.08712,-14.218805,31.0 -39.08696,-14.2188133,30.3 -39.086795,-14.2188233,29.3 -39.0866233,-14.2188267,27.6 -39.086445,-14.218835,28.9 -39.0862767,-14.218845,31.5 -39.0861067,-14.218855,32.3 -39.08595,-14.21887,32.8 -39.0857883,-14.2188767,32.8 -39.0856267,-14.218885,32.3 -39.0854717,-14.21889,33.2 -39.0853133,-14.21889,35.1 -39.0851617,-14.2188933,36.6 -39.0850083,-14.21891,37.6 -39.0848417,-14.2189267,38.2 -39.0846717,-14.218945,37.5 -39.0844967,-14.218965,35.6 -39.08431,-14.2189917,34.3 -39.08413,-14.21903,31.4 -39.08395,-14.2190967,27.5 -39.0837567,-14.2191633,24.0 -39.0835733,-14.2192467,25.6 -39.0834367,-14.21933,27.4 -39.0833283,-14.2194033,27.8 -39.083225,-14.2194667,29.0 -39.083105,-14.2195233,30.4 -39.0829767,-14.2195933,31.8 -39.08285,-14.21967,29.6 -39.08272,-14.21976,26.2 -39.0825983,-14.2198483,25.7 -39.0824717,-14.2199517,26.0 -39.0823583,-14.2200567,28.6 -39.0822567,-14.22018,27.6 -39.08217,-14.22031,26.3 -39.0820917,-14.22044,25.6 -39.0820083,-14.2205717,24.2 -39.0819467,-14.2207183,21.9 -39.081875,-14.2208633,20.5 -39.0817733,-14.2209767,19.6 -39.0816433,-14.22106,19.5 -39.0815,-14.2211483,19.9 -39.0813433,-14.22122,20.8 -39.081185,-14.22129,21.9 -39.0810183,-14.2213667,23.4 -39.0808483,-14.22144,24.0 -39.0806617,-14.2215167,23.5 -39.0805,-14.2215867,28.7 -39.0803417,-14.2216633,32.5 -39.0801933,-14.2217517,31.5 -39.0800567,-14.221835,32.9 -39.079925,-14.2219183,32.7 -39.0797717,-14.2219933,31.9 -39.0796267,-14.2220583,30.6 -39.0794917,-14.2221133,28.9 -39.0793483,-14.222165,27.1 -39.07923,-14.2222267,26.2 -39.0790983,-14.2222867,25.3 -39.07896,-14.2223583,24.6 -39.0787967,-14.22243,24.2 -39.078655,-14.222475,24.1 -39.0784917,-14.2224883,23.4 -39.0783333,-14.222475,27.2 -39.078185,-14.2224417,27.4 -39.0780383,-14.2224117,27.8 -39.0779033,-14.2223767,28.1 -39.0777633,-14.222335,28.9 -39.077605,-14.2222883,28.6 -39.0774617,-14.2222183,28.0 -39.077335,-14.2221433,30.0 -39.0771983,-14.2220517,30.6 -39.0770517,-14.2219517,30.3 -39.0769033,-14.22184,30.1 -39.076765,-14.22173,29.6 -39.07664,-14.2216517,29.3 -39.076535,-14.2215617,30.1 -39.0764267,-14.2214767,31.0 -39.0763167,-14.2214083,33.7 -39.0762033,-14.22133,34.6 -39.076085,-14.221235,36.3 -39.0759567,-14.22111,38.7 -39.0758167,-14.2209833,39.5 -39.0756667,-14.2208617,40.2 -39.075525,-14.220755,40.7 -39.0753717,-14.220655,42.1 -39.0752133,-14.2205533,42.3 -39.0750583,-14.2204467,42.7 -39.074935,-14.220345,42.9 -39.0748067,-14.2202617,43.1 -39.0746433,-14.2201933,42.5 -39.0744717,-14.2201283,43.7 -39.0743083,-14.2200517,41.8 -39.07416,-14.2200133,37.5 -39.0740517,-14.2199817,36.5 -39.0739433,-14.2199367,36.1 -39.0738417,-14.2198983,33.7 -39.0737517,-14.2198483,34.5 -39.0736583,-14.2197883,34.7 -39.0735283,-14.21973,33.8 -39.0733767,-14.219685,35.6 -39.0732317,-14.2196417,36.5 -39.0730933,-14.2196067,36.8 -39.0729583,-14.2195767,36.8 -39.0728217,-14.21954,38.4 -39.072675,-14.2194917,39.3 -39.0725383,-14.21942,45.0 -39.0724133,-14.219345,49.4 -39.0722917,-14.219295,50.9 -39.0721467,-14.2192467,49.8 -39.071985,-14.2192033,46.2 -39.0718167,-14.2191467,42.6 -39.07164,-14.2190883,40.1 -39.071475,-14.2190317,40.1 -39.0713233,-14.219005,40.7 -39.07119,-14.2189383,40.4 -39.0710833,-14.21886,39.7 -39.0709733,-14.2187783,37.9 -39.0708767,-14.2186983,27.7 -39.0707517,-14.2186067,21.5 -39.0706233,-14.2184783,22.4 -39.070485,-14.218365,22.0 -39.0703583,-14.2182783,22.0 -39.07022,-14.2182883,22.3 -39.0700733,-14.218295,22.2 -39.0699217,-14.2183033,20.5 -39.0697767,-14.218305,19.5 -39.0696783,-14.2182917,17.5 -39.06959,-14.218245,13.2 -39.069495,-14.2181883,13.7 -39.0693867,-14.218125,12.9 -39.0692883,-14.218045,13.1 -39.0691917,-14.21796,13.5 -39.0690983,-14.2178767,13.0 -39.0690083,-14.2177867,12.0 -39.06896,-14.21768,11.1 -39.0689117,-14.2175983,12.5 -39.0688267,-14.2175633,11.8 -39.0687233,-14.2175517,11.3 -39.06861,-14.21753,11.1 -39.0684817,-14.2175117,10.6 -39.0683233,-14.21752,9.8 -39.068085,-14.21757,9.1 -39.0679217,-14.21757,8.4 -39.0677517,-14.2175733,8.1 -39.067575,-14.2175333,8.6 -39.06738,-14.217485,8.3 -39.067235,-14.2174567,9.0 -39.0671167,-14.2174233,10.1 -39.0669817,-14.217385,11.9 -39.0668567,-14.2173583,17.4 -39.0667167,-14.21734,21.6 -39.0665667,-14.2173183,26.3 -39.0664117,-14.2172733,28.1 -39.0662617,-14.2172133,29.6 -39.0661167,-14.217155,30.6 -39.0659833,-14.217095,31.3 -39.06585,-14.2170483,30.2 -39.0657333,-14.2170033,29.0 -39.06565,-14.21698,27.7 -39.0656083,-14.2169617,25.1 -39.0655533,-14.2169467,24.4 -39.065475,-14.2169217,21.9 -39.0653633,-14.2168767,20.7 -39.0652383,-14.2168333,20.2 -39.0651133,-14.2168083,19.2 -39.0649767,-14.2167767,18.2 -39.064845,-14.2167433,16.6 -39.0647233,-14.216715,11.4 -39.0646017,-14.2166717,11.2 -39.06448,-14.2166333,10.6 -39.0643467,-14.2165867,10.2 -39.06419,-14.2165317,5.7 -39.0640517,-14.2164833,6.1 -39.0638917,-14.2164233,8.3 -39.0637183,-14.2163717,5.9 -39.063555,-14.2163183,4.9 -39.06339,-14.2162633,1.8 -39.0632267,-14.216205,-0.4 -39.0631,-14.21616,-0.8 -39.0630133,-14.2161133,0.2 -39.0629017,-14.2160833,6.7 -39.0627883,-14.2160517,8.3 -39.06268,-14.2160167,8.6 -39.0625633,-14.2159617,9.0 -39.0624367,-14.2158883,9.5 -39.062315,-14.2158067,8.7 -39.0621917,-14.2157333,8.4 -39.0620917,-14.2156617,6.1 -39.061975,-14.215595,7.2 -39.0618467,-14.215535,6.4 -39.0617383,-14.215495,4.9 -39.061635,-14.2154633,5.7 -39.0615167,-14.2154417,4.7 -39.0613767,-14.2154183,7.0 -39.061235,-14.2153833,7.0 -39.06108,-14.2153367,2.4 -39.0609233,-14.21529,0.2 -39.0607617,-14.2152567,3.1 -39.060605,-14.215225,3.3 -39.0604317,-14.2151933,2.8 -39.060275,-14.2151517,2.7 -39.0601117,-14.215145,3.2 -39.05997,-14.21512,3.3 -39.0598183,-14.2150817,-0.1 -39.0596717,-14.2150417,-0.3 -39.05954,-14.2150067,-1.2 -39.05942,-14.2149733,-1.5 -39.0593167,-14.2149533,1.3 -39.0592417,-14.214945,3.8 -39.0591783,-14.21494,4.3 -39.0591283,-14.2149283,3.2 -39.05908,-14.21491,2.2 -39.0590317,-14.2148933,0.5 -39.0589817,-14.2149033,1.0 -39.0589283,-14.21489,0.4 -39.0588817,-14.2149233,-0.5 -39.0588533,-14.214965,-1.7 -39.0588483,-14.2149717,-1.7 -39.0588483,-14.2149717,-1.7 -39.0588483,-14.2149717,-1.7 -39.0588833,-14.2149983,1.1 -39.0588833,-14.2150433,-0.1 -39.0588967,-14.2150917,0.5 -39.0589417,-14.2151083,0.3 -39.0589917,-14.2151067,-0.3 -39.0589917,-14.2151067,3.3 -39.0589917,-14.2151067,4.2 -39.0590483,-14.2151167,4.2 -39.0591033,-14.2154617,-19.8 -39.0589933,-14.2153033,2.9 -39.05901,-14.2151633,8.4 -39.0590167,-14.2151333,-5.7 -39.0590167,-14.2151333,1.7 -39.0590167,-14.2151333,0.3 -39.0590167,-14.2151333,2.5 -39.0589517,-14.2151167,2.3 -39.0589083,-14.2150867,4.8 -39.058865,-14.2151033,7.1 -39.0588317,-14.2151283,9.6 -39.0588317,-14.2151283,11.6 -39.0588317,-14.2151283,14.4 -39.0588317,-14.2151283,15.9 -39.0588317,-14.2151283,19.4 -39.0588317,-14.2151283,20.8 -39.0588317,-14.2151283,22.5 -39.0588317,-14.2151283,25.0 -39.0588317,-14.2151283,27.9 -39.0588317,-14.2151283,27.4 -39.0588317,-14.2151283,27.3 -39.0588317,-14.2151283,28.8 -39.0588317,-14.2151283,28.5 -39.0588317,-14.2151283,29.9 -39.0588317,-14.2151283,27.3 -39.0588317,-14.2151283,25.0 -39.0588317,-14.2151283,25.0 -39.0588317,-14.2151283,19.8 -39.0588317,-14.2151283,18.6 -39.0588317,-14.2151283,18.8 -39.0588317,-14.2151283,17.9 -39.0588317,-14.2151283,17.4 -39.0588317,-14.2151283,17.9 -39.0587617,-14.2151367,18.3 -39.0587133,-14.215125,18.2 -39.0586633,-14.2151,17.4 -39.058725,-14.2151067,16.5 -39.0588167,-14.2151217,14.5 -39.05889,-14.215135,12.9 -39.05895,-14.215145,11.9 -39.0589967,-14.2151483,10.7 -39.0589967,-14.2151483,11.6 -39.0589967,-14.2151483,13.5 -39.0589967,-14.2151483,13.3 -39.0589967,-14.2151483,12.2 -39.0589967,-14.2151483,12.7 -39.0589517,-14.2151233,14.6 -39.0589083,-14.2151033,14.5 -39.0588833,-14.2150633,14.0 -39.0588383,-14.2150533,14.9 -39.0588383,-14.2150533,15.6 -39.0588383,-14.2150533,15.4 -39.0588383,-14.2150533,11.2 -39.0588383,-14.2150533,8.6 -39.0588383,-14.2150533,6.8 -39.0588383,-14.2150533,7.8 -39.0588383,-14.2150533,5.3 -39.0589517,-14.21508,5.3 -39.05898,-14.2150983,1.3 -39.05898,-14.2150983,-0.2 -39.05898,-14.2150983,-2.2 -39.05898,-14.2150983,-3.7 -39.05898,-14.2150983,-4.1 -39.0589967,-14.2151117,-4.4 -39.0590917,-14.215085,-7.0 -39.05913,-14.2150667,-10.1 -39.05908,-14.2150817,-9.8 -39.0590317,-14.2150867,-8.4 -39.0589883,-14.2150883,-6.5 -39.0589433,-14.2150917,-4.0 -39.0589133,-14.2150917,0.5 -39.0589133,-14.2150917,5.3 -39.0589133,-14.2150917,5.0 -39.0589133,-14.2150917,5.3 -39.0589133,-14.2150917,5.4 -39.0589133,-14.2150917,6.1 -39.0589133,-14.2150917,6.1 -39.0589133,-14.2150917,5.4 -39.0589133,-14.2150917,5.4 -39.0589133,-14.2150917,6.4 -39.0588617,-14.2150017,6.2 -39.05884,-14.21496,6.3 -39.058875,-14.21493,5.9 -39.058945,-14.2149217,3.6 -39.059015,-14.2149233,1.1 -39.0591,-14.2149167,1.0 -39.0591733,-14.2149233,2.0 -39.05925,-14.214935,2.2 -39.0593383,-14.214955,2.3 -39.059455,-14.2149767,2.0 -39.0595767,-14.2149933,2.1 -39.0597067,-14.2150217,-5.4 -39.0598267,-14.2150383,-1.9 -39.059975,-14.2150267,-6.7 -39.0600967,-14.2150417,-10.3 -39.0602183,-14.215055,-10.0 -39.0603417,-14.2150867,-11.6 -39.0604583,-14.2151183,-9.1 -39.060575,-14.215125,-8.1 -39.0606983,-14.2151617,-8.5 -39.0608383,-14.2152083,-8.6 -39.0609733,-14.2152533,-8.5 -39.061105,-14.215305,-8.6 -39.061275,-14.2153467,-9.0 -39.06146,-14.215415,-9.4 -39.0616433,-14.2154467,-9.3 -39.0618067,-14.215495,-9.0 -39.0619817,-14.21555,-9.1 -39.062145,-14.2155917,-9.0 -39.0622783,-14.2156583,-8.9 -39.0623883,-14.2157117,-8.1 -39.0624617,-14.2158233,-15.7 -39.0625383,-14.215855,4.8 -39.0626733,-14.2158967,4.0 -39.06281,-14.2159617,3.7 -39.0629367,-14.21603,0.6 -39.063075,-14.2160983,0.2 -39.063245,-14.216125,0.0 -39.0633867,-14.2161767,-0.3 -39.0635417,-14.2162267,-0.6 -39.0637,-14.21628,-0.9 -39.0638567,-14.21632,-1.3 -39.0639783,-14.2163767,-1.7 -39.0640917,-14.2164533,-1.5 -39.0641983,-14.2165133,-1.5 -39.064285,-14.2165583,-1.3 -39.0644033,-14.2165917,-1.0 -39.06451,-14.216625,-0.2 -39.0646833,-14.216625,5.7 -39.0648083,-14.2166567,5.1 -39.0648917,-14.21673,-5.8 -39.065035,-14.21679,-9.4 -39.0651717,-14.21682,1.7 -39.06527,-14.21684,7.0 -39.0653583,-14.21687,10.2 -39.0654417,-14.2169067,11.9 -39.0655433,-14.2169117,12.9 -39.065605,-14.21692,18.8 -39.0656583,-14.21695,17.2 -39.0657083,-14.21699,17.1 -39.065775,-14.2170183,17.3 -39.0658583,-14.2170417,16.7 -39.0659433,-14.2170717,16.0 -39.066035,-14.2171083,15.4 -39.066155,-14.2171317,13.0 -39.0662567,-14.2171583,11.4 -39.066365,-14.2172033,13.2 -39.0664533,-14.217245,14.2 -39.0665533,-14.2172717,15.6 -39.0666733,-14.2172683,19.2 -39.06678,-14.217295,19.6 -39.06687,-14.21732,21.1 -39.0669583,-14.2173517,21.3 -39.0670633,-14.2173833,21.2 -39.06717,-14.2174067,20.9 -39.067275,-14.2174217,20.8 -39.0673783,-14.217455,20.2 -39.067515,-14.217455,17.1 -39.0676217,-14.217475,18.1 -39.0677233,-14.2174917,17.8 -39.0678217,-14.2175,17.5 -39.0679317,-14.2174667,15.4 -39.0680267,-14.2174667,15.4 -39.0681283,-14.2174733,15.3 -39.0682467,-14.2174717,15.0 -39.068355,-14.2175,14.9 -39.06848,-14.2174867,14.9 -39.0686167,-14.217465,14.9 -39.0691017,-14.21773,16.4 -39.06921,-14.21781,15.1 -39.0693117,-14.2179017,16.0 -39.0694233,-14.2179817,19.5 -39.0694883,-14.21807,38.6 -39.0695633,-14.2181483,40.0 -39.06963,-14.218225,39.5 -39.0696767,-14.21828,45.0 -39.0697083,-14.2183033,50.7 -39.0698383,-14.2183017,50.1 -39.0699867,-14.218305,50.0 -39.0701433,-14.2183383,49.4 -39.0703533,-14.2183533,40.6 -39.0705183,-14.2183633,38.6 -39.0706317,-14.21842,32.4 -39.0707283,-14.2184917,26.0 -39.0707967,-14.2185933,23.0 -39.07091,-14.21867,21.6 -39.07096,-14.2187733,17.4 -39.07103,-14.2188433,16.2 -39.0711267,-14.21889,16.1 -39.0712283,-14.2189183,16.0 -39.07136,-14.2189567,15.6 -39.0715083,-14.2190067,15.2 -39.071715,-14.2190333,22.2 -39.0718583,-14.21909,21.5 -39.0720283,-14.2191533,22.7 -39.0721817,-14.2192017,34.0 -39.0723033,-14.2192633,39.3 -39.0724267,-14.219325,41.8 -39.0725267,-14.21938,43.7 -39.072655,-14.2194,47.3 -39.0727717,-14.2194517,46.7 -39.0728983,-14.21951,46.6 -39.0729983,-14.2195833,40.5 -39.073115,-14.219635,35.6 -39.07324,-14.2196917,23.5 -39.0733717,-14.21975,30.5 -39.07355,-14.2197883,34.6 -39.0736767,-14.21981,34.9 -39.0737583,-14.2198367,36.3 -39.0738133,-14.2199017,43.8 -39.0738917,-14.2199367,45.5 -39.0739867,-14.2199467,44.9 -39.0740683,-14.2199933,46.0 -39.07415,-14.2200267,41.4 -39.0742467,-14.220075,39.0 -39.0743717,-14.2201083,43.4 -39.07452,-14.22016,30.8 -39.0746417,-14.2202183,25.2 -39.0747467,-14.2202617,25.4 -39.0748667,-14.220315,26.6 -39.0749933,-14.2203633,27.0 -39.0751,-14.2204433,30.1 -39.0752283,-14.2205317,31.6 -39.0753533,-14.2206267,30.5 -39.0754667,-14.2207333,29.2 -39.07561,-14.2208083,24.9 -39.0757417,-14.2208783,21.6 -39.07587,-14.2209083,21.4 -39.0759533,-14.2209833,23.2 -39.076035,-14.22109,24.7 -39.0761417,-14.2211867,26.1 -39.0762383,-14.221295,27.2 -39.07635,-14.2213833,27.3 -39.07645,-14.2214683,27.1 -39.0765383,-14.2215733,28.1 -39.076645,-14.2216617,29.8 -39.0767817,-14.22174,24.5 -39.0769183,-14.2218417,37.8 -39.07707,-14.2219417,37.3 -39.077215,-14.2220183,36.6 -39.07734,-14.2220767,38.0 -39.0774483,-14.2221667,36.8 -39.0775833,-14.2222617,37.1 -39.0777333,-14.2223367,37.6 -39.0778683,-14.2223917,35.9 -39.0780133,-14.2224467,37.5 -39.0781667,-14.222475,36.8 -39.0783533,-14.2225,33.6 -39.0785333,-14.22251,20.5 -39.0787033,-14.2224867,12.4 -39.078875,-14.22244,11.0 -39.079055,-14.2223467,9.5 -39.07921,-14.222265,9.9 -39.0793717,-14.2221867,9.3 -39.07954,-14.2220817,8.1 -39.0797333,-14.221985,5.3 -39.07987,-14.2218867,8.5 -39.0799767,-14.221815,2.7 -39.08011,-14.2217417,2.1 -39.0802617,-14.2216683,8.0 -39.0804067,-14.2216083,7.0 -39.080535,-14.221535,12.9 -39.0806517,-14.2214717,14.7 -39.080745,-14.2214167,10.1 -39.080855,-14.2213583,9.1 -39.0809783,-14.2212983,8.1 -39.0811133,-14.221255,7.5 -39.0812683,-14.221205,7.0 -39.0814083,-14.2211667,6.6 -39.0815217,-14.2210983,6.2 -39.081605,-14.2210417,5.5 -39.0816567,-14.2209933,6.4 -39.0817183,-14.2209583,6.5 -39.08174,-14.22097,15.2 -39.08174,-14.22097,16.6 -39.08174,-14.22097,25.4 -39.08174,-14.22097,27.5 -39.08174,-14.22097,29.3 -39.081755,-14.2209267,28.9 -39.0817867,-14.22089,29.4 -39.0818367,-14.2208783,31.3 -39.08186,-14.2208767,33.6 -39.08186,-14.2208767,33.6 -39.08186,-14.2208767,33.6 -39.08188,-14.22089,35.5 -39.0819167,-14.2208833,36.0 -39.08192,-14.2208567,31.9 -39.08192,-14.2208567,30.1 -39.08192,-14.2208567,30.2 -39.08192,-14.2208567,30.2 -39.08192,-14.2208567,30.2 -39.08192,-14.2208567,30.2 -39.08192,-14.2208567,32.6 -39.08192,-14.2208567,32.8 -39.08192,-14.2208567,32.8 -39.08192,-14.2208567,32.8 -39.08192,-14.2208567,34.1 -39.08192,-14.2208567,34.2 -39.08192,-14.2208567,34.2 -39.08192,-14.2208567,34.2 -39.08192,-14.2208567,34.2 -39.08192,-14.2208567,34.2 -39.08192,-14.2208567,34.2 -39.08192,-14.2208567,34.2 -39.08192,-14.2208567,34.2 -39.08192,-14.2208567,34.2 -39.08192,-14.2208567,34.2 -39.08192,-14.2208567,34.2 -39.08192,-14.2208567,34.2 -39.08192,-14.2208567,34.2 -39.08192,-14.2208567,34.2 -39.08192,-14.2208567,34.2 -39.08192,-14.2208567,34.2 -39.08192,-14.2208567,34.2 -39.08192,-14.2208567,34.2 -39.08192,-14.2208567,34.2 -39.08192,-14.2208567,34.2 -39.08192,-14.2208567,34.2 -39.08192,-14.2208567,31.6 -39.08192,-14.2208567,30.4 -39.08192,-14.2208567,30.4 -39.08192,-14.2208567,30.4 -39.08192,-14.2208567,30.4 -39.08192,-14.2208567,30.4 -39.08192,-14.2208567,30.4 -39.08192,-14.2208567,30.4 -39.08192,-14.2208567,30.4 -39.08192,-14.2208567,30.4 -39.08192,-14.2208567,30.4 -39.08192,-14.2208567,30.4 -39.08192,-14.2208567,30.4 -39.08192,-14.2208567,30.4 -39.08192,-14.2208567,30.4 -39.08192,-14.2208567,30.4 -39.08192,-14.2208567,30.4 -39.08192,-14.2208567,30.4 -39.08192,-14.2208567,30.4 -39.08192,-14.2208567,30.4 -39.08192,-14.2208567,30.4 -39.08192,-14.2208567,30.4 -39.08192,-14.2208567,30.4 -39.08192,-14.2208567,30.4 -39.08192,-14.2208567,30.4 -39.08192,-14.2208567,30.4 -39.08192,-14.2208567,30.4 -39.08192,-14.2208567,30.4 -39.08192,-14.2208567,30.4 -39.08192,-14.2208567,30.4 -39.08192,-14.2208567,30.4 -39.08192,-14.2208567,30.4 -39.08192,-14.2208567,33.3 -39.08192,-14.2208567,33.3 -39.08192,-14.2208567,33.3 -39.08192,-14.2208567,33.3 -39.08192,-14.2208567,33.3 -39.08192,-14.2208567,33.3 -39.08192,-14.2208567,33.3 -39.08192,-14.2208567,33.3 -39.08192,-14.2208567,33.3 -39.08192,-14.2208567,33.3 -39.08192,-14.2208567,33.3 -39.08192,-14.2208567,33.3 -39.08192,-14.2208567,33.3 -39.08192,-14.2208567,33.3 -39.08192,-14.2208567,33.3 -39.08192,-14.2208567,35.0 -39.08192,-14.2208567,35.0 -39.08192,-14.2208567,35.0 -39.08192,-14.2208567,35.0 -39.08192,-14.2208567,35.0 -39.08192,-14.2208567,31.7 -39.08192,-14.2208567,31.7 -39.08192,-14.2208567,31.7 -39.08192,-14.2208567,31.7 -39.08192,-14.2208567,31.7 -39.08192,-14.2208567,31.7 -39.08192,-14.2208567,31.7 -39.08192,-14.2208567,31.7 -39.08192,-14.2208567,31.7 -39.08192,-14.2208567,31.7 -39.08192,-14.2208567,32.9 -39.08192,-14.2208567,35.0 -39.08197,-14.22085,36.7 -39.0820183,-14.2208567,38.8 -39.082065,-14.220835,38.2 -39.0821117,-14.2208167,38.8 -39.08214,-14.22078,39.6 -39.0821833,-14.2207767,41.8 -39.082195,-14.22073,43.1 -39.08222,-14.2206867,42.5 -39.0822417,-14.220645,42.8 -39.0822683,-14.2206083,43.4 -39.0822583,-14.22057,43.2 -39.0822667,-14.2205183,44.3 -39.0822717,-14.2204717,45.6 -39.082285,-14.2204283,46.1 -39.0823083,-14.2203833,46.0 -39.08233,-14.2203367,46.3 -39.0823617,-14.2202933,45.5 -39.0823917,-14.2202533,45.3 -39.08243,-14.2202183,45.1 -39.082455,-14.220175,43.8 -39.0824867,-14.22014,43.0 -39.08251,-14.22014,41.6 -39.0825117,-14.22009,42.1 -39.0825567,-14.2200667,42.8 -39.0826017,-14.2200483,43.9 -39.0826417,-14.22002,43.4 -39.082685,-14.2199983,42.1 -39.0827233,-14.21997,40.7 -39.082765,-14.21994,40.1 -39.0828133,-14.2199267,40.4 -39.082855,-14.219895,40.2 -39.0828883,-14.2198583,39.8 -39.0829233,-14.2198217,38.9 -39.082965,-14.2197883,39.4 -39.0830083,-14.2197683,39.5 -39.08302,-14.2197833,41.5 -39.0830383,-14.2197833,43.0 -39.0830383,-14.2197833,42.9 -39.0830383,-14.2197833,41.0 -39.0830383,-14.2197833,41.4 -39.0830483,-14.2197283,42.3 -39.083085,-14.2196933,42.8 -39.0831233,-14.2196567,41.2 -39.08315,-14.2196167,42.2 -39.0831717,-14.2195717,42.6 -39.0831983,-14.2195333,42.7 -39.0832017,-14.2194833,40.9 -39.0832233,-14.2194417,38.3 -39.08325,-14.219405,35.5 -39.0832933,-14.2193783,33.9 -39.08333,-14.21935,33.2 -39.08337,-14.2193267,34.1 -39.0834133,-14.2193133,32.6 -39.0834633,-14.21929,32.8 -39.083505,-14.219265,32.9 -39.083545,-14.2192383,33.4 -39.0835883,-14.21922,33.2 -39.0836267,-14.219195,32.6 -39.0836683,-14.219175,30.7 -39.083715,-14.2191517,30.9 -39.083765,-14.219135,31.8 -39.0837983,-14.21911,33.9 -39.08385,-14.2190933,34.5 -39.083895,-14.2190767,34.4 -39.0839433,-14.219055,34.3 -39.083995,-14.2190433,34.5 -39.0840467,-14.2190283,33.2 -39.0840933,-14.2190267,33.3 -39.0841433,-14.2190117,34.6 -39.08419,-14.2190033,35.1 -39.0842383,-14.2189967,36.3 -39.0842867,-14.2189833,36.6 -39.0843417,-14.218975,36.0 -39.0843883,-14.2189567,35.6 -39.0844167,-14.218915,37.4 -39.084455,-14.2188867,37.2 -39.0845017,-14.2188667,36.0 -39.084555,-14.218855,36.8 -39.0846033,-14.21885,36.0 -39.0846517,-14.2188417,35.1 -39.0846983,-14.2188183,36.4 -39.0847467,-14.2188233,34.7 -39.0847933,-14.2188067,34.9 -39.08484,-14.2187983,32.3 -39.0848567,-14.2187917,32.2 -39.0848917,-14.218785,33.3 -39.0849433,-14.218785,34.5 -39.08499,-14.2187683,33.7 -39.085045,-14.2187617,33.3 -39.0850967,-14.2187433,33.7 -39.0851383,-14.2187183,34.7 -39.085185,-14.21871,33.8 -39.0852217,-14.2186833,32.5 -39.0852233,-14.218685,32.4 -39.0852233,-14.218685,32.4 -39.0852233,-14.218685,32.4 -39.0852233,-14.218685,32.4 -39.0852233,-14.218685,32.4 -39.0852233,-14.218685,32.4 -39.0852233,-14.218685,32.4 -39.0852233,-14.218685,32.4 -39.0852233,-14.218685,32.4 -39.0852233,-14.218685,32.4 -39.0852233,-14.218685,32.4 -39.0852233,-14.218685,32.4 -39.0852233,-14.218685,32.4 -39.0852233,-14.218685,32.4 -39.0852233,-14.218685,32.4 -39.0852233,-14.218685,32.4 -39.0852233,-14.218685,32.4 -39.0852233,-14.218685,32.4 -39.0852233,-14.218685,32.4 -39.0852233,-14.218685,32.4 -39.0852233,-14.218685,32.4 -39.0852233,-14.218685,32.4 -39.0852233,-14.218685,32.4 -39.0852233,-14.218685,32.4 -39.0852233,-14.218685,32.4 -39.0852233,-14.218685,32.4 -39.0852233,-14.218685,32.4 -39.0852783,-14.21869,34.2 -39.0853267,-14.2187017,34.2 -39.0853783,-14.218695,33.7 -39.0854283,-14.2186833,32.6 -39.0854817,-14.2186933,31.4 -39.0855283,-14.2187117,29.3 -39.08556,-14.2187467,29.7 -39.08558,-14.21879,30.6 -39.0856,-14.2188317,31.6 -39.0856083,-14.2188383,34.1 -39.0856083,-14.2188383,34.1 -39.0856083,-14.2188383,34.1 -39.0856083,-14.2188383,34.1 -39.0856083,-14.2188383,34.1 -39.085635,-14.21884,32.4 -39.085635,-14.21884,32.4 -39.085635,-14.21884,32.4 -39.085635,-14.21884,32.4 -39.085635,-14.21884,32.4 -39.085635,-14.21884,32.4 -39.085635,-14.21884,35.9 -39.085635,-14.21884,36.1 -39.085635,-14.21884,36.1 -39.085635,-14.21884,36.1 -39.085635,-14.21884,36.1 -39.085635,-14.21884,36.1 -39.085635,-14.21884,36.1 -39.085635,-14.21884,32.5 -39.085635,-14.21884,31.9 -39.085635,-14.21884,31.9 -39.085635,-14.21884,31.9 -39.085635,-14.21884,31.9 -39.085635,-14.21884,31.9 -39.085635,-14.21884,31.9 -39.085635,-14.21884,31.9 -39.085635,-14.21884,31.9 -39.085635,-14.21884,31.9 -39.085635,-14.21884,31.9 -39.085635,-14.21884,31.9 -39.085635,-14.21884,31.9 -39.085635,-14.21884,31.9 -39.085635,-14.21884,31.9 -39.085635,-14.21884,31.9 -39.085635,-14.21884,31.9 -39.085635,-14.21884,31.4 -39.085635,-14.21884,31.4 -39.085635,-14.21884,31.4 -39.085635,-14.21884,31.4 -39.085635,-14.21884,31.4 -39.085635,-14.21884,31.4 -39.085635,-14.21884,31.4 -39.085635,-14.21884,31.4 -39.085635,-14.21884,31.4 -39.085635,-14.21884,31.4 -39.085635,-14.21884,31.4 -39.085635,-14.21884,31.4 -39.085635,-14.21884,31.4 -39.085635,-14.21884,31.4 -39.085635,-14.21884,31.4 -39.085635,-14.21884,31.4 -39.085635,-14.21884,31.4 -39.085635,-14.21884,31.4 -39.085635,-14.21884,31.4 -39.085635,-14.21884,31.4 -39.085635,-14.21884,31.4 -39.085635,-14.21884,31.4 -39.085635,-14.21884,31.4 -39.085635,-14.21884,31.4 -39.085635,-14.21884,31.4 -39.085635,-14.21884,31.4 -39.085635,-14.21884,31.4 -39.085635,-14.21884,31.4 -39.085635,-14.21884,31.4 -39.085635,-14.21884,31.4 -39.085635,-14.21884,31.4 -39.085635,-14.21884,31.4 -39.085635,-14.21884,31.4 -39.085635,-14.21884,31.4 -39.085635,-14.21884,31.4 -39.085635,-14.21884,31.4 -39.085635,-14.21884,31.4 -39.085635,-14.21884,31.4 -39.085635,-14.21884,31.4 -39.085635,-14.21884,31.4 -39.085635,-14.21884,31.4 -39.085635,-14.21884,31.4 -39.085635,-14.21884,31.4 -39.085635,-14.21884,30.8 -39.085635,-14.21884,30.8 -39.085635,-14.21884,30.8 -39.085635,-14.21884,30.8 -39.085635,-14.21884,30.8 -39.085635,-14.21884,30.8 -39.085635,-14.21884,30.8 -39.085635,-14.21884,30.8 -39.085635,-14.21884,30.8 -39.085635,-14.21884,30.8 -39.085635,-14.21884,30.8 -39.085635,-14.21884,30.8 -39.085635,-14.21884,30.8 -39.085635,-14.21884,30.8 -39.085635,-14.21884,31.3 -39.085635,-14.21884,31.3 -39.085635,-14.21884,31.3 -39.085635,-14.21884,31.3 -39.085635,-14.21884,31.3 -39.085635,-14.21884,31.3 -39.085635,-14.21884,31.3 -39.085635,-14.21884,31.3 -39.085635,-14.21884,31.3 -39.085635,-14.21884,31.3 -39.085635,-14.21884,31.3 -39.085635,-14.21884,31.3 -39.085635,-14.21884,31.3 -39.085635,-14.21884,31.3 -39.085635,-14.21884,31.3 -39.085635,-14.21884,31.3 -39.085635,-14.21884,31.3 -39.085635,-14.21884,31.3 -39.085635,-14.21884,31.3 -39.085635,-14.21884,31.3 -39.0855917,-14.2188233,31.1 -39.0855367,-14.2188267,32.3 -39.0854983,-14.2188317,32.7 -39.0854667,-14.2188033,32.7 -39.0854717,-14.2188267,32.8 -39.0855283,-14.218825,33.1 -39.0855833,-14.2188267,32.4 -39.085615,-14.2188383,31.3 -39.085615,-14.2188383,31.3 -39.085605,-14.218825,30.8 -39.085605,-14.218825,30.8 -39.085605,-14.218825,30.8 -39.085605,-14.218825,30.8 -39.085555,-14.2188183,30.4 -39.0855117,-14.21884,32.4 -39.0854867,-14.2188433,34.4 -39.0854817,-14.2188517,34.8 -39.0854817,-14.2188517,34.8 -39.0854567,-14.2188633,30.8 -39.0854483,-14.2188633,32.0 -39.0854367,-14.2188667,31.5 -39.0854367,-14.2188667,31.5 -39.0854367,-14.2188667,33.8 -39.0854367,-14.2188667,33.9 -39.0854367,-14.2188667,30.2 -39.0854367,-14.2188667,29.7 -39.0854367,-14.2188667,29.7 -39.0854367,-14.2188667,29.7 -39.0854367,-14.2188667,29.7 -39.0854367,-14.2188667,33.2 -39.0854367,-14.2188667,33.2 -39.0854367,-14.2188667,33.2 -39.0854367,-14.2188667,31.1 -39.0854367,-14.2188667,30.4 -39.0854367,-14.2188667,30.4 -39.0854367,-14.2188667,30.4 -39.0854367,-14.2188667,30.4 -39.0854367,-14.2188667,30.4 -39.0854367,-14.2188667,31.1 -39.0854367,-14.2188667,31.2 -39.0854367,-14.2188667,31.2 -39.0854367,-14.2188667,28.6 -39.0854367,-14.2188667,28.2 -39.0854367,-14.2188667,30.6 -39.0854367,-14.2188667,33.4 -39.0854367,-14.2188667,33.4 -39.0854367,-14.2188667,33.4 -39.0854367,-14.2188667,32.0 -39.0854367,-14.2188667,32.0 -39.0854367,-14.2188667,34.2 -39.0854367,-14.2188667,34.2 -39.0854367,-14.2188667,34.2 -39.0854367,-14.2188667,34.2 -39.0854367,-14.2188667,34.2 -39.0854367,-14.2188667,34.2 -39.0854367,-14.2188667,34.2 -39.0854367,-14.2188667,34.2 -39.0854367,-14.2188667,34.2 -39.0854367,-14.2188667,34.2 -39.0854367,-14.2188667,34.2 -39.0854367,-14.2188667,34.2 -39.0854367,-14.2188667,34.2 -39.0854367,-14.2188667,34.2 -39.0854367,-14.2188667,34.2 -39.0854367,-14.2188667,34.2 -39.0854367,-14.2188667,34.2 -39.0854367,-14.2188667,29.5 -39.0854367,-14.2188667,29.6 -39.0854367,-14.2188667,29.6 -39.0854367,-14.2188667,29.6 -39.0854367,-14.2188667,29.6 -39.0854367,-14.2188667,29.6 -39.0854367,-14.2188667,29.6 -39.0854367,-14.2188667,29.6 -39.0854367,-14.2188667,29.6 -39.0854367,-14.2188667,33.4 -39.0854367,-14.2188667,33.4 -39.0854367,-14.2188667,33.4 -39.0854367,-14.2188667,33.4 -39.0854367,-14.2188667,33.4 -39.0854367,-14.2188667,33.4 -39.0854367,-14.2188667,33.4 -39.0854367,-14.2188667,33.4 -39.0854367,-14.2188667,33.4 -39.0854367,-14.2188667,33.4 -39.0854367,-14.2188667,33.4 -39.0854367,-14.2188667,33.4 -39.0854367,-14.2188667,33.4 -39.0854367,-14.2188667,33.4 -39.0854367,-14.2188667,36.5 -39.0854367,-14.2188667,36.3 -39.0854367,-14.2188667,36.3 -39.0854367,-14.2188667,36.3 -39.0854367,-14.2188667,29.4 -39.0854367,-14.2188667,30.6 -39.0854367,-14.2188667,30.6 -39.0854367,-14.2188667,30.6 -39.0854367,-14.2188667,30.6 -39.0854367,-14.2188667,30.6 -39.0854367,-14.2188667,30.6 -39.0854367,-14.2188667,30.6 -39.0854367,-14.2188667,32.2 -39.0853883,-14.2187983,32.3 -39.085425,-14.2187667,31.7 -39.085475,-14.21878,31.8 -39.0855233,-14.2187867,31.4 -39.08557,-14.2187833,30.7 -39.0856167,-14.21877,28.7 -39.0856667,-14.2187683,29.5 -39.0857183,-14.2187667,29.1 -39.0857683,-14.2187733,29.4 -39.0858183,-14.2187867,29.2 -39.0858667,-14.2188067,28.5 -39.0859083,-14.218825,27.3 -39.0859083,-14.218825,27.3 -39.0859083,-14.218825,27.3 -39.0859083,-14.218825,27.3 -39.0859,-14.2188433,27.0 -39.0858867,-14.21884,28.5 -39.0858367,-14.2188467,28.0 -39.08579,-14.21886,27.9 -39.085745,-14.218875,26.8 -39.0856783,-14.2188967,27.1 -39.0855983,-14.218915,27.4 -39.0855117,-14.21893,27.8 -39.0854117,-14.2189367,29.3 -39.0853033,-14.2189417,28.6 -39.0851933,-14.218945,27.3 -39.0850733,-14.2189467,27.3 -39.0849483,-14.2189533,27.5 -39.0848283,-14.21896,28.1 -39.0847117,-14.2189667,28.8 -39.0845933,-14.2189683,31.0 -39.0844683,-14.21897,32.2 -39.0843217,-14.2189833,32.4 -39.0841683,-14.2190033,31.6 -39.0840267,-14.2190383,30.9 -39.0838767,-14.2190867,31.4 -39.0837317,-14.219165,31.2 -39.083605,-14.219245,30.8 -39.0834933,-14.219325,30.9 -39.08337,-14.2193983,31.5 -39.0832567,-14.2194567,30.7 -39.0831417,-14.21951,30.3 -39.0830233,-14.21958,30.4 -39.0828967,-14.219645,30.0 -39.0827733,-14.2197317,29.7 -39.082645,-14.2198,30.4 -39.082525,-14.2198867,32.1 -39.0824083,-14.2199917,34.9 -39.082295,-14.2200983,35.6 -39.082215,-14.2202117,36.6 -39.0821617,-14.2202983,36.6 -39.0821217,-14.220355,37.0 -39.0820917,-14.220405,34.5 -39.0820533,-14.2204817,33.2 -39.0820117,-14.2205733,32.7 -39.0819633,-14.2206567,32.2 -39.0819283,-14.2207067,32.4 -39.0818883,-14.2207683,32.8 -39.0818567,-14.2208333,31.7 -39.081815,-14.2209033,31.0 -39.08176,-14.2209617,30.8 -39.0816833,-14.22102,31.2 -39.081585,-14.221085,32.8 -39.0814817,-14.221145,31.9 -39.0813617,-14.2212167,32.3 -39.0812517,-14.2212783,29.8 -39.0811183,-14.2213517,29.6 -39.08097,-14.2214183,30.5 -39.0808083,-14.2214833,29.8 -39.0806667,-14.221535,27.9 -39.0805217,-14.22159,28.7 -39.0803917,-14.2216467,29.4 -39.0802767,-14.221705,29.5 -39.08016,-14.2217867,29.4 -39.0800383,-14.2218433,27.9 -39.07994,-14.221905,26.2 -39.079825,-14.2219717,28.5 -39.0796983,-14.2220467,30.5 -39.0795833,-14.22211,32.0 -39.0794717,-14.2221617,32.1 -39.0793733,-14.2222033,30.4 -39.0792733,-14.2222517,29.7 -39.0791733,-14.2222917,30.8 -39.07906,-14.222335,30.9 -39.0789383,-14.2223833,31.3 -39.0788217,-14.222435,30.9 -39.0786983,-14.222485,30.5 -39.07855,-14.2225117,29.7 -39.0784,-14.2225167,28.1 -39.0782433,-14.222485,28.4 -39.0781,-14.222455,29.8 -39.0779517,-14.2224133,31.6 -39.0778083,-14.2223683,35.3 -39.0776433,-14.2223167,37.2 -39.0774867,-14.2222583,37.1 -39.0773517,-14.2221917,38.1 -39.0772133,-14.2221333,38.4 -39.0770833,-14.2220517,37.4 -39.0769683,-14.221955,37.5 -39.07685,-14.2218733,37.7 -39.0767367,-14.2217733,37.5 -39.07666,-14.22169,38.2 -39.076565,-14.2215867,41.2 -39.07649,-14.2215183,41.1 -39.0764017,-14.2214817,41.3 -39.076325,-14.2214283,39.7 -39.0762733,-14.221375,38.5 -39.0761617,-14.2212883,33.0 -39.07603,-14.2211733,29.8 -39.0759117,-14.2210783,28.1 -39.0757833,-14.2209667,25.9 -39.07566,-14.2208883,24.9 -39.0755633,-14.2208283,24.1 -39.0754733,-14.2207617,22.8 -39.0753867,-14.2206667,23.0 -39.075275,-14.2206,29.4 -39.0751633,-14.220525,33.7 -39.07505,-14.2204583,35.5 -39.074945,-14.220395,34.5 -39.0748617,-14.22033,35.8 -39.074765,-14.22028,37.9 -39.074645,-14.2202167,36.6 -39.0745083,-14.22016,37.8 -39.0743867,-14.2201,37.8 -39.0742483,-14.2200517,37.7 -39.07414,-14.22002,37.1 -39.0740167,-14.21999,36.3 -39.07388,-14.2199517,36.1 -39.0737733,-14.2199133,34.9 -39.0737,-14.2198583,37.4 -39.073605,-14.21981,39.2 -39.0735083,-14.2197617,40.5 -39.0734067,-14.21971,40.5 -39.07329,-14.219665,40.7 -39.0731717,-14.219645,42.7 -39.073035,-14.2196133,43.6 -39.07289,-14.2195583,40.8 -39.0727433,-14.21952,38.6 -39.0726183,-14.2194767,37.9 -39.0725133,-14.2194267,37.5 -39.0724317,-14.2193883,30.2 -39.0723617,-14.2193533,21.7 -39.0722417,-14.2193067,21.9 -39.0721,-14.2192733,25.9 -39.0719683,-14.2192533,30.8 -39.07187,-14.2192317,31.0 -39.071765,-14.2192117,31.3 -39.07164,-14.21918,31.4 -39.07151,-14.2191217,36.6 -39.0713583,-14.2190733,37.9 -39.07121,-14.2190117,42.6 -39.0710583,-14.2189083,46.5 -39.07095,-14.2188267,48.4 -39.0708733,-14.2187567,48.1 -39.0708033,-14.2186733,46.6 -39.0706983,-14.2185933,46.9 -39.070595,-14.2185,47.3 -39.0704817,-14.2184117,46.9 -39.0703267,-14.2183317,43.0 -39.0701483,-14.21833,35.4 -39.06999,-14.2183117,35.7 -39.06983,-14.2182783,37.9 -39.0697083,-14.2182567,36.7 -39.0696033,-14.218265,33.9 -39.06952,-14.21825,29.9 -39.069425,-14.2181667,29.2 -39.0693217,-14.2180617,33.3 -39.06924,-14.2179567,35.9 -39.069145,-14.2178717,30.8 -39.0690667,-14.2177883,29.7 -39.068965,-14.21771,28.8 -39.068875,-14.2176383,28.7 -39.0688067,-14.2176067,20.7 -39.0687267,-14.21757,21.1 -39.068615,-14.2175267,17.8 -39.0684717,-14.2175067,12.8 -39.0683183,-14.2174617,7.7 -39.0681383,-14.2174367,6.5 -39.0679717,-14.21741,5.3 -39.0677983,-14.2174517,4.5 -39.067635,-14.2174833,4.1 -39.067485,-14.2175033,4.6 -39.0673533,-14.2174733,7.2 -39.067225,-14.2174617,9.3 -39.0671117,-14.2174367,12.0 -39.0669617,-14.217385,15.3 -39.0668433,-14.21736,16.4 -39.0667183,-14.21734,17.1 -39.0666067,-14.217345,20.9 -39.0665067,-14.21732,21.2 -39.066395,-14.2172733,21.8 -39.0663083,-14.21724,22.7 -39.0662033,-14.2172,23.1 -39.0660833,-14.2171533,23.5 -39.0659583,-14.2171133,23.3 -39.0658483,-14.2170833,19.9 -39.0657367,-14.2170367,19.3 -39.0656317,-14.2169817,20.1 -39.06553,-14.216945,20.6 -39.0654467,-14.216915,18.1 -39.0653533,-14.2168883,17.5 -39.0652433,-14.2168583,16.9 -39.06512,-14.21683,16.3 -39.0650067,-14.216805,15.4 -39.0648817,-14.2167733,14.4 -39.0647517,-14.21673,14.2 -39.064625,-14.2166883,15.2 -39.064505,-14.216645,15.8 -39.0644067,-14.2166033,14.0 -39.0642933,-14.2165617,13.6 -39.0641583,-14.2165117,12.6 -39.064015,-14.2164717,12.3 -39.063895,-14.2164317,12.9 -39.0637683,-14.216395,13.8 -39.0636167,-14.21635,13.1 -39.0634583,-14.216295,13.2 -39.0632983,-14.2162417,11.8 -39.0631483,-14.2162117,11.3 -39.0630383,-14.2161467,12.3 -39.0629667,-14.2161133,10.5 -39.062845,-14.2160867,8.8 -39.062725,-14.2160533,7.6 -39.0626033,-14.216005,6.6 -39.0624883,-14.215945,4.7 -39.0623767,-14.21587,5.2 -39.0622667,-14.2157883,4.9 -39.0621683,-14.21572,3.7 -39.06206,-14.2156533,4.8 -39.0619317,-14.2156,6.0 -39.0618,-14.21555,7.7 -39.0616983,-14.2155267,5.6 -39.0616267,-14.2155,2.0 -39.0615117,-14.2154733,1.1 -39.0613733,-14.21545,2.2 -39.0612117,-14.215415,3.5 -39.0610817,-14.2153767,2.7 -39.060935,-14.2153367,3.4 -39.0607917,-14.215315,6.7 -39.0606317,-14.215275,6.8 -39.0604883,-14.2152517,3.7 -39.06034,-14.2152117,4.1 -39.0601983,-14.2151783,2.0 -39.06004,-14.2151633,-1.6 -39.0598833,-14.21512,1.2 -39.0597367,-14.21508,2.5 -39.0596017,-14.2150483,4.4 -39.0594767,-14.2150167,4.6 -39.05935,-14.214985,4.6 -39.059245,-14.2149583,4.6 -39.0591433,-14.2149333,5.1 -39.059075,-14.2149117,5.1 -39.05902,-14.2149067,3.8 -39.0589533,-14.2149067,4.0 -39.0588967,-14.21491,5.2 -39.0588517,-14.2149217,4.2 -39.0588,-14.2149133,3.4 -39.05875,-14.2148933,3.5 -39.0587,-14.2148683,3.8 -39.05865,-14.2148483,3.9 -39.058605,-14.2148283,3.2 -39.05854,-14.2148183,3.8 -39.0584767,-14.2147983,2.9 -39.058405,-14.21477,1.8 -39.0583333,-14.21473,0.7 -39.0582617,-14.2146933,0.4 -39.05821,-14.214645,0.8 -39.0582133,-14.2145883,1.2 -39.05824,-14.2145533,2.7 -39.058295,-14.214525,4.4 -39.0583333,-14.214485,4.1 -39.0583267,-14.2144583,4.0 -39.0583267,-14.2144583,4.0 -39.0582883,-14.2144917,4.6 -39.0582467,-14.214535,5.0 -39.0582033,-14.214575,4.7 -39.0581517,-14.2145733,3.6 -39.0581,-14.21454,2.8 -39.0580117,-14.2145133,2.5 -39.05792,-14.2144683,3.1 -39.0578367,-14.2143917,2.7 -39.0577567,-14.214305,1.0 -39.05768,-14.2142133,-1.0 -39.0575883,-14.2141117,-0.3 -39.0574917,-14.2139867,0.6 -39.0573933,-14.213855,0.8 -39.05729,-14.2137217,0.8 -39.0571717,-14.2136,1.7 -39.0570783,-14.213515,3.5 -39.0570783,-14.213515,2.1 -39.0570783,-14.213515,2.1 -39.0570333,-14.2135133,2.9 -39.0569917,-14.213475,2.4 -39.05692,-14.213435,1.3 -39.056855,-14.2133817,0.6 -39.05676,-14.2133333,-1.4 -39.0566483,-14.2132917,-1.4 -39.05652,-14.2132617,-2.3 -39.0563733,-14.213235,-2.7 -39.0562333,-14.2131917,-2.8 -39.0560883,-14.2131567,-3.3 -39.05597,-14.213115,-3.8 -39.0558483,-14.2130767,-3.0 -39.05574,-14.2130683,-1.8 -39.05564,-14.2130583,-2.1 -39.0555333,-14.2130317,-1.9 -39.055405,-14.21301,-0.9 -39.055265,-14.212975,-0.2 -39.0551233,-14.2129133,1.9 -39.0549667,-14.212845,2.3 -39.0548383,-14.2127583,2.9 -39.0547167,-14.2126567,2.1 -39.05458,-14.212525,0.3 -39.0544467,-14.2123717,-0.6 -39.0543067,-14.2122233,-2.1 -39.0541683,-14.2120967,-5.2 -39.0540133,-14.211965,-6.4 -39.0538667,-14.2118567,-7.6 -39.0537133,-14.2117517,-6.0 -39.0535267,-14.2116783,-3.5 -39.05336,-14.21162,-2.8 -39.0531983,-14.21157,-1.5 -39.0530283,-14.2115167,-0.3 -39.0528617,-14.2114733,-1.3 -39.0526967,-14.211415,-2.3 -39.05256,-14.2113717,-3.4 -39.0524433,-14.211345,-2.3 -39.0523317,-14.211315,-1.6 -39.0522133,-14.2112933,-1.2 -39.052105,-14.2112517,-0.7 -39.052,-14.2111917,-0.5 -39.0518883,-14.211125,0.1 -39.0517767,-14.2110667,0.8 -39.0516567,-14.2110233,1.9 -39.05154,-14.2109767,2.2 -39.0514233,-14.2109317,1.1 -39.051285,-14.2108767,-0.6 -39.0511367,-14.2108167,-1.4 -39.0509867,-14.21074,-1.0 -39.0508383,-14.21066,-0.9 -39.050705,-14.210585,-1.4 -39.05058,-14.21051,-0.6 -39.05047,-14.210435,0.1 -39.0503567,-14.2103433,0.4 -39.05024,-14.2102717,-0.3 -39.0501217,-14.2102067,-1.1 -39.0499567,-14.2101333,-2.6 -39.0497883,-14.2100533,-3.8 -39.0496017,-14.209985,-4.0 -39.04942,-14.2099317,-3.9 -39.0492433,-14.2098767,-4.7 -39.0490733,-14.20985,-5.6 -39.0489,-14.20985,-4.6 -39.0487317,-14.209845,-3.3 -39.0485633,-14.20983,-0.5 -39.0483983,-14.2098067,2.7 -39.0482483,-14.2097833,5.2 -39.048115,-14.20977,5.8 -39.0479783,-14.2097567,5.6 -39.0478267,-14.2097433,4.2 -39.0476567,-14.2097367,4.4 -39.0474833,-14.20973,3.9 -39.0473083,-14.20972,2.2 -39.04712,-14.2097017,0.6 -39.0469217,-14.2096917,1.3 -39.046705,-14.2096733,-0.6 -39.0464967,-14.2096567,-1.7 -39.0462733,-14.2096533,-1.5 -39.046045,-14.20965,-0.8 -39.0458367,-14.20963,-0.2 -39.04563,-14.2096033,0.1 -39.0454417,-14.209615,1.0 -39.0452617,-14.2096033,1.1 -39.0450783,-14.20959,-0.2 -39.0449217,-14.2095783,-0.3 -39.0447583,-14.2095667,1.6 -39.0445767,-14.2095567,1.5 -39.04438,-14.2095517,1.4 -39.0442,-14.209545,0.3 -39.04403,-14.2095317,-1.0 -39.0438583,-14.2095183,-0.5 -39.0436817,-14.2095,-0.7 -39.043515,-14.2094867,-0.1 -39.0433817,-14.2094767,-2.4 -39.0432167,-14.2094783,-2.1 -39.0430383,-14.2094783,-2.6 -39.042875,-14.2094633,-3.0 -39.0427117,-14.2094267,-3.2 -39.042545,-14.209375,0.9 -39.042395,-14.20933,14.6 -39.0422283,-14.2092917,19.7 -39.042055,-14.2092583,21.7 -39.0418733,-14.20923,20.7 -39.0416817,-14.2091967,13.0 -39.0414933,-14.209175,7.8 -39.0413017,-14.2091517,8.9 -39.041115,-14.2091233,9.4 -39.0409567,-14.2091083,8.9 -39.040835,-14.2090933,8.3 -39.0407317,-14.20908,8.5 -39.0406483,-14.20907,7.9 -39.0405633,-14.2090633,8.0 -39.0404567,-14.209055,4.7 -39.0403683,-14.2090467,1.0 -39.04031,-14.2090383,1.2 -39.040245,-14.2090383,1.6 -39.0401533,-14.20903,2.2 -39.0400583,-14.2090117,1.9 -39.0399833,-14.2089983,2.5 -39.0399267,-14.20899,2.7 -39.0398667,-14.208975,2.3 -39.0398083,-14.2089667,1.9 -39.0397533,-14.20897,2.5 -39.03971,-14.2089883,0.7 -39.0396617,-14.2089633,0.1 -39.0396033,-14.20895,-0.9 -39.03954,-14.20894,-1.6 -39.03947,-14.20893,-2.0 -39.0393867,-14.2089217,-2.7 -39.0393017,-14.2089033,-2.8 -39.0392233,-14.2088667,-1.7 -39.0391417,-14.20883,-0.5 -39.0390733,-14.2087967,0.6 -39.0390167,-14.20877,0.2 -39.0389383,-14.2087317,-0.5 -39.0388467,-14.2086917,-1.7 -39.03875,-14.2086617,-3.1 -39.0386417,-14.2086317,-2.9 -39.0385267,-14.2085917,-3.4 -39.0384217,-14.2085433,-4.4 -39.0383133,-14.2084833,-3.6 -39.038185,-14.208415,-4.5 -39.0380217,-14.2083417,-3.0 -39.0378517,-14.2082617,-1.5 -39.0377067,-14.2081767,-1.2 -39.037585,-14.2081,0.8 -39.0374883,-14.2080467,1.7 -39.0374067,-14.207995,2.8 -39.0373183,-14.20792,2.6 -39.03719,-14.2078133,2.0 -39.0370583,-14.2076917,2.0 -39.0369483,-14.2075717,1.5 -39.0368233,-14.2074517,1.7 -39.0367,-14.2073317,0.9 -39.03658,-14.2072017,0.6 -39.0364583,-14.20708,0.6 -39.0363483,-14.2069617,0.9 -39.0362483,-14.20684,0.9 -39.036155,-14.20671,0.6 -39.0360717,-14.2065867,1.4 -39.0359933,-14.20645,0.7 -39.0359217,-14.206325,0.5 -39.0358533,-14.20622,1.4 -39.0357817,-14.20609,0.0 -39.03572,-14.2059467,-1.2 -39.035665,-14.2058033,-1.3 -39.0356033,-14.2056583,-1.1 -39.035545,-14.2055283,-1.7 -39.0354733,-14.20541,-2.5 -39.0354,-14.2052767,-3.8 -39.035355,-14.205145,-6.1 -39.0353233,-14.2049933,-6.7 -39.0352883,-14.2048683,-6.0 -39.0352383,-14.2047467,-5.8 -39.0351917,-14.2046033,-3.7 -39.0351317,-14.2044533,-1.9 -39.0350667,-14.20429,-0.4 -39.0349917,-14.2041283,-0.3 -39.034935,-14.20399,0.5 -39.0348983,-14.2038883,1.2 -39.03487,-14.20379,2.2 -39.034825,-14.20367,2.7 -39.03478,-14.2035233,3.0 -39.0347183,-14.203375,1.9 -39.0346633,-14.2032283,1.1 -39.0346117,-14.20307,1.1 -39.03456,-14.2029383,1.9 -39.0344933,-14.20282,0.9 -39.0344317,-14.2026817,0.8 -39.0343733,-14.2025283,0.7 -39.0343133,-14.20237,0.2 -39.034265,-14.2022167,0.3 -39.034205,-14.202065,0.4 -39.0341333,-14.201905,0.0 -39.0340683,-14.2017383,-0.4 -39.034,-14.201565,-0.9 -39.03394,-14.20141,-1.2 -39.0338933,-14.201255,-1.6 -39.033855,-14.2011083,-1.5 -39.0337983,-14.2009433,-0.6 -39.03373,-14.2007817,-0.9 -39.0336517,-14.2006083,-0.9 -39.03358,-14.200445,-0.1 -39.0335067,-14.2002817,1.0 -39.0334317,-14.2001133,1.1 -39.0333667,-14.1999367,2.9 -39.03329,-14.1997483,2.4 -39.033215,-14.199575,1.8 -39.033155,-14.1994017,1.2 -39.033095,-14.1992283,-0.7 -39.0330233,-14.19904,0.5 -39.0329517,-14.19885,0.2 -39.0328833,-14.1986617,0.9 -39.03281,-14.1984667,1.4 -39.032745,-14.1982767,1.6 -39.032695,-14.1980867,1.0 -39.0326517,-14.1979333,1.6 -39.0325883,-14.1977683,1.4 -39.0324917,-14.1975783,0.7 -39.0323867,-14.1973617,0.4 -39.0322967,-14.197175,-0.2 -39.0322267,-14.1969867,-0.7 -39.0321483,-14.1968067,-0.9 -39.0320617,-14.1966317,-0.2 -39.0319617,-14.1964517,-0.3 -39.0318567,-14.1962667,-1.8 -39.0317467,-14.1960817,-2.9 -39.0316533,-14.1959083,-2.9 -39.0315767,-14.1957533,-1.3 -39.0315067,-14.195595,1.7 -39.031405,-14.1954417,4.3 -39.0313067,-14.1952883,5.0 -39.0312033,-14.195125,5.1 -39.03112,-14.1949683,1.5 -39.0310267,-14.1947967,-0.7 -39.03094,-14.1946367,0.9 -39.0308783,-14.1945067,3.9 -39.0307983,-14.19439,3.8 -39.0307217,-14.1942517,4.0 -39.0306467,-14.1941,4.0 -39.0305583,-14.1939267,5.1 -39.0304583,-14.1937483,5.6 -39.0303533,-14.1935683,5.4 -39.0302417,-14.1934083,3.9 -39.0301433,-14.1932533,3.7 -39.0300717,-14.1930917,3.3 -39.029995,-14.1929433,3.4 -39.0299183,-14.192785,4.0 -39.0298167,-14.1926283,2.7 -39.0297167,-14.192465,2.2 -39.0296433,-14.1923167,1.0 -39.0295533,-14.1921533,-0.1 -39.0294683,-14.1920083,-1.8 -39.0293833,-14.1918667,0.1 -39.0293,-14.1917367,1.3 -39.029215,-14.1915933,0.5 -39.029125,-14.1914367,-2.2 -39.0290417,-14.1912767,-1.5 -39.028975,-14.1911283,-1.2 -39.028885,-14.1909833,-0.6 -39.0287733,-14.1908217,-0.7 -39.0286933,-14.190665,-1.0 -39.0286083,-14.190505,1.2 -39.0285167,-14.1903383,1.0 -39.02844,-14.1901783,0.6 -39.0283333,-14.1899983,0.3 -39.028225,-14.1898233,-0.5 -39.0281267,-14.1896583,-0.8 -39.0280233,-14.1894917,-0.5 -39.0279267,-14.18933,-0.9 -39.0278367,-14.1891617,-0.6 -39.0277267,-14.1889867,-0.4 -39.027635,-14.1888167,0.8 -39.0275533,-14.1886317,2.1 -39.02746,-14.18846,2.8 -39.0273633,-14.1882917,2.9 -39.02728,-14.1881417,2.9 -39.0272117,-14.1879883,1.7 -39.0271333,-14.187835,0.5 -39.0270533,-14.18769,-0.3 -39.0269817,-14.1875633,0.3 -39.0269317,-14.18746,1.3 -39.02686,-14.1873417,3.1 -39.0267917,-14.1872183,3.1 -39.0267017,-14.1870817,4.4 -39.0265967,-14.1869317,4.9 -39.0265083,-14.1867883,5.9 -39.0264217,-14.18664,5.0 -39.0263417,-14.1864883,2.4 -39.0262717,-14.1863333,2.8 -39.026195,-14.18617,5.0 -39.0261033,-14.1860067,5.4 -39.0260083,-14.185855,4.3 -39.02591,-14.1856967,4.6 -39.0258117,-14.1855167,6.4 -39.0257167,-14.1853433,7.5 -39.02563,-14.1851733,7.1 -39.0255533,-14.185015,7.3 -39.0254883,-14.1849033,7.1 -39.025425,-14.1848333,5.0 -39.025365,-14.1847717,2.7 -39.0253233,-14.1847067,2.0 -39.0252917,-14.1846167,1.4 -39.0252483,-14.1845083,1.8 -39.0251883,-14.184385,2.2 -39.0251233,-14.1842533,1.7 -39.025035,-14.1840983,1.0 -39.0249533,-14.18396,0.7 -39.02489,-14.1838367,-1.0 -39.0248183,-14.183705,-3.1 -39.0247317,-14.1835667,-2.3 -39.0246633,-14.183425,-1.7 -39.0245933,-14.1832917,-0.5 -39.0245167,-14.1831567,-1.2 -39.0244267,-14.18302,-2.5 -39.024355,-14.182885,-3.9 -39.02426,-14.18272,-3.8 -39.0241717,-14.1825467,-3.2 -39.02408,-14.1823967,-2.3 -39.023995,-14.1822517,0.1 -39.0238983,-14.1821167,1.3 -39.0237983,-14.181975,2.4 -39.023695,-14.1818217,4.1 -39.0235867,-14.18165,3.7 -39.0234983,-14.1814717,2.9 -39.0234333,-14.1813033,2.4 -39.02337,-14.181155,3.4 -39.0233017,-14.1810267,3.0 -39.02324,-14.18091,2.7 -39.0231583,-14.180815,1.5 -39.0231033,-14.1807333,0.8 -39.0230767,-14.1806683,0.3 -39.0230483,-14.1805933,-0.1 -39.0230017,-14.180505,1.2 -39.0229467,-14.1803933,1.5 -39.0228967,-14.1802683,1.1 -39.022835,-14.1801383,0.3 -39.02275,-14.1800083,0.3 -39.0226617,-14.1798717,0.8 -39.022575,-14.1797567,1.4 -39.022505,-14.17965,1.6 -39.02245,-14.1795167,1.5 -39.022375,-14.17937,0.9 -39.02227,-14.1792133,0.1 -39.0221733,-14.1790517,-0.2 -39.02209,-14.1789017,-0.5 -39.0220167,-14.1787833,0.1 -39.0219517,-14.17865,1.0 -39.0218783,-14.1785117,2.2 -39.021795,-14.1783467,2.7 -39.02171,-14.178195,3.0 -39.02165,-14.1780717,2.4 -39.0215683,-14.1779767,0.4 -39.0214967,-14.1778633,-0.8 -39.0214233,-14.177735,-0.6 -39.021365,-14.1776333,-0.4 -39.0213067,-14.1775383,-0.6 -39.0212517,-14.1774167,-0.6 -39.0211883,-14.1772617,-0.8 -39.021105,-14.177115,-1.8 -39.0210283,-14.1769733,-1.5 -39.020945,-14.176825,-0.6 -39.0208617,-14.1766783,1.5 -39.0207833,-14.176545,2.1 -39.020695,-14.1764217,4.9 -39.020625,-14.1763017,7.0 -39.0205783,-14.1761767,8.0 -39.020515,-14.176055,8.4 -39.0204183,-14.1759283,9.0 -39.0203383,-14.1757933,9.5 -39.0202617,-14.17564,9.0 -39.02016,-14.17547,9.6 -39.02006,-14.1752967,8.6 -39.0199667,-14.1751317,7.2 -39.0198883,-14.1749933,5.3 -39.01983,-14.174865,0.9 -39.0197533,-14.17474,-0.1 -39.01967,-14.1745983,0.3 -39.0195967,-14.174455,2.0 -39.0195183,-14.1743067,1.7 -39.0194583,-14.174155,3.4 -39.019395,-14.1740183,4.7 -39.01932,-14.1738833,5.7 -39.0192283,-14.17375,6.2 -39.0191517,-14.1736133,6.1 -39.019075,-14.1734733,6.2 -39.0189917,-14.17334,6.1 -39.0189033,-14.1732067,5.4 -39.01883,-14.1730733,4.8 -39.018755,-14.17295,5.5 -39.0186817,-14.1728383,5.4 -39.0186333,-14.17276,5.3 -39.0186033,-14.1727083,5.9 -39.0185667,-14.172645,7.5 -39.0185367,-14.172575,7.6 -39.0184983,-14.1724983,8.8 -39.0184767,-14.1724383,9.2 -39.0184333,-14.1723683,10.0 -39.018395,-14.17229,9.2 -39.0183433,-14.1721967,7.7 -39.0182733,-14.17209,7.7 -39.01821,-14.1719733,7.3 -39.0181367,-14.1718467,4.3 -39.01807,-14.171725,1.0 -39.0179933,-14.1715817,1.3 -39.01793,-14.171445,0.3 -39.017845,-14.1713017,1.6 -39.017755,-14.17115,2.4 -39.0176567,-14.1709867,3.4 -39.0175733,-14.1708183,3.6 -39.0174733,-14.1706483,4.7 -39.0173883,-14.1705017,4.4 -39.0173133,-14.1703667,4.1 -39.0172267,-14.17022,4.2 -39.017145,-14.1700767,4.0 -39.01706,-14.1699433,2.8 -39.01698,-14.1698017,2.6 -39.0169033,-14.16967,3.0 -39.0168183,-14.1695317,3.6 -39.0167283,-14.169375,5.0 -39.0166333,-14.16921,6.2 -39.0165517,-14.1690567,7.0 -39.01647,-14.168905,7.1 -39.0163867,-14.168755,6.1 -39.0163,-14.1686067,6.8 -39.0162017,-14.168445,6.8 -39.0161033,-14.1682833,7.6 -39.01601,-14.1681233,7.8 -39.0159233,-14.1679717,8.2 -39.0158317,-14.1678117,8.2 -39.01573,-14.1676533,5.5 -39.01564,-14.1675017,5.0 -39.0155633,-14.1673583,5.0 -39.0154917,-14.16723,3.7 -39.0154183,-14.1670917,2.9 -39.0153683,-14.1669567,3.8 -39.01531,-14.16682,3.9 -39.0152433,-14.1666867,1.9 -39.015175,-14.1665533,1.0 -39.01514,-14.1664583,-0.6 -39.0151283,-14.1663867,-1.7 -39.01511,-14.1663167,-3.7 -39.01507,-14.1662483,-4.4 -39.0150117,-14.1661633,-2.5 -39.0149317,-14.1660667,-1.7 -39.0148383,-14.1659667,-0.5 -39.0147683,-14.1658517,1.5 -39.014675,-14.16571,1.6 -39.0145983,-14.16556,3.3 -39.0145133,-14.165405,2.8 -39.014445,-14.1652817,3.0 -39.0143767,-14.1651667,3.1 -39.0142817,-14.165035,2.0 -39.0141717,-14.1648817,2.8 -39.01408,-14.1647217,2.4 -39.0139867,-14.1645583,2.4 -39.01391,-14.164405,3.0 -39.0138383,-14.1642783,5.0 -39.0137867,-14.1641967,4.5 -39.013765,-14.16414,3.6 -39.01373,-14.1640733,2.7 -39.0136783,-14.16398,2.3 -39.0136217,-14.1638767,2.7 -39.013555,-14.16376,3.9 -39.0134817,-14.16363,2.9 -39.0134033,-14.163485,2.0 -39.0133233,-14.1633333,3.0 -39.013235,-14.1631783,3.6 -39.0131467,-14.163025,3.2 -39.0130617,-14.1628733,3.6 -39.0129817,-14.1627433,3.5 -39.012895,-14.162625,2.9 -39.0128233,-14.162525,2.6 -39.012755,-14.1624367,2.4 -39.0127083,-14.16235,3.0 -39.0126883,-14.16225,3.0 -39.0126433,-14.1621383,2.5 -39.0125633,-14.1620117,2.2 -39.012475,-14.1618733,2.8 -39.0123833,-14.1617233,2.8 -39.0122917,-14.161565,3.0 -39.0122017,-14.1613933,3.4 -39.0121067,-14.161215,3.5 -39.0120117,-14.1610367,3.4 -39.0119017,-14.1608517,2.8 -39.01181,-14.1606667,1.1 -39.0116933,-14.1604767,0.6 -39.01158,-14.1602917,0.8 -39.0114683,-14.1601033,1.9 -39.0113667,-14.1599183,1.4 -39.0112617,-14.15973,1.7 -39.0111567,-14.1595533,3.1 -39.0110667,-14.1593867,3.5 -39.0109733,-14.15922,3.1 -39.0108833,-14.1590567,3.0 -39.01079,-14.1588833,3.7 -39.0106883,-14.1587067,3.7 -39.0105767,-14.1585333,3.6 -39.01047,-14.1583583,2.6 -39.010385,-14.1581933,2.0 -39.0103067,-14.15804,2.6 -39.0102217,-14.157895,3.0 -39.0101233,-14.1577383,3.1 -39.0100233,-14.1575717,2.6 -39.0099317,-14.157405,3.1 -39.0098283,-14.157235,3.0 -39.0097333,-14.1570733,1.8 -39.0096417,-14.15692,1.4 -39.0095617,-14.1567833,0.5 -39.0094817,-14.15665,-0.8 -39.009405,-14.156515,-0.7 -39.0093267,-14.15636,0.0 -39.00924,-14.1561883,-0.1 -39.0091517,-14.1560117,0.3 -39.0090533,-14.1558283,0.6 -39.008955,-14.15565,0.6 -39.00885,-14.15546,1.0 -39.0087267,-14.1552633,1.1 -39.0086133,-14.155065,1.4 -39.0085017,-14.1548683,1.7 -39.0083883,-14.154685,2.0 -39.0082767,-14.15451,1.2 -39.0081833,-14.1543317,1.3 -39.0080883,-14.1541483,1.8 -39.0080067,-14.1539917,2.1 -39.0079433,-14.1538567,2.6 -39.0078967,-14.1537383,2.6 -39.007855,-14.1536367,2.6 -39.0078083,-14.1535483,2.6 -39.0077483,-14.1534483,2.1 -39.0076733,-14.15333,1.9 -39.0076017,-14.1532283,0.8 -39.0075333,-14.1531367,1.1 -39.0074667,-14.1530567,1.4 -39.0074083,-14.15299,1.9 -39.0073433,-14.152895,3.2 -39.0072817,-14.15279,3.7 -39.0072183,-14.152685,4.1 -39.0071533,-14.1525583,3.0 -39.0070867,-14.15242,1.8 -39.0070083,-14.15228,1.4 -39.0069233,-14.1521283,1.0 -39.006845,-14.1519683,1.3 -39.0067583,-14.15181,2.0 -39.0066767,-14.151665,2.8 -39.0066067,-14.1515433,2.1 -39.0065317,-14.1514167,1.9 -39.0064517,-14.1512783,2.5 -39.006385,-14.1511633,2.3 -39.00631,-14.1510567,1.6 -39.006235,-14.150935,2.2 -39.0061483,-14.1507967,2.8 -39.0060783,-14.1506633,2.9 -39.006005,-14.1505233,2.4 -39.005935,-14.1503817,1.3 -39.00585,-14.15021,1.6 -39.0057633,-14.1500367,1.3 -39.00565,-14.1498517,1.4 -39.0055567,-14.1496717,2.2 -39.0054533,-14.1494783,1.7 -39.0053533,-14.149305,1.4 -39.0052583,-14.1491417,1.1 -39.0051967,-14.149025,1.3 -39.0051417,-14.148935,0.8 -39.0050883,-14.1488333,1.3 -39.0050283,-14.1487167,2.1 -39.0049667,-14.1486033,2.7 -39.0048983,-14.1484917,2.5 -39.0048317,-14.14837,3.1 -39.0047583,-14.1482283,3.6 -39.0046683,-14.1480733,3.4 -39.00458,-14.1479167,3.2 -39.0044883,-14.14776,2.4 -39.0043983,-14.1476,2.3 -39.0043167,-14.1474483,1.6 -39.00423,-14.147295,1.3 -39.0041433,-14.1471517,1.2 -39.00406,-14.1469983,0.5 -39.003975,-14.1468517,0.2 -39.0038817,-14.1467,-0.2 -39.0037833,-14.1465383,0.2 -39.00369,-14.1463683,1.1 -39.0035983,-14.1461933,0.7 -39.0034933,-14.1460083,-0.4 -39.003395,-14.14582,-0.6 -39.0032867,-14.1456267,0.4 -39.003195,-14.1454683,0.5 -39.0031033,-14.145325,0.7 -39.0030233,-14.145195,0.9 -39.002945,-14.145065,0.7 -39.0028783,-14.1449433,1.1 -39.0028033,-14.14482,1.9 -39.0027233,-14.144695,1.7 -39.0026467,-14.1445667,1.5 -39.002575,-14.1444367,1.9 -39.002495,-14.1443033,1.9 -39.0024117,-14.14417,1.6 -39.002335,-14.1440317,1.0 -39.0022633,-14.143895,0.9 -39.0021933,-14.1437633,1.4 -39.0021067,-14.143625,0.9 -39.00202,-14.143475,0.6 -39.0019283,-14.143315,0.5 -39.0018317,-14.1431533,1.0 -39.0017417,-14.14299,0.8 -39.0016433,-14.142825,0.2 -39.001545,-14.1426617,0.4 -39.001455,-14.142505,0.7 -39.0013633,-14.1423483,0.9 -39.00127,-14.1421817,0.9 -39.0011733,-14.1420033,0.8 -39.0010833,-14.1418333,1.0 -39.0009933,-14.1416633,1.0 -39.0008967,-14.1414867,1.8 -39.0008067,-14.1413267,1.3 -39.000715,-14.1411667,0.3 -39.0006183,-14.141005,0.1 -39.0005283,-14.1408367,0.4 -39.0004383,-14.14068,0.4 -39.0003617,-14.1405517,0.7 -39.00029,-14.1404183,0.5 -39.0002017,-14.1402733,-0.2 -39.00011,-14.14012,-0.3 -39.0000133,-14.139965,0.4 -38.9999367,-14.1398133,0.4 -38.9998517,-14.13966,0.7 -38.9997667,-14.1394983,0.6 -38.99969,-14.1393467,0.3 -38.9996117,-14.1392017,1.0 -38.9995483,-14.13907,1.6 -38.9994683,-14.1389333,1.0 -38.9993783,-14.13879,0.4 -38.9993083,-14.1386717,0.7 -38.9992567,-14.1385817,1.2 -38.999205,-14.1384733,1.8 -38.9991367,-14.138345,0.7 -38.9990667,-14.1382033,0.9 -38.9989983,-14.1380933,0.3 -38.9989317,-14.1379917,0.3 -38.99886,-14.1378633,-0.2 -38.998775,-14.1377217,-0.2 -38.998685,-14.137575,-0.5 -38.9985917,-14.1374233,-0.7 -38.9985,-14.1372767,-0.6 -38.9984117,-14.1371133,-0.5 -38.9983167,-14.1369433,-0.9 -38.9982283,-14.136785,2.3 -38.9981633,-14.136655,2.5 -38.99812,-14.1365567,3.3 -38.998075,-14.136475,4.3 -38.9980217,-14.136395,5.3 -38.99798,-14.13632,5.8 -38.9979433,-14.136245,6.3 -38.9979167,-14.1361533,7.1 -38.9979117,-14.1360417,5.5 -38.9979333,-14.13593,5.0 -38.9980083,-14.1358283,5.5 -38.998115,-14.1357533,6.1 -38.9982267,-14.1356717,4.9 -38.9982983,-14.1355733,3.5 -38.9983683,-14.1354717,3.0 -38.99844,-14.1353617,1.8 -38.9985183,-14.13524,0.2 -38.9985983,-14.135115,-0.5 -38.9986717,-14.13499,0.0 -38.99874,-14.1348483,-0.7 -38.9987983,-14.1347133,-1.6 -38.998855,-14.1345867,-1.0 -38.998895,-14.1344433,-0.2 -38.99892,-14.1343383,2.6 -38.9989683,-14.1342383,3.9 -38.9989967,-14.134105,4.5 -38.9990283,-14.1339683,4.3 -38.9990817,-14.133835,3.4 -38.999145,-14.1336933,2.3 -38.9992267,-14.1335633,2.4 -38.99934,-14.1334783,2.0 -38.9994867,-14.1334067,0.5 -38.9996267,-14.1333617,-0.1 -38.999755,-14.133335,0.8 -38.99989,-14.1333267,2.2 -39.0000267,-14.1332967,2.4 -39.0001533,-14.133275,2.4 -39.0003033,-14.13325,2.8 -39.0004517,-14.1332267,2.0 -39.0006083,-14.1332067,2.2 -39.0007583,-14.1331783,1.4 -39.0008817,-14.1331617,0.7 -39.0009867,-14.133165,0.0 -39.00106,-14.1331667,-1.2 -39.0011383,-14.1331417,-0.8 -39.0012317,-14.1330833,-0.9 -39.001345,-14.13301,-2.8 -39.0014417,-14.132945,-3.2 -39.0015017,-14.1328817,-2.7 -39.001555,-14.1327967,-3.7 -39.0016167,-14.132695,-3.4 -39.00168,-14.13258,-2.9 -39.0017333,-14.13249,-2.4 -39.0017767,-14.1323833,-1.8 -39.0018217,-14.13224,-1.4 -39.0018817,-14.1320867,-0.9 -39.00194,-14.1319333,-0.9 -39.0019983,-14.1317817,-0.3 -39.002065,-14.1316417,-0.2 -39.0021117,-14.1315,0.7 -39.0021683,-14.1313667,1.2 -39.0022183,-14.13124,1.5 -39.0022667,-14.1311083,1.5 -39.0023133,-14.1309633,0.9 -39.0023617,-14.1308483,0.6 -39.0024017,-14.1307333,0.0 -39.0024633,-14.1306267,-0.9 -39.0025117,-14.1305217,-2.2 -39.0025483,-14.130395,-4.9 -39.0025933,-14.1302483,-5.1 -39.002645,-14.1300933,-4.0 -39.0026983,-14.12994,-4.3 -39.0027533,-14.1297967,-3.7 -39.00281,-14.1296567,-4.6 -39.0028717,-14.1295133,-6.3 -39.00293,-14.1293567,-6.6 -39.0029867,-14.1291967,-7.3 -39.0030517,-14.12903,-7.9 -39.0031117,-14.1288733,-8.9 -39.0031733,-14.12873,-11.9 -39.00323,-14.1286033,-12.1 -39.0032767,-14.1284817,-7.9 -39.0033217,-14.128375,-5.8 -39.00336,-14.1282633,-5.6 -39.0034033,-14.1281333,-5.4 -39.0034617,-14.1279983,-5.3 -39.0035433,-14.1278867,-4.8 -39.003645,-14.1277983,-4.3 -39.003765,-14.1277283,-4.3 -39.0038883,-14.1276533,-4.1 -39.0040167,-14.1275783,-4.9 -39.0041533,-14.127515,-4.6 -39.0042733,-14.1274617,-3.3 -39.0043933,-14.1273767,-0.4 -39.0045017,-14.1273,-0.4 -39.0045983,-14.1272183,-3.7 -39.00469,-14.12713,-5.3 -39.0047717,-14.12702,-6.3 -39.004835,-14.1269167,-6.3 -39.00488,-14.1268117,-6.1 -39.0049133,-14.1266967,-6.0 -39.004915,-14.1266317,-6.4 -39.0049233,-14.1265817,-6.5 -39.0049133,-14.1265217,-5.8 -39.004935,-14.12645,-1.1 -39.004955,-14.1263417,-0.4 -39.00498,-14.126225,-2.1 -39.0050017,-14.1261117,-2.1 -39.0050133,-14.1259867,-4.0 -39.0050067,-14.1258217,-3.8 -39.005025,-14.12567,-2.5 -39.0050317,-14.1255333,-2.0 -39.0050267,-14.1254033,-1.1 -39.005035,-14.125275,0.2 -39.0050433,-14.1251633,0.3 -39.0050367,-14.1250567,-1.2 -39.0050367,-14.1249583,-2.8 -39.0050167,-14.1248417,-3.8 -39.0050033,-14.12472,-2.8 -39.0050067,-14.1245983,-0.2 -39.0050183,-14.124475,1.0 -39.0050267,-14.12435,0.5 -39.0050233,-14.1242133,0.9 -39.0050183,-14.12407,1.4 -39.005,-14.1239083,1.3 -39.0049733,-14.1237367,-2.6 -39.004945,-14.1235717,-4.2 -39.0048983,-14.1233983,-4.9 -39.0048567,-14.123255,-4.4 -39.00483,-14.1231033,-2.1 -39.0048033,-14.1229433,-0.8 -39.0047833,-14.1227817,0.3 -39.0047967,-14.1226183,0.3 -39.0048283,-14.1225133,-2.4 -39.00486,-14.1224333,-5.1 -39.0048967,-14.1223417,-6.5 -39.0049433,-14.1222433,-7.4 -39.0049967,-14.122135,-7.3 -39.0050583,-14.12202,-7.0 -39.0051083,-14.12193,-5.7 -39.00515,-14.1218467,-3.4 -39.0051933,-14.1217433,-3.0 -39.0052483,-14.12164,-0.8 -39.0053,-14.1215367,2.0 -39.0053317,-14.121445,4.8 -39.00537,-14.1213633,6.6 -39.0054167,-14.12128,8.0 -39.0054767,-14.1211983,8.1 -39.0055217,-14.1211083,6.8 -39.00557,-14.12102,7.8 -39.0056233,-14.1209217,8.1 -39.005685,-14.120805,8.9 -39.0057317,-14.1207067,11.5 -39.0057867,-14.1206017,13.9 -39.0058467,-14.1204933,14.9 -39.0059033,-14.120375,16.0 -39.005975,-14.1202567,16.4 -39.0060683,-14.1201217,15.9 -39.0061783,-14.1199933,15.9 -39.0062767,-14.1198783,16.2 -39.006375,-14.1197733,17.2 -39.0064683,-14.1196717,17.4 -39.0065633,-14.1195783,15.7 -39.0066817,-14.11948,14.2 -39.0068133,-14.1193667,15.0 -39.00695,-14.11927,15.3 -39.007085,-14.1192017,15.7 -39.0072067,-14.1191617,14.7 -39.00733,-14.11914,13.8 -39.0074617,-14.11912,13.9 -39.007625,-14.1190883,13.3 -39.0078017,-14.1190617,12.8 -39.0079767,-14.119035,11.6 -39.0081567,-14.1189933,11.2 -39.0082983,-14.1189233,9.9 -39.0084417,-14.1188233,5.9 -39.0085767,-14.1187217,6.2 -39.0086967,-14.11861,6.1 -39.0088,-14.1184933,7.2 -39.0089083,-14.1183817,8.5 -39.0090183,-14.1182683,9.2 -39.0091317,-14.11816,10.1 -39.009245,-14.1180333,12.3 -39.0093617,-14.1179117,13.3 -39.0094633,-14.1177783,14.3 -39.0095683,-14.1176733,14.5 -39.0096667,-14.1175883,17.2 -39.009775,-14.1174883,18.2 -39.009895,-14.1174017,17.8 -39.01003,-14.1173183,19.7 -39.0101733,-14.1172283,19.2 -39.0103067,-14.117145,20.0 -39.010445,-14.11707,19.2 -39.0105667,-14.1169883,19.1 -39.0106883,-14.1169083,18.9 -39.0107817,-14.1168267,16.1 -39.0108667,-14.1167283,11.4 -39.0109117,-14.1166717,12.6 -39.01098,-14.1165267,11.8 -39.011045,-14.1163817,12.3 -39.0111233,-14.1162383,12.4 -39.0111583,-14.1160783,12.0 -39.0111633,-14.1159067,10.3 -39.0111817,-14.11572,10.4 -39.0111967,-14.11554,10.9 -39.0111767,-14.1153383,11.6 -39.01113,-14.115155,13.3 -39.0111017,-14.1150083,14.3 -39.011085,-14.1149283,15.6 -39.0110667,-14.1148583,17.3 -39.0110517,-14.1147683,17.7 -39.0110367,-14.1146483,18.1 -39.0110083,-14.114515,18.8 -39.011005,-14.1143733,19.9 -39.0109767,-14.1142167,19.3 -39.0109317,-14.114055,19.8 -39.0108783,-14.1139067,18.8 -39.0108183,-14.1137417,17.9 -39.0107783,-14.1135833,17.8 -39.0107467,-14.1134083,17.7 -39.0107383,-14.113245,17.9 -39.010755,-14.11309,17.6 -39.010805,-14.1129367,16.9 -39.0108717,-14.1127867,17.1 -39.01095,-14.1126567,17.7 -39.0110317,-14.1125383,17.1 -39.01114,-14.1124317,16.0 -39.0112733,-14.1123367,14.7 -39.011405,-14.1122633,14.4 -39.01154,-14.1121933,16.8 -39.0116533,-14.112105,17.2 -39.011775,-14.11198,17.7 -39.0118867,-14.11188,17.5 -39.0120217,-14.111785,16.0 -39.0121483,-14.1117017,17.5 -39.0122667,-14.11161,17.9 -39.0123783,-14.1115267,18.7 -39.012465,-14.1114683,19.7 -39.0125633,-14.1113867,20.1 -39.012675,-14.1112733,22.3 -39.012815,-14.1111533,23.6 -39.0129317,-14.1110383,26.7 -39.01304,-14.110905,27.6 -39.0131483,-14.1107667,28.6 -39.01326,-14.110625,25.9 -39.0133667,-14.1104833,22.9 -39.0134783,-14.1103483,21.4 -39.013585,-14.1102283,21.6 -39.0136967,-14.1101117,21.2 -39.0138033,-14.1099967,23.4 -39.0139117,-14.1099017,24.7 -39.014015,-14.1098,25.4 -39.01411,-14.1096817,26.6 -39.014205,-14.10957,28.6 -39.0143,-14.1094733,30.3 -39.0143883,-14.1093933,32.6 -39.01446,-14.1092883,31.4 -39.0145483,-14.1091683,28.7 -39.0146533,-14.1090417,27.8 -39.0147467,-14.1089,26.1 -39.0148367,-14.108775,26.1 -39.0149183,-14.1086617,25.4 -39.0149717,-14.1085333,21.9 -39.0149917,-14.1084033,21.5 -39.0150067,-14.1082383,20.3 -39.01501,-14.1080967,22.8 -39.0150017,-14.1079583,24.4 -39.0150083,-14.1078117,22.0 -39.0150033,-14.1076517,21.5 -39.0149983,-14.1075033,22.3 -39.0149933,-14.107365,23.1 -39.0149817,-14.1072333,25.7 -39.0149683,-14.1071117,27.8 -39.0149667,-14.1069883,27.9 -39.014955,-14.1068783,26.2 -39.0149383,-14.1067717,25.4 -39.0149333,-14.106675,27.5 -39.0149333,-14.10658,26.3 -39.0149383,-14.1064717,23.7 -39.0149483,-14.1063683,22.3 -39.0149433,-14.1062517,22.3 -39.0149417,-14.106135,23.4 -39.0149417,-14.1060217,23.5 -39.0149367,-14.1059067,21.9 -39.0149233,-14.105785,20.8 -39.0149117,-14.1056667,19.0 -39.0149017,-14.10556,17.9 -39.0148883,-14.1054833,16.8 -39.01485,-14.105385,17.8 -39.0148133,-14.1052933,17.8 -39.0147783,-14.1052,18.6 -39.0147467,-14.1051117,21.4 -39.0147183,-14.10502,21.2 -39.01469,-14.1049217,20.1 -39.0146483,-14.104815,18.1 -39.0146,-14.1046983,18.2 -39.0145517,-14.104585,17.2 -39.0145067,-14.1044917,16.1 -39.0144583,-14.1043833,15.7 -39.0144233,-14.10427,14.4 -39.014385,-14.1041567,13.2 -39.0143417,-14.10405,13.5 -39.0142983,-14.10395,12.6 -39.0142567,-14.10384,13.3 -39.0142133,-14.103725,13.7 -39.0141667,-14.10361,12.6 -39.0141217,-14.1034917,11.9 -39.0140783,-14.10338,11.1 -39.0140383,-14.1032733,11.4 -39.01399,-14.103175,11.4 -39.0139583,-14.1030833,9.7 -39.0139383,-14.1030133,8.0 -39.0139283,-14.1029617,6.6 -39.0139133,-14.10293,8.4 -39.0138733,-14.1028917,12.7 -39.013805,-14.102885,12.2 -39.0137417,-14.10291,11.8 
</coordinates>
</LineString>
</Placemark>
<Placemark>
<visibility>1</visibility>
<Style>
	<LineStyle>
		<width>5</width>
	</LineStyle>
</Style>
<gx:MultiTrack>
<altitudeMode>clampToGround</altitudeMode>
<gx:Track>
<when>2026-09-18T09:59:24Z</when>
<when>2026-09-18T09:59:34Z</when>
<when>2026-09-18T09:59:45Z</when>
<when>2026-09-18T10:00:05Z</when>
<when>2026-09-18T10:00:25Z</when>
<when>2026-09-18T10:00:46Z</when>
<when>2026-09-18T10:01:07Z</when>
<when>2026-09-18T10:01:22Z</when>
<when>2026-09-18T10:01:42Z</when>
<when>2026-09-18T10:01:57Z</when>
<when>2026-09-18T10:02:18Z</when>
<when>2026-09-18T10:02:25Z</when>
<when>2026-09-18T10:02:41Z</when>
<when>2026-09-18T10:02:56Z</when>
<when>2026-09-18T10:03:16Z</when>
<when>2026-09-18T10:03:36Z</when>
<when>2026-09-18T10:03:57Z</when>
<when>2026-09-18T10:04:18Z</when>
<when>2026-09-18T10:04:38Z</when>
<when>2026-09-18T10:04:59Z</when>
<when>2026-09-18T10:05:20Z</when>
<when>2026-09-18T10:05:41Z</when>
<when>2026-09-18T10:06:01Z</when>
<when>2026-09-18T10:06:12Z</when>
<when>2026-09-18T10:06:22Z</when>
<when>2026-09-18T10:06:42Z</when>
<when>2026-09-18T10:07:03Z</when>
<when>2026-09-18T10:07:23Z</when>
<when>2026-09-18T10:07:43Z</when>
<when>2026-09-18T10:08:03Z</when>
<when>2026-09-18T10:08:24Z</when>
<when>2026-09-18T10:08:44Z</when>
<when>2026-09-18T10:09:04Z</when>
<when>2026-09-18T10:09:25Z</when>
<when>2026-09-18T10:09:32Z</when>
<when>2026-09-18T10:09:37Z</when>
<when>2026-09-18T10:09:52Z</when>
<when>2026-09-18T10:09:54Z</when>
<when>2026-09-18T10:09:56Z</when>
<when>2026-09-18T10:09:58Z</when>
<when>2026-09-18T10:10:00Z</when>
<when>2026-09-18T10:10:02Z</when>
<when>2026-09-18T10:10:05Z</when>
<when>2026-09-18T10:10:07Z</when>
<when>2026-09-18T10:10:09Z</when>
<when>2026-09-18T10:10:11Z</when>
<when>2026-09-18T10:10:13Z</when>
<when>2026-09-18T10:10:15Z</when>
<when>2026-09-18T10:10:17Z</when>
<when>2026-09-18T10:10:19Z</when>
<when>2026-09-18T10:10:21Z</when>
<when>2026-09-18T10:10:23Z</when>
<when>2026-09-18T10:10:25Z</when>
<when>2026-09-18T10:10:27Z</when>
<when>2026-09-18T10:10:29Z</when>
<when>2026-09-18T10:10:31Z</when>
<when>2026-09-18T10:10:33Z</when>
<when>2026-09-18T10:10:35Z</when>
<when>2026-09-18T10:10:37Z</when>
<when>2026-09-18T10:10:39Z</when>
<when>2026-09-18T10:10:41Z</when>
<when>2026-09-18T10:10:43Z</when>
<when>2026-09-18T10:10:45Z</when>
<when>2026-09-18T10:10:47Z</when>
<when>2026-09-18T10:10:49Z</when>
<when>2026-09-18T10:10:51Z</when>
<when>2026-09-18T10:10:53Z</when>
<when>2026-09-18T10:10:55Z</when>
<when>2026-09-18T10:10:57Z</when>
<when>2026-09-18T10:10:59Z</when>
<when>2026-09-18T10:11:01Z</when>
<when>2026-09-18T10:11:03Z</when>
<when>2026-09-18T10:11:05Z</when>
<when>2026-09-18T10:11:07Z</when>
<when>2026-09-18T10:11:09Z</when>
<when>2026-09-18T10:11:11Z</when>
<when>2026-09-18T10:11:13Z</when>
<when>2026-09-18T10:11:15Z</when>
<when>2026-09-18T10:11:17Z</when>
<when>2026-09-18T10:11:19Z</when>
<when>2026-09-18T10:11:21Z</when>
<when>2026-09-18T10:11:23Z</when>
<when>2026-09-18T10:11:25Z</when>
<when>2026-09-18T10:11:27Z</when>
<when>2026-09-18T10:11:29Z</when>
<when>2026-09-18T10:11:31Z</when>
<when>2026-09-18T10:11:33Z</when>
<when>2026-09-18T10:11:35Z</when>
<when>2026-09-18T10:11:37Z</when>
<when>2026-09-18T10:11:39Z</when>
<when>2026-09-18T10:11:41Z</when>
<when>2026-09-18T10:11:43Z</when>
<when>2026-09-18T10:11:45Z</when>
<when>2026-09-18T10:11:47Z</when>
<when>2026-09-18T10:11:49Z</when>
<when>2026-09-18T10:11:51Z</when>
<when>2026-09-18T10:11:53Z</when>
<when>2026-09-18T10:11:55Z</when>
<when>2026-09-18T10:11:57Z</when>
<when>2026-09-18T10:11:59Z</when>
<when>2026-09-18T10:12:01Z</when>
<when>2026-09-18T10:12:03Z</when>
<when>2026-09-18T10:12:05Z</when>
<when>2026-09-18T10:12:07Z</when>
<when>2026-09-18T10:12:09Z</when>
<when>2026-09-18T10:12:11Z</when>
<when>2026-09-18T10:12:13Z</when>
<when>2026-09-18T10:12:15Z</when>
<when>2026-09-18T10:12:17Z</when>
<when>2026-09-18T10:12:19Z</when>
<when>2026-09-18T10:12:21Z</when>
<when>2026-09-18T10:12:23Z</when>
<when>2026-09-18T10:12:25Z</when>
<when>2026-09-18T10:12:27Z</when>
<when>2026-09-18T10:12:29Z</when>
<when>2026-09-18T10:12:31Z</when>
<when>2026-09-18T10:12:33Z</when>
<when>2026-09-18T10:12:35Z</when>
<when>2026-09-18T10:12:37Z</when>
<when>2026-09-18T10:12:39Z</when>
<when>2026-09-18T10:12:41Z</when>
<when>2026-09-18T10:12:43Z</when>
<when>2026-09-18T10:12:45Z</when>
<when>2026-09-18T10:12:47Z</when>
<when>2026-09-18T10:12:49Z</when>
<when>2026-09-18T10:12:51Z</when>
<when>2026-09-18T10:12:53Z</when>
<when>2026-09-18T10:12:55Z</when>
<when>2026-09-18T10:12:57Z</when>
<when>2026-09-18T10:12:59Z</when>
<when>2026-09-18T10:13:01Z</when>
<when>2026-09-18T10:13:03Z</when>
<when>2026-09-18T10:13:05Z</when>
<when>2026-09-18T10:13:07Z</when>
<when>2026-09-18T10:13:09Z</when>
<when>2026-09-18T10:13:11Z</when>
<when>2026-09-18T10:13:13Z</when>
<when>2026-09-18T10:13:15Z</when>
<when>2026-09-18T10:13:17Z</when>
<when>2026-09-18T10:13:19Z</when>
<when>2026-09-18T10:13:21Z</when>
<when>2026-09-18T10:13:23Z</when>
<when>2026-09-18T10:13:25Z</when>
<when>2026-09-18T10:13:27Z</when>
<when>2026-09-18T10:13:29Z</when>
<when>2026-09-18T10:13:31Z</when>
<when>2026-09-18T10:13:33Z</when>
<when>2026-09-18T10:13:35Z</when>
<when>2026-09-18T10:13:37Z</when>
<when>2026-09-18T10:13:39Z</when>
<when>2026-09-18T10:13:41Z</when>
<when>2026-09-18T10:13:43Z</when>
<when>2026-09-18T10:13:45Z</when>
<when>2026-09-18T10:13:47Z</when>
<when>2026-09-18T10:13:49Z</when>
<when>2026-09-18T10:13:51Z</when>
<when>2026-09-18T10:13:53Z</when>
<when>2026-09-18T10:13:55Z</when>
<when>2026-09-18T10:13:57Z</when>
<when>2026-09-18T10:13:59Z</when>
<when>2026-09-18T10:14:01Z</when>
<when>2026-09-18T10:14:03Z</when>
<when>2026-09-18T10:14:05Z</when>
<when>2026-09-18T10:14:07Z</when>
<when>2026-09-18T10:14:09Z</when>
<when>2026-09-18T10:14:11Z</when>
<when>2026-09-18T10:14:13Z</when>
<when>2026-09-18T10:14:15Z</when>
<when>2026-09-18T10:14:17Z</when>
<when>2026-09-18T10:14:19Z</when>
<when>2026-09-18T10:14:21Z</when>
<when>2026-09-18T10:14:23Z</when>
<when>2026-09-18T10:14:25Z</when>
<when>2026-09-18T10:14:27Z</when>
<when>2026-09-18T10:14:29Z</when>
<when>2026-09-18T10:14:31Z</when>
<when>2026-09-18T10:14:33Z</when>
<when>2026-09-18T10:14:35Z</when>
<when>2026-09-18T10:14:37Z</when>
<when>2026-09-18T10:14:39Z</when>
<when>2026-09-18T10:14:41Z</when>
<when>2026-09-18T10:14:43Z</when>
<when>2026-09-18T10:14:45Z</when>
<when>2026-09-18T10:14:47Z</when>
<when>2026-09-18T10:14:49Z</when>
<when>2026-09-18T10:14:51Z</when>
<when>2026-09-18T10:14:53Z</when>
<when>2026-09-18T10:14:55Z</when>
<when>2026-09-18T10:14:57Z</when>
<when>2026-09-18T10:14:59Z</when>
<when>2026-09-18T10:15:01Z</when>
<when>2026-09-18T10:15:03Z</when>
<when>2026-09-18T10:15:05Z</when>
<when>2026-09-18T10:15:07Z</when>
<when>2026-09-18T10:15:09Z</when>
<when>2026-09-18T10:15:11Z</when>
<when>2026-09-18T10:15:13Z</when>
<when>2026-09-18T10:15:15Z</when>
<when>2026-09-18T10:15:17Z</when>
<when>2026-09-18T10:15:19Z</when>
<when>2026-09-18T10:15:21Z</when>
<when>2026-09-18T10:15:23Z</when>
<when>2026-09-18T10:15:25Z</when>
<when>2026-09-18T10:15:27Z</when>
<when>2026-09-18T10:15:29Z</when>
<when>2026-09-18T10:15:31Z</when>
<when>2026-09-18T10:15:33Z</when>
<when>2026-09-18T10:15:35Z</when>
<when>2026-09-18T10:15:37Z</when>
<when>2026-09-18T10:15:39Z</when>
<when>2026-09-18T10:15:41Z</when>
<when>2026-09-18T10:15:43Z</when>
<when>2026-09-18T10:15:45Z</when>
<when>2026-09-18T10:15:47Z</when>
<when>2026-09-18T10:15:49Z</when>
<when>2026-09-18T10:15:51Z</when>
<when>2026-09-18T10:15:53Z</when>
<when>2026-09-18T10:15:55Z</when>
<when>2026-09-18T10:15:57Z</when>
<when>2026-09-18T10:15:59Z</when>
<when>2026-09-18T10:16:01Z</when>
<when>2026-09-18T10:16:03Z</when>
<when>2026-09-18T10:16:05Z</when>
<when>2026-09-18T10:16:07Z</when>
<when>2026-09-18T10:16:09Z</when>
<when>2026-09-18T10:16:11Z</when>
<when>2026-09-18T10:16:13Z</when>
<when>2026-09-18T10:16:15Z</when>
<when>2026-09-18T10:16:17Z</when>
<when>2026-09-18T10:16:19Z</when>
<when>2026-09-18T10:16:21Z</when>
<when>2026-09-18T10:16:23Z</when>
<when>2026-09-18T10:16:25Z</when>
<when>2026-09-18T10:16:27Z</when>
<when>2026-09-18T10:16:29Z</when>
<when>2026-09-18T10:16:31Z</when>
<when>2026-09-18T10:16:33Z</when>
<when>2026-09-18T10:16:35Z</when>
<when>2026-09-18T10:16:37Z</when>
<when>2026-09-18T10:16:39Z</when>
<when>2026-09-18T10:16:41Z</when>
<when>2026-09-18T10:16:43Z</when>
<when>2026-09-18T10:16:45Z</when>
<when>2026-09-18T10:16:47Z</when>
<when>2026-09-18T10:16:49Z</when>
<when>2026-09-18T10:16:51Z</when>
<when>2026-09-18T10:16:53Z</when>
<when>2026-09-18T10:16:55Z</when>
<when>2026-09-18T10:16:57Z</when>
<when>2026-09-18T10:16:59Z</when>
<when>2026-09-18T10:17:01Z</when>
<when>2026-09-18T10:17:03Z</when>
<when>2026-09-18T10:17:05Z</when>
<when>2026-09-18T10:17:07Z</when>
<when>2026-09-18T10:17:09Z</when>
<when>2026-09-18T10:17:11Z</when>
<when>2026-09-18T10:17:13Z</when>
<when>2026-09-18T10:17:15Z</when>
<when>2026-09-18T10:17:17Z</when>
<when>2026-09-18T10:17:19Z</when>
<when>2026-09-18T10:17:21Z</when>
<when>2026-09-18T10:17:23Z</when>
<when>2026-09-18T10:17:25Z</when>
<when>2026-09-18T10:17:27Z</when>
<when>2026-09-18T10:17:29Z</when>
<when>2026-09-18T10:17:31Z</when>
<when>2026-09-18T10:17:33Z</when>
<when>2026-09-18T10:17:35Z</when>
<when>2026-09-18T10:17:37Z</when>
<when>2026-09-18T10:17:39Z</when>
<when>2026-09-18T10:17:41Z</when>
<when>2026-09-18T10:17:43Z</when>
<when>2026-09-18T10:17:45Z</when>
<when>2026-09-18T10:17:47Z</when>
<when>2026-09-18T10:17:49Z</when>
<when>2026-09-18T10:17:51Z</when>
<when>2026-09-18T10:17:53Z</when>
<when>2026-09-18T10:17:55Z</when>
<when>2026-09-18T10:17:57Z</when>
<when>2026-09-18T10:17:59Z</when>
<when>2026-09-18T10:18:01Z</when>
<when>2026-09-18T10:18:03Z</when>
<when>2026-09-18T10:18:05Z</when>
<when>2026-09-18T10:18:07Z</when>
<when>2026-09-18T10:18:09Z</when>
<when>2026-09-18T10:18:11Z</when>
<when>2026-09-18T10:18:13Z</when>
<when>2026-09-18T10:18:15Z</when>
<when>2026-09-18T10:18:17Z</when>
<when>2026-09-18T10:18:19Z</when>
<when>2026-09-18T10:18:21Z</when>
<when>2026-09-18T10:18:23Z</when>
<when>2026-09-18T10:18:25Z</when>
<when>2026-09-18T10:18:27Z</when>
<when>2026-09-18T10:18:29Z</when>
<when>2026-09-18T10:18:31Z</when>
<when>2026-09-18T10:18:33Z</when>
<when>2026-09-18T10:18:35Z</when>
<when>2026-09-18T10:18:37Z</when>
<when>2026-09-18T10:18:39Z</when>
<when>2026-09-18T10:18:41Z</when>
<when>2026-09-18T10:18:43Z</when>
<when>2026-09-18T10:18:45Z</when>
<when>2026-09-18T10:18:47Z</when>
<when>2026-09-18T10:18:49Z</when>
<when>2026-09-18T10:18:51Z</when>
<when>2026-09-18T10:18:53Z</when>
<when>2026-09-18T10:18:55Z</when>
<when>2026-09-18T10:18:57Z</when>
<when>2026-09-18T10:18:59Z</when>
<when>2026-09-18T10:19:01Z</when>
<when>2026-09-18T10:19:03Z</when>
<when>2026-09-18T10:19:05Z</when>
<when>2026-09-18T10:19:07Z</when>
<when>2026-09-18T10:19:09Z</when>
<when>2026-09-18T10:19:11Z</when>
<when>2026-09-18T10:19:13Z</when>
<when>2026-09-18T10:19:15Z</when>
<when>2026-09-18T10:19:17Z</when>
<when>2026-09-18T10:19:19Z</when>
<when>2026-09-18T10:19:21Z</when>
<when>2026-09-18T10:19:23Z</when>
<when>2026-09-18T10:19:25Z</when>
<when>2026-09-18T10:19:27Z</when>
<when>2026-09-18T10:19:29Z</when>
<when>2026-09-18T10:19:31Z</when>
<when>2026-09-18T10:19:33Z</when>
<when>2026-09-18T10:19:35Z</when>
<when>2026-09-18T10:19:37Z</when>
<when>2026-09-18T10:19:39Z</when>
<when>2026-09-18T10:19:41Z</when>
<when>2026-09-18T10:19:43Z</when>
<when>2026-09-18T10:19:45Z</when>
<when>2026-09-18T10:19:47Z</when>
<when>2026-09-18T10:19:49Z</when>
<when>2026-09-18T10:19:51Z</when>
<when>2026-09-18T10:19:53Z</when>
<when>2026-09-18T10:19:55Z</when>
<when>2026-09-18T10:19:57Z</when>
<when>2026-09-18T10:19:59Z</when>
<when>2026-09-18T10:20:01Z</when>
<when>2026-09-18T10:20:03Z</when>
<when>2026-09-18T10:20:05Z</when>
<when>2026-09-18T10:20:07Z</when>
<when>2026-09-18T10:20:09Z</when>
<when>2026-09-18T10:20:11Z</when>
<when>2026-09-18T10:20:13Z</when>
<when>2026-09-18T10:20:15Z</when>
<when>2026-09-18T10:20:17Z</when>
<when>2026-09-18T10:20:19Z</when>
<when>2026-09-18T10:20:21Z</when>
<when>2026-09-18T10:20:23Z</when>
<when>2026-09-18T10:20:25Z</when>
<when>2026-09-18T10:20:27Z</when>
<when>2026-09-18T10:20:29Z</when>
<when>2026-09-18T10:20:31Z</when>
<when>2026-09-18T10:20:33Z</when>
<when>2026-09-18T10:20:35Z</when>
<when>2026-09-18T10:20:37Z</when>
<when>2026-09-18T10:20:39Z</when>
<when>2026-09-18T10:20:41Z</when>
<when>2026-09-18T10:20:43Z</when>
<when>2026-09-18T10:20:45Z</when>
<when>2026-09-18T10:20:47Z</when>
<when>2026-09-18T10:20:49Z</when>
<when>2026-09-18T10:20:51Z</when>
<when>2026-09-18T10:20:53Z</when>
<when>2026-09-18T10:20:55Z</when>
<when>2026-09-18T10:20:57Z</when>
<when>2026-09-18T10:20:59Z</when>
<when>2026-09-18T10:21:01Z</when>
<when>2026-09-18T10:21:03Z</when>
<when>2026-09-18T10:21:05Z</when>
<when>2026-09-18T10:21:07Z</when>
<when>2026-09-18T10:21:09Z</when>
<when>2026-09-18T10:21:11Z</when>
<when>2026-09-18T10:21:13Z</when>
<when>2026-09-18T10:21:15Z</when>
<when>2026-09-18T10:21:17Z</when>
<when>2026-09-18T10:21:19Z</when>
<when>2026-09-18T10:21:21Z</when>
<when>2026-09-18T10:21:23Z</when>
<when>2026-09-18T10:21:25Z</when>
<when>2026-09-18T10:21:27Z</when>
<when>2026-09-18T10:21:29Z</when>
<when>2026-09-18T10:21:31Z</when>
<when>2026-09-18T10:21:33Z</when>
<when>2026-09-18T10:21:35Z</when>
<when>2026-09-18T10:21:37Z</when>
<when>2026-09-18T10:21:39Z</when>
<when>2026-09-18T10:21:41Z</when>
<when>2026-09-18T10:21:43Z</when>
<when>2026-09-18T10:21:45Z</when>
<when>2026-09-18T10:21:47Z</when>
<when>2026-09-18T10:21:49Z</when>
<when>2026-09-18T10:21:51Z</when>
<when>2026-09-18T10:21:53Z</when>
<when>2026-09-18T10:21:55Z</when>
<when>2026-09-18T10:21:57Z</when>
<when>2026-09-18T10:21:59Z</when>
<when>2026-09-18T10:22:01Z</when>
<when>2026-09-18T10:22:03Z</when>
<when>2026-09-18T10:22:05Z</when>
<when>2026-09-18T10:22:07Z</when>
<when>2026-09-18T10:22:09Z</when>
<when>2026-09-18T10:22:11Z</when>
<when>2026-09-18T10:22:13Z</when>
<when>2026-09-18T10:22:15Z</when>
<when>2026-09-18T10:22:17Z</when>
<when>2026-09-18T10:22:19Z</when>
<when>2026-09-18T10:22:21Z</when>
<when>2026-09-18T10:22:23Z</when>
<when>2026-09-18T10:22:25Z</when>
<when>2026-09-18T10:22:27Z</when>
<when>2026-09-18T10:22:29Z</when>
<when>2026-09-18T10:22:31Z</when>
<when>2026-09-18T10:22:33Z</when>
<when>2026-09-18T10:22:35Z</when>
<when>2026-09-18T10:22:37Z</when>
<when>2026-09-18T10:22:39Z</when>
<when>2026-09-18T10:22:41Z</when>
<when>2026-09-18T10:22:43Z</when>
<when>2026-09-18T10:22:45Z</when>
<when>2026-09-18T10:22:47Z</when>
<when>2026-09-18T10:22:49Z</when>
<when>2026-09-18T10:22:51Z</when>
<when>2026-09-18T10:22:53Z</when>
<when>2026-09-18T10:22:55Z</when>
<when>2026-09-18T10:22:57Z</when>
<when>2026-09-18T10:22:59Z</when>
<when>2026-09-18T10:23:01Z</when>
<when>2026-09-18T10:23:03Z</when>
<when>2026-09-18T10:23:05Z</when>
<when>2026-09-18T10:23:07Z</when>
<when>2026-09-18T10:23:09Z</when>
<when>2026-09-18T10:23:11Z</when>
<when>2026-09-18T10:23:13Z</when>
<when>2026-09-18T10:23:15Z</when>
<when>2026-09-18T10:23:17Z</when>
<when>2026-09-18T10:23:19Z</when>
<when>2026-09-18T10:23:21Z</when>
<when>2026-09-18T10:23:23Z</when>
<when>2026-09-18T10:23:25Z</when>
<when>2026-09-18T10:23:27Z</when>
<when>2026-09-18T10:23:29Z</when>
<when>2026-09-18T10:23:31Z</when>
<when>2026-09-18T10:23:33Z</when>
<when>2026-09-18T10:23:35Z</when>
<when>2026-09-18T10:23:37Z</when>
<when>2026-09-18T10:23:39Z</when>
<when>2026-09-18T10:23:41Z</when>
<when>2026-09-18T10:23:43Z</when>
<when>2026-09-18T10:23:45Z</when>
<when>2026-09-18T10:23:47Z</when>
<when>2026-09-18T10:23:49Z</when>
<when>2026-09-18T10:23:51Z</when>
<when>2026-09-18T10:23:53Z</when>
<when>2026-09-18T10:23:55Z</when>
<when>2026-09-18T10:23:57Z</when>
<when>2026-09-18T10:23:59Z</when>
<when>2026-09-18T10:24:01Z</when>
<when>2026-09-18T10:24:03Z</when>
<when>2026-09-18T10:24:05Z</when>
<when>2026-09-18T10:24:07Z</when>
<when>2026-09-18T10:24:09Z</when>
<when>2026-09-18T10:24:11Z</when>
<when>2026-09-18T10:24:13Z</when>
<when>2026-09-18T10:24:15Z</when>
<when>2026-09-18T10:24:17Z</when>
<when>2026-09-18T10:24:19Z</when>
<when>2026-09-18T10:24:21Z</when>
<when>2026-09-18T10:24:23Z</when>
<when>2026-09-18T10:24:25Z</when>
<when>2026-09-18T10:24:27Z</when>
<when>2026-09-18T10:24:29Z</when>
<when>2026-09-18T10:24:31Z</when>
<when>2026-09-18T10:24:33Z</when>
<when>2026-09-18T10:24:35Z</when>
<when>2026-09-18T10:24:37Z</when>
<when>2026-09-18T10:24:39Z</when>
<when>2026-09-18T10:24:41Z</when>
<when>2026-09-18T10:24:43Z</when>
<when>2026-09-18T10:24:45Z</when>
<when>2026-09-18T10:24:47Z</when>
<when>2026-09-18T10:24:49Z</when>
<when>2026-09-18T10:24:51Z</when>
<when>2026-09-18T10:24:53Z</when>
<when>2026-09-18T10:24:55Z</when>
<when>2026-09-18T10:24:57Z</when>
<when>2026-09-18T10:24:59Z</when>
<when>2026-09-18T10:25:01Z</when>
<when>2026-09-18T10:25:03Z</when>
<when>2026-09-18T10:25:05Z</when>
<when>2026-09-18T10:25:07Z</when>
<when>2026-09-18T10:25:10Z</when>
<when>2026-09-18T10:25:12Z</when>
<when>2026-09-18T10:25:14Z</when>
<when>2026-09-18T10:25:16Z</when>
<when>2026-09-18T10:25:18Z</when>
<when>2026-09-18T10:25:20Z</when>
<when>2026-09-18T10:25:22Z</when>
<when>2026-09-18T10:25:24Z</when>
<when>2026-09-18T10:25:26Z</when>
<when>2026-09-18T10:25:28Z</when>
<when>2026-09-18T10:25:30Z</when>
<when>2026-09-18T10:25:32Z</when>
<when>2026-09-18T10:25:34Z</when>
<when>2026-09-18T10:25:36Z</when>
<when>2026-09-18T10:25:38Z</when>
<when>2026-09-18T10:25:40Z</when>
<when>2026-09-18T10:25:42Z</when>
<when>2026-09-18T10:25:44Z</when>
<when>2026-09-18T10:25:46Z</when>
<when>2026-09-18T10:25:48Z</when>
<when>2026-09-18T10:25:50Z</when>
<when>2026-09-18T10:25:52Z</when>
<when>2026-09-18T10:25:54Z</when>
<when>2026-09-18T10:25:56Z</when>
<when>2026-09-18T10:25:58Z</when>
<when>2026-09-18T10:26:00Z</when>
<when>2026-09-18T10:26:02Z</when>
<when>2026-09-18T10:26:04Z</when>
<when>2026-09-18T10:26:06Z</when>
<when>2026-09-18T10:26:08Z</when>
<when>2026-09-18T10:26:10Z</when>
<when>2026-09-18T10:26:12Z</when>
<when>2026-09-18T10:26:14Z</when>
<when>2026-09-18T10:26:16Z</when>
<when>2026-09-18T10:26:18Z</when>
<when>2026-09-18T10:26:20Z</when>
<when>2026-09-18T10:26:22Z</when>
<when>2026-09-18T10:26:24Z</when>
<when>2026-09-18T10:26:26Z</when>
<when>2026-09-18T10:26:28Z</when>
<when>2026-09-18T10:26:30Z</when>
<when>2026-09-18T10:26:32Z</when>
<when>2026-09-18T10:26:34Z</when>
<when>2026-09-18T10:26:36Z</when>
<when>2026-09-18T10:26:38Z</when>
<when>2026-09-18T10:26:40Z</when>
<when>2026-09-18T10:26:42Z</when>
<when>2026-09-18T10:26:44Z</when>
<when>2026-09-18T10:26:46Z</when>
<when>2026-09-18T10:26:48Z</when>
<when>2026-09-18T10:26:50Z</when>
<when>2026-09-18T10:26:52Z</when>
<when>2026-09-18T10:26:54Z</when>
<when>2026-09-18T10:26:56Z</when>
<when>2026-09-18T10:26:58Z</when>
<when>2026-09-18T10:27:00Z</when>
<when>2026-09-18T10:27:02Z</when>
<when>2026-09-18T10:27:04Z</when>
<when>2026-09-18T10:27:06Z</when>
<when>2026-09-18T10:27:08Z</when>
<when>2026-09-18T10:27:10Z</when>
<when>2026-09-18T10:27:12Z</when>
<when>2026-09-18T10:27:14Z</when>
<when>2026-09-18T10:27:16Z</when>
<when>2026-09-18T10:27:18Z</when>
<when>2026-09-18T10:27:20Z</when>
<when>2026-09-18T10:27:22Z</when>
<when>2026-09-18T10:27:24Z</when>
<when>2026-09-18T10:27:26Z</when>
<when>2026-09-18T10:27:28Z</when>
<when>2026-09-18T10:27:30Z</when>
<when>2026-09-18T10:27:32Z</when>
<when>2026-09-18T10:27:34Z</when>
<when>2026-09-18T10:27:36Z</when>
<when>2026-09-18T10:27:38Z</when>
<when>2026-09-18T10:27:40Z</when>
<when>2026-09-18T10:27:42Z</when>
<when>2026-09-18T10:27:44Z</when>
<when>2026-09-18T10:27:46Z</when>
<when>2026-09-18T10:27:48Z</when>
<when>2026-09-18T10:27:50Z</when>
<when>2026-09-18T10:27:52Z</when>
<when>2026-09-18T10:27:54Z</when>
<when>2026-09-18T10:27:56Z</when>
<when>2026-09-18T10:27:58Z</when>
<when>2026-09-18T10:28:00Z</when>
<when>2026-09-18T10:28:02Z</when>
<when>2026-09-18T10:28:04Z</when>
<when>2026-09-18T10:28:06Z</when>
<when>2026-09-18T10:28:08Z</when>
<when>2026-09-18T10:28:10Z</when>
<when>2026-09-18T10:28:12Z</when>
<when>2026-09-18T10:28:14Z</when>
<when>2026-09-18T10:28:16Z</when>
<when>2026-09-18T10:28:18Z</when>
<when>2026-09-18T10:28:20Z</when>
<when>2026-09-18T10:28:22Z</when>
<when>2026-09-18T10:28:24Z</when>
<when>2026-09-18T10:28:26Z</when>
<when>2026-09-18T10:28:28Z</when>
<when>2026-09-18T10:28:30Z</when>
<when>2026-09-18T10:28:32Z</when>
<when>2026-09-18T10:28:34Z</when>
<when>2026-09-18T10:28:36Z</when>
<when>2026-09-18T10:28:38Z</when>
<when>2026-09-18T10:28:40Z</when>
<when>2026-09-18T10:28:42Z</when>
<when>2026-09-18T10:28:44Z</when>
<when>2026-09-18T10:28:46Z</when>
<when>2026-09-18T10:28:48Z</when>
<when>2026-09-18T10:28:50Z</when>
<when>2026-09-18T10:28:52Z</when>
<when>2026-09-18T10:28:54Z</when>
<when>2026-09-18T10:28:56Z</when>
<when>2026-09-18T10:28:58Z</when>
<when>2026-09-18T10:29:00Z</when>
<when>2026-09-18T10:29:02Z</when>
<when>2026-09-18T10:29:04Z</when>
<when>2026-09-18T10:29:06Z</when>
<when>2026-09-18T10:29:08Z</when>
<when>2026-09-18T10:29:10Z</when>
<when>2026-09-18T10:29:12Z</when>
<when>2026-09-18T10:29:14Z</when>
<when>2026-09-18T10:29:16Z</when>
<when>2026-09-18T10:29:18Z</when>
<when>2026-09-18T10:29:20Z</when>
<when>2026-09-18T10:29:22Z</when>
<when>2026-09-18T10:29:24Z</when>
<when>2026-09-18T10:29:26Z</when>
<when>2026-09-18T10:29:28Z</when>
<when>2026-09-18T10:29:30Z</when>
<when>2026-09-18T10:29:32Z</when>
<when>2026-09-18T10:29:34Z</when>
<when>2026-09-18T10:29:36Z</when>
<when>2026-09-18T10:29:38Z</when>
<when>2026-09-18T10:29:40Z</when>
<when>2026-09-18T10:29:42Z</when>
<when>2026-09-18T10:29:44Z</when>
<when>2026-09-18T10:29:46Z</when>
<when>2026-09-18T10:29:48Z</when>
<when>2026-09-18T10:29:50Z</when>
<when>2026-09-18T10:29:52Z</when>
<when>2026-09-18T10:29:54Z</when>
<when>2026-09-18T10:29:56Z</when>
<when>2026-09-18T10:29:58Z</when>
<when>2026-09-18T10:30:00Z</when>
<when>2026-09-18T10:30:02Z</when>
<when>2026-09-18T10:30:04Z</when>
<when>2026-09-18T10:30:06Z</when>
<when>2026-09-18T10:30:08Z</when>
<when>2026-09-18T10:30:10Z</when>
<when>2026-09-18T10:30:12Z</when>
<when>2026-09-18T10:30:14Z</when>
<when>2026-09-18T10:30:16Z</when>
<when>2026-09-18T10:30:18Z</when>
<when>2026-09-18T10:30:20Z</when>
<when>2026-09-18T10:30:22Z</when>
<when>2026-09-18T10:30:24Z</when>
<when>2026-09-18T10:30:26Z</when>
<when>2026-09-18T10:30:28Z</when>
<when>2026-09-18T10:30:30Z</when>
<when>2026-09-18T10:30:32Z</when>
<when>2026-09-18T10:30:34Z</when>
<when>2026-09-18T10:30:36Z</when>
<when>2026-09-18T10:30:38Z</when>
<when>2026-09-18T10:30:40Z</when>
<when>2026-09-18T10:30:42Z</when>
<when>2026-09-18T10:30:44Z</when>
<when>2026-09-18T10:30:46Z</when>
<when>2026-09-18T10:30:48Z</when>
<when>2026-09-18T10:30:50Z</when>
<when>2026-09-18T10:30:52Z</when>
<when>2026-09-18T10:30:54Z</when>
<when>2026-09-18T10:30:56Z</when>
<when>2026-09-18T10:30:58Z</when>
<when>2026-09-18T10:31:00Z</when>
<when>2026-09-18T10:31:02Z</when>
<when>2026-09-18T10:31:04Z</when>
<when>2026-09-18T10:31:06Z</when>
<when>2026-09-18T10:31:08Z</when>
<when>2026-09-18T10:31:10Z</when>
<when>2026-09-18T10:31:12Z</when>
<when>2026-09-18T10:31:14Z</when>
<when>2026-09-18T10:31:16Z</when>
<when>2026-09-18T10:31:18Z</when>
<when>2026-09-18T10:31:20Z</when>
<when>2026-09-18T10:31:22Z</when>
<when>2026-09-18T10:31:24Z</when>
<when>2026-09-18T10:31:26Z</when>
<when>2026-09-18T10:31:28Z</when>
<when>2026-09-18T10:31:30Z</when>
<when>2026-09-18T10:31:32Z</when>
<when>2026-09-18T10:31:34Z</when>
<when>2026-09-18T10:31:36Z</when>
<when>2026-09-18T10:31:38Z</when>
<when>2026-09-18T10:31:40Z</when>
<when>2026-09-18T10:31:42Z</when>
<when>2026-09-18T10:31:44Z</when>
<when>2026-09-18T10:31:46Z</when>
<when>2026-09-18T10:31:48Z</when>
<when>2026-09-18T10:31:50Z</when>
<when>2026-09-18T10:31:52Z</when>
<when>2026-09-18T10:31:54Z</when>
<when>2026-09-18T10:31:56Z</when>
<when>2026-09-18T10:31:58Z</when>
<when>2026-09-18T10:32:00Z</when>
<when>2026-09-18T10:32:02Z</when>
<when>2026-09-18T10:32:04Z</when>
<when>2026-09-18T10:32:06Z</when>
<when>2026-09-18T10:32:08Z</when>
<when>2026-09-18T10:32:10Z</when>
<when>2026-09-18T10:32:12Z</when>
<when>2026-09-18T10:32:14Z</when>
<when>2026-09-18T10:32:16Z</when>
<when>2026-09-18T10:32:18Z</when>
<when>2026-09-18T10:32:20Z</when>
<when>2026-09-18T10:32:22Z</when>
<when>2026-09-18T10:32:24Z</when>
<when>2026-09-18T10:32:26Z</when>
<when>2026-09-18T10:32:28Z</when>
<when>2026-09-18T10:32:30Z</when>
<when>2026-09-18T10:32:32Z</when>
<when>2026-09-18T10:32:34Z</when>
<when>2026-09-18T10:32:36Z</when>
<when>2026-09-18T10:32:38Z</when>
<when>2026-09-18T10:32:40Z</when>
<when>2026-09-18T10:32:42Z</when>
<when>2026-09-18T10:32:44Z</when>
<when>2026-09-18T10:32:46Z</when>
<when>2026-09-18T10:32:48Z</when>
<when>2026-09-18T10:32:50Z</when>
<when>2026-09-18T10:32:52Z</when>
<when>2026-09-18T10:32:54Z</when>
<when>2026-09-18T10:32:56Z</when>
<when>2026-09-18T10:32:58Z</when>
<when>2026-09-18T10:33:00Z</when>
<when>2026-09-18T10:33:02Z</when>
<when>2026-09-18T10:33:04Z</when>
<when>2026-09-18T10:33:06Z</when>
<when>2026-09-18T10:33:08Z</when>
<when>2026-09-18T10:33:10Z</when>
<when>2026-09-18T10:33:12Z</when>
<when>2026-09-18T10:33:14Z</when>
<when>2026-09-18T10:33:16Z</when>
<when>2026-09-18T10:33:18Z</when>
<when>2026-09-18T10:33:20Z</when>
<when>2026-09-18T10:33:22Z</when>
<when>2026-09-18T10:33:24Z</when>
<when>2026-09-18T10:33:26Z</when>
<when>2026-09-18T10:33:28Z</when>
<when>2026-09-18T10:33:30Z</when>
<when>2026-09-18T10:33:32Z</when>
<when>2026-09-18T10:33:34Z</when>
<when>2026-09-18T10:33:36Z</when>
<when>2026-09-18T10:33:38Z</when>
<when>2026-09-18T10:33:40Z</when>
<when>2026-09-18T10:33:42Z</when>
<when>2026-09-18T10:33:44Z</when>
<when>2026-09-18T10:33:46Z</when>
<when>2026-09-18T10:33:48Z</when>
<when>2026-09-18T10:33:50Z</when>
<when>2026-09-18T10:33:52Z</when>
<when>2026-09-18T10:33:54Z</when>
<when>2026-09-18T10:33:56Z</when>
<when>2026-09-18T10:33:58Z</when>
<when>2026-09-18T10:34:00Z</when>
<when>2026-09-18T10:34:02Z</when>
<when>2026-09-18T10:34:04Z</when>
<when>2026-09-18T10:34:06Z</when>
<when>2026-09-18T10:34:08Z</when>
<when>2026-09-18T10:34:10Z</when>
<when>2026-09-18T10:34:12Z</when>
<when>2026-09-18T10:34:14Z</when>
<when>2026-09-18T10:34:16Z</when>
<when>2026-09-18T10:34:18Z</when>
<when>2026-09-18T10:34:20Z</when>
<when>2026-09-18T10:34:22Z</when>
<when>2026-09-18T10:34:24Z</when>
<when>2026-09-18T10:34:26Z</when>
<when>2026-09-18T10:34:28Z</when>
<when>2026-09-18T10:34:30Z</when>
<when>2026-09-18T10:34:32Z</when>
<when>2026-09-18T10:34:34Z</when>
<when>2026-09-18T10:34:36Z</when>
<when>2026-09-18T10:34:38Z</when>
<when>2026-09-18T10:34:40Z</when>
<when>2026-09-18T10:34:42Z</when>
<when>2026-09-18T10:34:44Z</when>
<when>2026-09-18T10:34:46Z</when>
<when>2026-09-18T10:34:48Z</when>
<when>2026-09-18T10:34:50Z</when>
<when>2026-09-18T10:34:52Z</when>
<when>2026-09-18T10:34:54Z</when>
<when>2026-09-18T10:34:56Z</when>
<when>2026-09-18T10:34:58Z</when>
<when>2026-09-18T10:35:00Z</when>
<when>2026-09-18T10:35:02Z</when>
<when>2026-09-18T10:35:04Z</when>
<when>2026-09-18T10:35:06Z</when>
<when>2026-09-18T10:35:08Z</when>
<when>2026-09-18T10:35:10Z</when>
<when>2026-09-18T10:35:12Z</when>
<when>2026-09-18T10:35:14Z</when>
<when>2026-09-18T10:35:16Z</when>
<when>2026-09-18T10:35:18Z</when>
<when>2026-09-18T10:35:20Z</when>
<when>2026-09-18T10:35:22Z</when>
<when>2026-09-18T10:35:24Z</when>
<when>2026-09-18T10:35:26Z</when>
<when>2026-09-18T10:35:28Z</when>
<when>2026-09-18T10:35:30Z</when>
<when>2026-09-18T10:35:32Z</when>
<when>2026-09-18T10:35:34Z</when>
<when>2026-09-18T10:35:36Z</when>
<when>2026-09-18T10:35:38Z</when>
<when>2026-09-18T10:35:40Z</when>
<when>2026-09-18T10:35:42Z</when>
<when>2026-09-18T10:35:44Z</when>
<when>2026-09-18T10:35:46Z</when>
<when>2026-09-18T10:35:48Z</when>
<when>2026-09-18T10:35:50Z</when>
<when>2026-09-18T10:35:52Z</when>
<when>2026-09-18T10:35:54Z</when>
<when>2026-09-18T10:35:56Z</when>
<when>2026-09-18T10:35:58Z</when>
<when>2026-09-18T10:36:00Z</when>
<when>2026-09-18T10:36:02Z</when>
<when>2026-09-18T10:36:04Z</when>
<when>2026-09-18T10:36:06Z</when>
<when>2026-09-18T10:36:08Z</when>
<when>2026-09-18T10:36:10Z</when>
<when>2026-09-18T10:36:12Z</when>
<when>2026-09-18T10:36:14Z</when>
<when>2026-09-18T10:36:16Z</when>
<when>2026-09-18T10:36:18Z</when>
<when>2026-09-18T10:36:20Z</when>
<when>2026-09-18T10:36:22Z</when>
<when>2026-09-18T10:36:24Z</when>
<when>2026-09-18T10:36:26Z</when>
<when>2026-09-18T10:36:28Z</when>
<when>2026-09-18T10:36:30Z</when>
<when>2026-09-18T10:36:32Z</when>
<when>2026-09-18T10:36:34Z</when>
<when>2026-09-18T10:36:36Z</when>
<when>2026-09-18T10:36:38Z</when>
<when>2026-09-18T10:36:40Z</when>
<when>2026-09-18T10:36:42Z</when>
<when>2026-09-18T10:36:44Z</when>
<when>2026-09-18T10:36:46Z</when>
<when>2026-09-18T10:36:48Z</when>
<when>2026-09-18T10:36:50Z</when>
<when>2026-09-18T10:36:52Z</when>
<when>2026-09-18T10:36:54Z</when>
<when>2026-09-18T10:36:56Z</when>
<when>2026-09-18T10:36:58Z</when>
<when>2026-09-18T10:37:00Z</when>
<when>2026-09-18T10:37:02Z</when>
<when>2026-09-18T10:37:04Z</when>
<when>2026-09-18T10:37:06Z</when>
<when>2026-09-18T10:37:08Z</when>
<when>2026-09-18T10:37:10Z</when>
<when>2026-09-18T10:37:12Z</when>
<when>2026-09-18T10:37:14Z</when>
<when>2026-09-18T10:37:16Z</when>
<when>2026-09-18T10:37:18Z</when>
<when>2026-09-18T10:37:20Z</when>
<when>2026-09-18T10:37:22Z</when>
<when>2026-09-18T10:37:24Z</when>
<when>2026-09-18T10:37:26Z</when>
<when>2026-09-18T10:37:28Z</when>
<when>2026-09-18T10:37:30Z</when>
<when>2026-09-18T10:37:32Z</when>
<when>2026-09-18T10:37:34Z</when>
<when>2026-09-18T10:37:36Z</when>
<when>2026-09-18T10:37:38Z</when>
<when>2026-09-18T10:37:40Z</when>
<when>2026-09-18T10:37:42Z</when>
<when>2026-09-18T10:37:44Z</when>
<when>2026-09-18T10:37:46Z</when>
<when>2026-09-18T10:37:48Z</when>
<when>2026-09-18T10:37:50Z</when>
<when>2026-09-18T10:37:52Z</when>
<when>2026-09-18T10:37:54Z</when>
<when>2026-09-18T10:37:56Z</when>
<when>2026-09-18T10:37:58Z</when>
<when>2026-09-18T10:38:00Z</when>
<when>2026-09-18T10:38:02Z</when>
<when>2026-09-18T10:38:04Z</when>
<when>2026-09-18T10:38:06Z</when>
<when>2026-09-18T10:38:08Z</when>
<when>2026-09-18T10:38:10Z</when>
<when>2026-09-18T10:38:12Z</when>
<when>2026-09-18T10:38:14Z</when>
<when>2026-09-18T10:38:16Z</when>
<when>2026-09-18T10:38:18Z</when>
<when>2026-09-18T10:38:20Z</when>
<when>2026-09-18T10:38:22Z</when>
<when>2026-09-18T10:38:24Z</when>
<when>2026-09-18T10:38:26Z</when>
<when>2026-09-18T10:38:28Z</when>
<when>2026-09-18T10:38:30Z</when>
<when>2026-09-18T10:38:32Z</when>
<when>2026-09-18T10:38:34Z</when>
<when>2026-09-18T10:38:36Z</when>
<when>2026-09-18T10:38:38Z</when>
<when>2026-09-18T10:38:40Z</when>
<when>2026-09-18T10:38:42Z</when>
<when>2026-09-18T10:38:44Z</when>
<when>2026-09-18T10:38:46Z</when>
<when>2026-09-18T10:38:48Z</when>
<when>2026-09-18T10:38:50Z</when>
<when>2026-09-18T10:38:52Z</when>
<when>2026-09-18T10:38:54Z</when>
<when>2026-09-18T10:38:56Z</when>
<when>2026-09-18T10:38:58Z</when>
<when>2026-09-18T10:39:00Z</when>
<when>2026-09-18T10:39:02Z</when>
<when>2026-09-18T10:39:04Z</when>
<when>2026-09-18T10:39:06Z</when>
<when>2026-09-18T10:39:08Z</when>
<when>2026-09-18T10:39:10Z</when>
<when>2026-09-18T10:39:12Z</when>
<when>2026-09-18T10:39:14Z</when>
<when>2026-09-18T10:39:16Z</when>
<when>2026-09-18T10:39:18Z</when>
<when>2026-09-18T10:39:20Z</when>
<when>2026-09-18T10:39:22Z</when>
<when>2026-09-18T10:39:24Z</when>
<when>2026-09-18T10:39:26Z</when>
<when>2026-09-18T10:39:28Z</when>
<when>2026-09-18T10:39:30Z</when>
<when>2026-09-18T10:39:32Z</when>
<when>2026-09-18T10:39:34Z</when>
<when>2026-09-18T10:39:36Z</when>
<when>2026-09-18T10:39:38Z</when>
<when>2026-09-18T10:39:40Z</when>
<when>2026-09-18T10:39:42Z</when>
<when>2026-09-18T10:39:44Z</when>
<when>2026-09-18T10:39:46Z</when>
<when>2026-09-18T10:39:48Z</when>
<when>2026-09-18T10:39:50Z</when>
<when>2026-09-18T10:39:52Z</when>
<when>2026-09-18T10:39:54Z</when>
<when>2026-09-18T10:39:56Z</when>
<when>2026-09-18T10:39:58Z</when>
<when>2026-09-18T10:40:00Z</when>
<when>2026-09-18T10:40:02Z</when>
<when>2026-09-18T10:40:04Z</when>
<when>2026-09-18T10:40:06Z</when>
<when>2026-09-18T10:40:08Z</when>
<when>2026-09-18T10:40:10Z</when>
<when>2026-09-18T10:40:12Z</when>
<when>2026-09-18T10:40:14Z</when>
<when>2026-09-18T10:40:16Z</when>
<when>2026-09-18T10:40:18Z</when>
<when>2026-09-18T10:40:20Z</when>
<when>2026-09-18T10:40:22Z</when>
<when>2026-09-18T10:40:24Z</when>
<when>2026-09-18T10:40:26Z</when>
<when>2026-09-18T10:40:28Z</when>
<when>2026-09-18T10:40:30Z</when>
<when>2026-09-18T10:40:32Z</when>
<when>2026-09-18T10:40:34Z</when>
<when>2026-09-18T10:40:36Z</when>
<when>2026-09-18T10:40:38Z</when>
<when>2026-09-18T10:40:40Z</when>
<when>2026-09-18T10:40:42Z</when>
<when>2026-09-18T10:40:44Z</when>
<when>2026-09-18T10:40:46Z</when>
<when>2026-09-18T10:40:48Z</when>
<when>2026-09-18T10:40:50Z</when>
<when>2026-09-18T10:40:52Z</when>
<when>2026-09-18T10:40:54Z</when>
<when>2026-09-18T10:40:56Z</when>
<when>2026-09-18T10:40:58Z</when>
<when>2026-09-18T10:41:00Z</when>
<when>2026-09-18T10:41:02Z</when>
<when>2026-09-18T10:41:04Z</when>
<when>2026-09-18T10:41:06Z</when>
<when>2026-09-18T10:41:08Z</when>
<when>2026-09-18T10:41:10Z</when>
<when>2026-09-18T10:41:12Z</when>
<when>2026-09-18T10:41:14Z</when>
<when>2026-09-18T10:41:16Z</when>
<when>2026-09-18T10:41:18Z</when>
<when>2026-09-18T10:41:20Z</when>
<when>2026-09-18T10:41:22Z</when>
<when>2026-09-18T10:41:24Z</when>
<when>2026-09-18T10:41:26Z</when>
<when>2026-09-18T10:41:28Z</when>
<when>2026-09-18T10:41:30Z</when>
<when>2026-09-18T10:41:32Z</when>
<when>2026-09-18T10:41:34Z</when>
<when>2026-09-18T10:41:36Z</when>
<when>2026-09-18T10:41:38Z</when>
<when>2026-09-18T10:41:40Z</when>
<when>2026-09-18T10:41:42Z</when>
<when>2026-09-18T10:41:44Z</when>
<when>2026-09-18T10:41:46Z</when>
<when>2026-09-18T10:41:48Z</when>
<when>2026-09-18T10:41:50Z</when>
<when>2026-09-18T10:41:52Z</when>
<when>2026-09-18T10:41:54Z</when>
<when>2026-09-18T10:41:56Z</when>
<when>2026-09-18T10:41:58Z</when>
<when>2026-09-18T10:42:00Z</when>
<when>2026-09-18T10:42:02Z</when>
<when>2026-09-18T10:42:04Z</when>
<when>2026-09-18T10:42:06Z</when>
<when>2026-09-18T10:42:08Z</when>
<when>2026-09-18T10:42:10Z</when>
<when>2026-09-18T10:42:12Z</when>
<when>2026-09-18T10:42:16Z</when>
<when>2026-09-18T10:42:19Z</when>
<when>2026-09-18T10:42:21Z</when>
<when>2026-09-18T10:42:23Z</when>
<when>2026-09-18T10:42:30Z</when>
<when>2026-09-18T10:42:41Z</when>
<when>2026-09-18T10:43:01Z</when>
<when>2026-09-18T10:43:22Z</when>
<when>2026-09-18T10:43:43Z</when>
<when>2026-09-18T10:44:03Z</when>
<when>2026-09-18T10:44:24Z</when>
<when>2026-09-18T10:44:44Z</when>
<when>2026-09-18T10:45:05Z</when>
<when>2026-09-18T10:45:26Z</when>
<when>2026-09-18T10:45:47Z</when>
<when>2026-09-18T10:46:07Z</when>
<when>2026-09-18T10:46:28Z</when>
<when>2026-09-18T10:46:49Z</when>
<when>2026-09-18T10:47:09Z</when>
<when>2026-09-18T10:47:30Z</when>
<when>2026-09-18T10:47:51Z</when>
<when>2026-09-18T10:48:11Z</when>
<when>2026-09-18T10:48:31Z</when>
<when>2026-09-18T10:48:52Z</when>
<when>2026-09-18T10:49:12Z</when>
<when>2026-09-18T10:49:32Z</when>
<when>2026-09-18T10:49:39Z</when>
<when>2026-09-18T10:49:45Z</when>
<when>2026-09-18T10:49:55Z</when>
<when>2026-09-18T10:50:10Z</when>
<when>2026-09-18T10:50:16Z</when>
<when>2026-09-18T10:50:22Z</when>
<when>2026-09-18T10:50:40Z</when>
<when>2026-09-18T10:51:00Z</when>
<when>2026-09-18T10:51:20Z</when>
<when>2026-09-18T10:51:41Z</when>
<when>2026-09-18T10:52:01Z</when>
<when>2026-09-18T10:52:08Z</when>
<when>2026-09-18T10:52:29Z</when>
<when>2026-09-18T10:52:46Z</when>
<when>2026-09-18T10:52:50Z</when>
<when>2026-09-18T10:52:53Z</when>
<when>2026-09-18T10:53:04Z</when>
<when>2026-09-18T10:53:24Z</when>
<when>2026-09-18T10:53:45Z</when>
<when>2026-09-18T10:54:02Z</when>
<when>2026-09-18T10:54:08Z</when>
<when>2026-09-18T10:54:14Z</when>
<when>2026-09-18T10:54:35Z</when>
<when>2026-09-18T10:54:55Z</when>
<when>2026-09-18T10:55:09Z</when>
<when>2026-09-18T10:55:15Z</when>
<when>2026-09-18T10:55:24Z</when>
<when>2026-09-18T10:55:45Z</when>
<when>2026-09-18T10:56:06Z</when>
<when>2026-09-18T10:56:26Z</when>
<when>2026-09-18T10:56:46Z</when>
<when>2026-09-18T10:57:07Z</when>
<when>2026-09-18T10:57:27Z</when>
<when>2026-09-18T10:57:48Z</when>
<when>2026-09-18T10:58:09Z</when>
<when>2026-09-18T10:58:29Z</when>
<when>2026-09-18T10:58:50Z</when>
<when>2026-09-18T10:59:10Z</when>
<when>2026-09-18T10:59:31Z</when>
<when>2026-09-18T10:59:40Z</when>
<when>2026-09-18T11:00:00Z</when>
<when>2026-09-18T11:00:21Z</when>
<when>2026-09-18T11:00:37Z</when>
<when>2026-09-18T11:00:41Z</when>
<when>2026-09-18T11:00:46Z</when>
<when>2026-09-18T11:00:51Z</when>
<when>2026-09-18T11:00:56Z</when>
<when>2026-09-18T11:01:01Z</when>
<when>2026-09-18T11:01:06Z</when>
<when>2026-09-18T11:01:11Z</when>
<when>2026-09-18T11:01:16Z</when>
<when>2026-09-18T11:01:20Z</when>
<when>2026-09-18T11:01:24Z</when>
<when>2026-09-18T11:01:29Z</when>
<when>2026-09-18T11:01:33Z</when>
<when>2026-09-18T11:01:39Z</when>
<when>2026-09-18T11:01:44Z</when>
<when>2026-09-18T11:01:50Z</when>
<when>2026-09-18T11:01:56Z</when>
<when>2026-09-18T11:02:01Z</when>
<when>2026-09-18T11:02:06Z</when>
<when>2026-09-18T11:02:10Z</when>
<when>2026-09-18T11:02:14Z</when>
<when>2026-09-18T11:02:19Z</when>
<when>2026-09-18T11:02:24Z</when>
<when>2026-09-18T11:02:30Z</when>
<when>2026-09-18T11:02:34Z</when>
<when>2026-09-18T11:02:38Z</when>
<when>2026-09-18T11:02:42Z</when>
<when>2026-09-18T11:02:47Z</when>
<when>2026-09-18T11:02:53Z</when>
<when>2026-09-18T11:03:00Z</when>
<when>2026-09-18T11:03:21Z</when>
<when>2026-09-18T11:03:41Z</when>
<when>2026-09-18T11:03:52Z</when>
<when>2026-09-18T11:04:01Z</when>
<when>2026-09-18T11:04:08Z</when>
<when>2026-09-18T11:04:13Z</when>
<when>2026-09-18T11:04:17Z</when>
<when>2026-09-18T11:04:22Z</when>
<when>2026-09-18T11:04:28Z</when>
<when>2026-09-18T11:04:33Z</when>
<when>2026-09-18T11:04:39Z</when>
<when>2026-09-18T11:04:46Z</when>
<when>2026-09-18T11:04:54Z</when>
<when>2026-09-18T11:04:58Z</when>
<when>2026-09-18T11:05:03Z</when>
<when>2026-09-18T11:05:08Z</when>
<when>2026-09-18T11:05:14Z</when>
<when>2026-09-18T11:05:20Z</when>
<when>2026-09-18T11:05:40Z</when>
<when>2026-09-18T11:05:47Z</when>
<when>2026-09-18T11:06:04Z</when>
<when>2026-09-18T11:06:14Z</when>
<when>2026-09-18T11:06:24Z</when>
<when>2026-09-18T11:06:43Z</when>
<when>2026-09-18T11:07:03Z</when>
<when>2026-09-18T11:07:12Z</when>
<when>2026-09-18T11:07:32Z</when>
<when>2026-09-18T11:07:52Z</when>
<when>2026-09-18T11:08:13Z</when>
<when>2026-09-18T11:08:33Z</when>
<when>2026-09-18T11:08:54Z</when>
<when>2026-09-18T11:09:14Z</when>
<when>2026-09-18T11:09:35Z</when>
<when>2026-09-18T11:09:55Z</when>
<when>2026-09-18T11:10:15Z</when>
<when>2026-09-18T11:10:35Z</when>
<when>2026-09-18T11:10:55Z</when>
<when>2026-09-18T11:11:16Z</when>
<when>2026-09-18T11:11:37Z</when>
<when>2026-09-18T11:11:57Z</when>
<when>2026-09-18T11:12:18Z</when>
<when>2026-09-18T11:12:38Z</when>
<when>2026-09-18T11:12:59Z</when>
<when>2026-09-18T11:13:19Z</when>
<when>2026-09-18T11:13:40Z</when>
<when>2026-09-18T11:14:00Z</when>
<when>2026-09-18T11:14:20Z</when>
<when>2026-09-18T11:14:41Z</when>
<when>2026-09-18T11:15:01Z</when>
<when>2026-09-18T11:15:21Z</when>
<when>2026-09-18T11:15:42Z</when>
<when>2026-09-18T11:16:02Z</when>
<when>2026-09-18T11:16:23Z</when>
<when>2026-09-18T11:16:43Z</when>
<when>2026-09-18T11:17:04Z</when>
<when>2026-09-18T11:17:25Z</when>
<when>2026-09-18T11:17:46Z</when>
<when>2026-09-18T11:18:06Z</when>
<when>2026-09-18T11:18:27Z</when>
<when>2026-09-18T11:18:47Z</when>
<when>2026-09-18T11:19:08Z</when>
<when>2026-09-18T11:19:29Z</when>
<when>2026-09-18T11:19:50Z</when>
<when>2026-09-18T11:20:10Z</when>
<when>2026-09-18T11:20:31Z</when>
<when>2026-09-18T11:20:51Z</when>
<when>2026-09-18T11:21:07Z</when>
<when>2026-09-18T11:21:17Z</when>
<when>2026-09-18T11:21:23Z</when>
<when>2026-09-18T11:21:27Z</when>
<when>2026-09-18T11:21:32Z</when>
<when>2026-09-18T11:21:40Z</when>
<when>2026-09-18T11:21:47Z</when>
<when>2026-09-18T11:21:53Z</when>
<when>2026-09-18T11:22:09Z</when>
<when>2026-09-18T11:22:18Z</when>
<when>2026-09-18T11:22:23Z</when>
<when>2026-09-18T11:22:44Z</when>
<when>2026-09-18T11:23:00Z</when>
<when>2026-09-18T11:23:05Z</when>
<when>2026-09-18T11:23:10Z</when>
<when>2026-09-18T11:23:16Z</when>
<when>2026-09-18T11:23:22Z</when>
<when>2026-09-18T11:23:31Z</when>
<when>2026-09-18T11:23:41Z</when>
<when>2026-09-18T11:23:48Z</when>
<when>2026-09-18T11:23:56Z</when>
<when>2026-09-18T11:24:03Z</when>
<when>2026-09-18T11:24:11Z</when>
<when>2026-09-18T11:24:21Z</when>
<when>2026-09-18T11:24:29Z</when>
<when>2026-09-18T11:24:36Z</when>
<when>2026-09-18T11:24:44Z</when>
<when>2026-09-18T11:24:50Z</when>
<when>2026-09-18T11:25:02Z</when>
<when>2026-09-18T11:25:23Z</when>
<when>2026-09-18T11:25:29Z</when>
<when>2026-09-18T11:25:50Z</when>
<when>2026-09-18T11:26:11Z</when>
<when>2026-09-18T11:26:32Z</when>
<when>2026-09-18T11:26:53Z</when>
<when>2026-09-18T11:27:13Z</when>
<when>2026-09-18T11:27:29Z</when>
<when>2026-09-18T11:27:49Z</when>
<when>2026-09-18T11:28:10Z</when>
<when>2026-09-18T11:28:31Z</when>
<when>2026-09-18T11:28:52Z</when>
<when>2026-09-18T11:29:12Z</when>
<when>2026-09-18T11:29:33Z</when>
<when>2026-09-18T11:29:53Z</when>
<when>2026-09-18T11:30:13Z</when>
<when>2026-09-18T11:30:33Z</when>
<when>2026-09-18T11:30:53Z</when>
<when>2026-09-18T11:31:13Z</when>
<when>2026-09-18T11:31:20Z</when>
<when>2026-09-18T11:31:40Z</when>
<when>2026-09-18T11:32:00Z</when>
<when>2026-09-18T11:32:21Z</when>
<when>2026-09-18T11:32:41Z</when>
<when>2026-09-18T11:33:01Z</when>
<when>2026-09-18T11:33:22Z</when>
<when>2026-09-18T11:33:43Z</when>
<when>2026-09-18T11:34:03Z</when>
<when>2026-09-18T11:34:24Z</when>
<when>2026-09-18T11:34:45Z</when>
<when>2026-09-18T11:35:05Z</when>
<when>2026-09-18T11:35:26Z</when>
<when>2026-09-18T11:35:47Z</when>
<when>2026-09-18T11:36:07Z</when>
<when>2026-09-18T11:36:28Z</when>
<when>2026-09-18T11:36:48Z</when>
<when>2026-09-18T11:37:08Z</when>
<when>2026-09-18T11:37:29Z</when>
<when>2026-09-18T11:37:49Z</when>
<when>2026-09-18T11:38:10Z</when>
<when>2026-09-18T11:38:31Z</when>
<when>2026-09-18T11:38:52Z</when>
<when>2026-09-18T11:39:12Z</when>
<when>2026-09-18T11:39:32Z</when>
<when>2026-09-18T11:39:52Z</when>
<when>2026-09-18T11:40:10Z</when>
<when>2026-09-18T11:40:30Z</when>
<when>2026-09-18T11:40:51Z</when>
<when>2026-09-18T11:41:12Z</when>
<when>2026-09-18T11:41:33Z</when>
<when>2026-09-18T11:41:53Z</when>
<when>2026-09-18T11:42:13Z</when>
<when>2026-09-18T11:42:34Z</when>
<when>2026-09-18T11:42:54Z</when>
<when>2026-09-18T11:43:15Z</when>
<when>2026-09-18T11:43:36Z</when>
<when>2026-09-18T11:43:56Z</when>
<when>2026-09-18T11:44:16Z</when>
<when>2026-09-18T11:44:36Z</when>
<when>2026-09-18T11:44:57Z</when>
<when>2026-09-18T11:45:18Z</when>
<when>2026-09-18T11:45:38Z</when>
<when>2026-09-18T11:45:58Z</when>
<when>2026-09-18T11:46:19Z</when>
<when>2026-09-18T11:46:39Z</when>
<when>2026-09-18T11:47:00Z</when>
<when>2026-09-18T11:47:20Z</when>
<when>2026-09-18T11:47:41Z</when>
<when>2026-09-18T11:48:01Z</when>
<when>2026-09-18T11:48:21Z</when>
<when>2026-09-18T11:48:42Z</when>
<when>2026-09-18T11:49:03Z</when>
<when>2026-09-18T11:49:23Z</when>
<when>2026-09-18T11:49:43Z</when>
<when>2026-09-18T11:50:03Z</when>
<when>2026-09-18T11:50:24Z</when>
<when>2026-09-18T11:50:44Z</when>
<when>2026-09-18T11:51:04Z</when>
<when>2026-09-18T11:51:25Z</when>
<when>2026-09-18T11:51:46Z</when>
<when>2026-09-18T11:52:06Z</when>
<when>2026-09-18T11:52:27Z</when>
<when>2026-09-18T11:52:47Z</when>
<when>2026-09-18T11:53:07Z</when>
<when>2026-09-18T11:53:27Z</when>
<when>2026-09-18T11:53:48Z</when>
<when>2026-09-18T11:54:09Z</when>
<when>2026-09-18T11:54:30Z</when>
<when>2026-09-18T11:54:50Z</when>
<when>2026-09-18T11:55:03Z</when>
<when>2026-09-18T11:55:23Z</when>
<when>2026-09-18T11:55:43Z</when>
<when>2026-09-18T11:55:50Z</when>
<when>2026-09-18T11:55:58Z</when>
<when>2026-09-18T11:56:04Z</when>
<when>2026-09-18T11:56:13Z</when>
<when>2026-09-18T11:56:26Z</when>
<when>2026-09-18T11:56:33Z</when>
<when>2026-09-18T11:56:53Z</when>
<when>2026-09-18T11:57:14Z</when>
<when>2026-09-18T11:57:34Z</when>
<when>2026-09-18T11:57:54Z</when>
<when>2026-09-18T11:58:15Z</when>
<when>2026-09-18T11:58:36Z</when>
<when>2026-09-18T11:58:57Z</when>
<when>2026-09-18T11:59:18Z</when>
<when>2026-09-18T11:59:38Z</when>
<when>2026-09-18T11:59:44Z</when>
<when>2026-09-18T12:00:04Z</when>
<when>2026-09-18T12:00:25Z</when>
<when>2026-09-18T12:00:46Z</when>
<when>2026-09-18T12:01:07Z</when>
<when>2026-09-18T12:01:28Z</when>
<when>2026-09-18T12:01:48Z</when>
<when>2026-09-18T12:01:51Z</when>
<when>2026-09-18T12:02:12Z</when>
<when>2026-09-18T12:02:32Z</when>
<when>2026-09-18T12:02:52Z</when>
<when>2026-09-18T12:03:13Z</when>
<when>2026-09-18T12:03:33Z</when>
<when>2026-09-18T12:03:53Z</when>
<when>2026-09-18T12:04:13Z</when>
<when>2026-09-18T12:04:34Z</when>
<when>2026-09-18T12:04:54Z</when>
<when>2026-09-18T12:05:15Z</when>
<when>2026-09-18T12:05:35Z</when>
<when>2026-09-18T12:05:55Z</when>
<when>2026-09-18T12:06:15Z</when>
<when>2026-09-18T12:06:21Z</when>
<when>2026-09-18T12:06:26Z</when>
<when>2026-09-18T12:06:32Z</when>
<when>2026-09-18T12:06:39Z</when>
<when>2026-09-18T12:07:00Z</when>
<when>2026-09-18T12:07:21Z</when>
<when>2026-09-18T12:07:41Z</when>
<when>2026-09-18T12:08:02Z</when>
<when>2026-09-18T12:08:23Z</when>
<when>2026-09-18T12:08:44Z</when>
<when>2026-09-18T12:09:04Z</when>
<when>2026-09-18T12:09:25Z</when>
<when>2026-09-18T12:09:45Z</when>
<when>2026-09-18T12:10:06Z</when>
<when>2026-09-18T12:10:27Z</when>
<when>2026-09-18T12:10:47Z</when>
<when>2026-09-18T12:11:07Z</when>
<when>2026-09-18T12:11:27Z</when>
<when>2026-09-18T12:11:48Z</when>
<when>2026-09-18T12:12:08Z</when>
<when>2026-09-18T12:12:28Z</when>
<when>2026-09-18T12:12:49Z</when>
<when>2026-09-18T12:13:09Z</when>
<when>2026-09-18T12:13:30Z</when>
<when>2026-09-18T12:13:51Z</when>
<when>2026-09-18T12:14:12Z</when>
<when>2026-09-18T12:14:32Z</when>
<when>2026-09-18T12:14:52Z</when>
<when>2026-09-18T12:15:13Z</when>
<when>2026-09-18T12:15:34Z</when>
<when>2026-09-18T12:15:55Z</when>
<when>2026-09-18T12:16:15Z</when>
<when>2026-09-18T12:16:35Z</when>
<when>2026-09-18T12:16:55Z</when>
<when>2026-09-18T12:17:16Z</when>
<when>2026-09-18T12:17:37Z</when>
<when>2026-09-18T12:17:58Z</when>
<when>2026-09-18T12:18:18Z</when>
<when>2026-09-18T12:18:26Z</when>
<when>2026-09-18T12:18:46Z</when>
<when>2026-09-18T12:19:07Z</when>
<when>2026-09-18T12:19:28Z</when>
<when>2026-09-18T12:19:31Z</when>
<when>2026-09-18T12:19:52Z</when>
<when>2026-09-18T12:20:12Z</when>
<when>2026-09-18T12:20:32Z</when>
<when>2026-09-18T12:20:53Z</when>
<when>2026-09-18T12:21:13Z</when>
<when>2026-09-18T12:21:20Z</when>
<when>2026-09-18T12:21:25Z</when>
<when>2026-09-18T12:21:42Z</when>
<when>2026-09-18T12:22:02Z</when>
<when>2026-09-18T12:22:23Z</when>
<when>2026-09-18T12:22:40Z</when>
<when>2026-09-18T12:22:52Z</when>
<when>2026-09-18T12:23:12Z</when>
<when>2026-09-18T12:23:32Z</when>
<when>2026-09-18T12:23:52Z</when>
<when>2026-09-18T12:24:12Z</when>
<when>2026-09-18T12:24:32Z</when>
<when>2026-09-18T12:24:53Z</when>
<when>2026-09-18T12:25:13Z</when>
<when>2026-09-18T12:25:34Z</when>
<when>2026-09-18T12:25:55Z</when>
<when>2026-09-18T12:26:16Z</when>
<when>2026-09-18T12:26:37Z</when>
<when>2026-09-18T12:26:57Z</when>
<when>2026-09-18T12:27:17Z</when>
<when>2026-09-18T12:27:37Z</when>
<when>2026-09-18T12:27:58Z</when>
<when>2026-09-18T12:28:00Z</when>
<when>2026-09-18T12:28:21Z</when>
<when>2026-09-18T12:28:42Z</when>
<when>2026-09-18T12:29:03Z</when>
<when>2026-09-18T12:29:24Z</when>
<when>2026-09-18T12:29:44Z</when>
<when>2026-09-18T12:30:05Z</when>
<when>2026-09-18T12:30:25Z</when>
<when>2026-09-18T12:30:46Z</when>
<when>2026-09-18T12:31:07Z</when>
<when>2026-09-18T12:31:27Z</when>
<when>2026-09-18T12:31:48Z</when>
<when>2026-09-18T12:32:08Z</when>
<when>2026-09-18T12:32:29Z</when>
<when>2026-09-18T12:32:49Z</when>
<when>2026-09-18T12:33:10Z</when>
<when>2026-09-18T12:33:31Z</when>
<when>2026-09-18T12:33:51Z</when>
<when>2026-09-18T12:34:12Z</when>
<when>2026-09-18T12:34:32Z</when>
<when>2026-09-18T12:34:52Z</when>
<when>2026-09-18T12:35:13Z</when>
<when>2026-09-18T12:35:33Z</when>
<when>2026-09-18T12:35:53Z</when>
<when>2026-09-18T12:36:14Z</when>
<when>2026-09-18T12:36:34Z</when>
<when>2026-09-18T12:36:55Z</when>
<when>2026-09-18T12:37:16Z</when>
<when>2026-09-18T12:37:36Z</when>
<when>2026-09-18T12:37:57Z</when>
<when>2026-09-18T12:38:18Z</when>
<when>2026-09-18T12:38:38Z</when>
<when>2026-09-18T12:38:59Z</when>
<when>2026-09-18T12:39:20Z</when>
<when>2026-09-18T12:39:41Z</when>
<when>2026-09-18T12:40:01Z</when>
<when>2026-09-18T12:40:21Z</when>
<when>2026-09-18T12:40:41Z</when>
<when>2026-09-18T12:40:48Z</when>
<when>2026-09-18T12:41:08Z</when>
<when>2026-09-18T12:41:28Z</when>
<when>2026-09-18T12:41:48Z</when>
<when>2026-09-18T12:42:09Z</when>
<when>2026-09-18T12:42:29Z</when>
<when>2026-09-18T12:42:50Z</when>
<when>2026-09-18T12:43:10Z</when>
<when>2026-09-18T12:43:31Z</when>
<when>2026-09-18T12:43:51Z</when>
<when>2026-09-18T12:44:12Z</when>
<when>2026-09-18T12:44:32Z</when>
<when>2026-09-18T12:44:53Z</when>
<when>2026-09-18T12:45:13Z</when>
<when>2026-09-18T12:45:33Z</when>
<when>2026-09-18T12:45:54Z</when>
<when>2026-09-18T12:46:14Z</when>
<when>2026-09-18T12:46:34Z</when>
<when>2026-09-18T12:46:54Z</when>
<when>2026-09-18T12:47:15Z</when>
<when>2026-09-18T12:47:35Z</when>
<when>2026-09-18T12:47:56Z</when>
<when>2026-09-18T12:48:16Z</when>
<when>2026-09-18T12:48:36Z</when>
<when>2026-09-18T12:48:56Z</when>
<when>2026-09-18T12:49:17Z</when>
<when>2026-09-18T12:49:37Z</when>
<when>2026-09-18T12:49:58Z</when>
<when>2026-09-18T12:50:19Z</when>
<when>2026-09-18T12:50:39Z</when>
<when>2026-09-18T12:50:56Z</when>
<when>2026-09-18T12:51:16Z</when>
<when>2026-09-18T12:51:36Z</when>
<when>2026-09-18T12:51:57Z</when>
<when>2026-09-18T12:52:18Z</when>
<when>2026-09-18T12:52:38Z</when>
<when>2026-09-18T12:52:59Z</when>
<when>2026-09-18T12:53:19Z</when>
<when>2026-09-18T12:53:39Z</when>
<when>2026-09-18T12:53:59Z</when>
<when>2026-09-18T12:54:20Z</when>
<when>2026-09-18T12:54:41Z</when>
<when>2026-09-18T12:55:01Z</when>
<when>2026-09-18T12:55:21Z</when>
<when>2026-09-18T12:55:42Z</when>
<when>2026-09-18T12:56:02Z</when>
<when>2026-09-18T12:56:23Z</when>
<when>2026-09-18T12:56:44Z</when>
<when>2026-09-18T12:57:04Z</when>
<when>2026-09-18T12:57:25Z</when>
<when>2026-09-18T12:57:46Z</when>
<when>2026-09-18T12:58:06Z</when>
<when>2026-09-18T12:58:26Z</when>
<when>2026-09-18T12:58:46Z</when>
<when>2026-09-18T12:59:06Z</when>
<when>2026-09-18T12:59:27Z</when>
<when>2026-09-18T12:59:47Z</when>
<when>2026-09-18T13:00:08Z</when>
<when>2026-09-18T13:00:29Z</when>
<when>2026-09-18T13:00:49Z</when>
<when>2026-09-18T13:01:10Z</when>
<when>2026-09-18T13:01:30Z</when>
<when>2026-09-18T13:01:51Z</when>
<when>2026-09-18T13:02:11Z</when>
<when>2026-09-18T13:02:31Z</when>
<when>2026-09-18T13:02:51Z</when>
<when>2026-09-18T13:03:12Z</when>
<when>2026-09-18T13:03:32Z</when>
<when>2026-09-18T13:03:53Z</when>
<when>2026-09-18T13:04:14Z</when>
<when>2026-09-18T13:04:34Z</when>
<when>2026-09-18T13:04:54Z</when>
<when>2026-09-18T13:05:14Z</when>
<when>2026-09-18T13:05:35Z</when>
<when>2026-09-18T13:05:56Z</when>
<when>2026-09-18T13:06:16Z</when>
<when>2026-09-18T13:06:36Z</when>
<when>2026-09-18T13:06:57Z</when>
<when>2026-09-18T13:07:17Z</when>
<when>2026-09-18T13:07:38Z</when>
<when>2026-09-18T13:07:58Z</when>
<when>2026-09-18T13:08:18Z</when>
<when>2026-09-18T13:08:39Z</when>
<when>2026-09-18T13:09:00Z</when>
<when>2026-09-18T13:09:21Z</when>
<when>2026-09-18T13:09:42Z</when>
<when>2026-09-18T13:10:02Z</when>
<when>2026-09-18T13:10:23Z</when>
<when>2026-09-18T13:10:38Z</when>
<when>2026-09-18T13:10:58Z</when>
<when>2026-09-18T13:11:18Z</when>
<when>2026-09-18T13:11:39Z</when>
<when>2026-09-18T13:12:00Z</when>
<when>2026-09-18T13:12:15Z</when>
<when>2026-09-18T13:12:36Z</when>
<when>2026-09-18T13:12:56Z</when>
<when>2026-09-18T13:13:17Z</when>
<when>2026-09-18T13:13:37Z</when>
<when>2026-09-18T13:13:57Z</when>
<when>2026-09-18T13:14:18Z</when>
<when>2026-09-18T13:14:39Z</when>
<when>2026-09-18T13:14:59Z</when>
<when>2026-09-18T13:15:20Z</when>
<when>2026-09-18T13:15:26Z</when>
<when>2026-09-18T13:15:47Z</when>
<when>2026-09-18T13:16:08Z</when>
<when>2026-09-18T13:16:29Z</when>
<when>2026-09-18T13:16:49Z</when>
<when>2026-09-18T13:17:09Z</when>
<when>2026-09-18T13:17:30Z</when>
<when>2026-09-18T13:17:50Z</when>
<when>2026-09-18T13:18:11Z</when>
<when>2026-09-18T13:18:32Z</when>
<when>2026-09-18T13:18:40Z</when>
<when>2026-09-18T13:19:01Z</when>
<when>2026-09-18T13:19:21Z</when>
<when>2026-09-18T13:19:41Z</when>
<when>2026-09-18T13:20:02Z</when>
<when>2026-09-18T13:20:23Z</when>
<when>2026-09-18T13:20:44Z</when>
<when>2026-09-18T13:21:04Z</when>
<when>2026-09-18T13:21:24Z</when>
<when>2026-09-18T13:21:45Z</when>
<when>2026-09-18T13:22:05Z</when>
<when>2026-09-18T13:22:25Z</when>
<when>2026-09-18T13:22:46Z</when>
<when>2026-09-18T13:23:07Z</when>
<when>2026-09-18T13:23:28Z</when>
<when>2026-09-18T13:23:48Z</when>
<when>2026-09-18T13:24:09Z</when>
<when>2026-09-18T13:24:29Z</when>
<when>2026-09-18T13:24:49Z</when>
<when>2026-09-18T13:25:10Z</when>
<when>2026-09-18T13:25:31Z</when>
<when>2026-09-18T13:25:51Z</when>
<when>2026-09-18T13:26:12Z</when>
<when>2026-09-18T13:26:32Z</when>
<when>2026-09-18T13:26:52Z</when>
<when>2026-09-18T13:27:13Z</when>
<when>2026-09-18T13:27:18Z</when>
<when>2026-09-18T13:27:28Z</when>
<when>2026-09-18T13:27:37Z</when>
<when>2026-09-18T13:27:58Z</when>
<when>2026-09-18T13:28:19Z</when>
<when>2026-09-18T13:28:26Z</when>
<when>2026-09-18T13:28:46Z</when>
<when>2026-09-18T13:29:07Z</when>
<when>2026-09-18T13:29:12Z</when>
<when>2026-09-18T13:29:33Z</when>
<when>2026-09-18T13:29:54Z</when>
<when>2026-09-18T13:30:14Z</when>
<when>2026-09-18T13:30:34Z</when>
<when>2026-09-18T13:30:55Z</when>
<when>2026-09-18T13:31:16Z</when>
<when>2026-09-18T13:31:36Z</when>
<when>2026-09-18T13:31:56Z</when>
<when>2026-09-18T13:32:16Z</when>
<when>2026-09-18T13:32:27Z</when>
<when>2026-09-18T13:32:47Z</when>
<when>2026-09-18T13:33:07Z</when>
<when>2026-09-18T13:33:28Z</when>
<when>2026-09-18T13:33:42Z</when>
<when>2026-09-18T13:34:03Z</when>
<when>2026-09-18T13:34:21Z</when>
<when>2026-09-18T13:34:29Z</when>
<when>2026-09-18T13:34:49Z</when>
<when>2026-09-18T13:35:10Z</when>
<when>2026-09-18T13:35:19Z</when>
<when>2026-09-18T13:35:31Z</when>
<when>2026-09-18T13:35:51Z</when>
<when>2026-09-18T13:36:12Z</when>
<when>2026-09-18T13:36:33Z</when>
<when>2026-09-18T13:36:53Z</when>
<when>2026-09-18T13:37:13Z</when>
<when>2026-09-18T13:37:33Z</when>
<when>2026-09-18T13:37:53Z</when>
<when>2026-09-18T13:38:13Z</when>
<when>2026-09-18T13:38:34Z</when>
<when>2026-09-18T13:38:54Z</when>
<when>2026-09-18T13:39:15Z</when>
<when>2026-09-18T13:39:36Z</when>
<when>2026-09-18T13:39:57Z</when>
<when>2026-09-18T13:40:18Z</when>
<when>2026-09-18T13:40:38Z</when>
<when>2026-09-18T13:40:51Z</when>
<when>2026-09-18T13:41:11Z</when>
<when>2026-09-18T13:41:31Z</when>
<when>2026-09-18T13:41:50Z</when>
<when>2026-09-18T13:42:10Z</when>
<when>2026-09-18T13:42:31Z</when>
<when>2026-09-18T13:42:52Z</when>
<when>2026-09-18T13:43:13Z</when>
<when>2026-09-18T13:43:33Z</when>
<when>2026-09-18T13:43:54Z</when>
<when>2026-09-18T13:44:14Z</when>
<when>2026-09-18T13:44:34Z</when>
<when>2026-09-18T13:44:54Z</when>
<when>2026-09-18T13:45:15Z</when>
<when>2026-09-18T13:45:35Z</when>
<when>2026-09-18T13:45:55Z</when>
<when>2026-09-18T13:46:05Z</when>
<when>2026-09-18T13:46:25Z</when>
<when>2026-09-18T13:46:45Z</when>
<when>2026-09-18T13:47:05Z</when>
<when>2026-09-18T13:47:25Z</when>
<when>2026-09-18T13:47:46Z</when>
<when>2026-09-18T13:48:06Z</when>
<when>2026-09-18T13:48:26Z</when>
<when>2026-09-18T13:48:46Z</when>
<when>2026-09-18T13:49:06Z</when>
<when>2026-09-18T13:49:27Z</when>
<when>2026-09-18T13:49:47Z</when>
<when>2026-09-18T13:50:08Z</when>
<when>2026-09-18T13:50:29Z</when>
<when>2026-09-18T13:50:49Z</when>
<when>2026-09-18T13:51:09Z</when>
<when>2026-09-18T13:51:30Z</when>
<when>2026-09-18T13:51:32Z</when>
<when>2026-09-18T13:51:53Z</when>
<when>2026-09-18T13:52:13Z</when>
<when>2026-09-18T13:52:16Z</when>
<when>2026-09-18T13:52:22Z</when>
<when>2026-09-18T13:52:42Z</when>
<when>2026-09-18T13:53:03Z</when>
<when>2026-09-18T13:53:24Z</when>
<when>2026-09-18T13:53:44Z</when>
<when>2026-09-18T13:54:05Z</when>
<when>2026-09-18T13:54:25Z</when>
<when>2026-09-18T13:54:45Z</when>
<when>2026-09-18T13:55:06Z</when>
<when>2026-09-18T13:55:26Z</when>
<when>2026-09-18T13:55:47Z</when>
<when>2026-09-18T13:56:07Z</when>
<when>2026-09-18T13:56:26Z</when>
<when>2026-09-18T13:56:47Z</when>
<when>2026-09-18T13:57:08Z</when>
<when>2026-09-18T13:57:28Z</when>
<when>2026-09-18T13:57:48Z</when>
<when>2026-09-18T13:58:08Z</when>
<when>2026-09-18T13:58:20Z</when>
<when>2026-09-18T13:58:41Z</when>
<when>2026-09-18T13:59:02Z</when>
<when>2026-09-18T13:59:22Z</when>
<when>2026-09-18T13:59:43Z</when>
<when>2026-09-18T14:00:03Z</when>
<when>2026-09-18T14:00:23Z</when>
<when>2026-09-18T14:00:44Z</when>
<when>2026-09-18T14:01:05Z</when>
<when>2026-09-18T14:01:26Z</when>
<when>2026-09-18T14:01:46Z</when>
<when>2026-09-18T14:02:07Z</when>
<when>2026-09-18T14:02:27Z</when>
<when>2026-09-18T14:02:48Z</when>
<when>2026-09-18T14:03:08Z</when>
<when>2026-09-18T14:03:28Z</when>
<when>2026-09-18T14:03:48Z</when>
<when>2026-09-18T14:04:09Z</when>
<when>2026-09-18T14:04:30Z</when>
<when>2026-09-18T14:04:51Z</when>
<when>2026-09-18T14:05:11Z</when>
<when>2026-09-18T14:05:32Z</when>
<when>2026-09-18T14:05:52Z</when>
<when>2026-09-18T14:06:12Z</when>
<when>2026-09-18T14:06:31Z</when>
<when>2026-09-18T14:06:52Z</when>
<when>2026-09-18T14:07:12Z</when>
<when>2026-09-18T14:07:32Z</when>
<when>2026-09-18T14:07:52Z</when>
<when>2026-09-18T14:08:13Z</when>
<when>2026-09-18T14:08:34Z</when>
<when>2026-09-18T14:08:55Z</when>
<when>2026-09-18T14:09:15Z</when>
<when>2026-09-18T14:09:35Z</when>
<when>2026-09-18T14:09:56Z</when>
<when>2026-09-18T14:10:16Z</when>
<when>2026-09-18T14:10:37Z</when>
<when>2026-09-18T14:10:58Z</when>
<when>2026-09-18T14:11:04Z</when>
<when>2026-09-18T14:11:25Z</when>
<when>2026-09-18T14:11:45Z</when>
<when>2026-09-18T14:12:05Z</when>
<when>2026-09-18T14:12:25Z</when>
<when>2026-09-18T14:12:46Z</when>
<when>2026-09-18T14:13:07Z</when>
<when>2026-09-18T14:13:27Z</when>
<when>2026-09-18T14:13:47Z</when>
<when>2026-09-18T14:14:07Z</when>
<when>2026-09-18T14:14:28Z</when>
<when>2026-09-18T14:14:36Z</when>
<when>2026-09-18T14:14:57Z</when>
<when>2026-09-18T14:15:17Z</when>
<when>2026-09-18T14:15:38Z</when>
<when>2026-09-18T14:15:58Z</when>
<when>2026-09-18T14:16:18Z</when>
<when>2026-09-18T14:16:39Z</when>
<when>2026-09-18T14:17:00Z</when>
<when>2026-09-18T14:17:20Z</when>
<when>2026-09-18T14:17:40Z</when>
<when>2026-09-18T14:18:00Z</when>
<when>2026-09-18T14:18:21Z</when>
<when>2026-09-18T14:18:41Z</when>
<when>2026-09-18T14:19:01Z</when>
<when>2026-09-18T14:19:22Z</when>
<when>2026-09-18T14:19:42Z</when>
<when>2026-09-18T14:20:03Z</when>
<when>2026-09-18T14:20:23Z</when>
<when>2026-09-18T14:20:43Z</when>
<when>2026-09-18T14:21:04Z</when>
<when>2026-09-18T14:21:09Z</when>
<when>2026-09-18T14:21:21Z</when>
<when>2026-09-18T14:21:41Z</when>
<when>2026-09-18T14:22:01Z</when>
<when>2026-09-18T14:22:22Z</when>
<when>2026-09-18T14:22:42Z</when>
<when>2026-09-18T14:23:03Z</when>
<when>2026-09-18T14:23:24Z</when>
<when>2026-09-18T14:23:37Z</when>
<when>2026-09-18T14:23:57Z</when>
<when>2026-09-18T14:24:17Z</when>
<when>2026-09-18T14:24:37Z</when>
<when>2026-09-18T14:24:57Z</when>
<when>2026-09-18T14:25:18Z</when>
<when>2026-09-18T14:25:38Z</when>
<when>2026-09-18T14:25:58Z</when>
<when>2026-09-18T14:26:18Z</when>
<when>2026-09-18T14:26:38Z</when>
<when>2026-09-18T14:26:58Z</when>
<when>2026-09-18T14:27:19Z</when>
<when>2026-09-18T14:27:40Z</when>
<when>2026-09-18T14:28:01Z</when>
<when>2026-09-18T14:28:22Z</when>
<when>2026-09-18T14:28:42Z</when>
<when>2026-09-18T14:29:03Z</when>
<when>2026-09-18T14:29:23Z</when>
<when>2026-09-18T14:29:44Z</when>
<when>2026-09-18T14:30:05Z</when>
<when>2026-09-18T14:30:25Z</when>
<when>2026-09-18T14:30:44Z</when>
<when>2026-09-18T14:31:02Z</when>
<when>2026-09-18T14:31:23Z</when>
<when>2026-09-18T14:31:43Z</when>
<when>2026-09-18T14:32:04Z</when>
<when>2026-09-18T14:32:12Z</when>
<when>2026-09-18T14:32:33Z</when>
<when>2026-09-18T14:32:53Z</when>
<when>2026-09-18T14:33:14Z</when>
<when>2026-09-18T14:33:18Z</when>
<when>2026-09-18T14:33:38Z</when>
<when>2026-09-18T14:33:58Z</when>
<when>2026-09-18T14:34:05Z</when>
<when>2026-09-18T14:34:14Z</when>
<when>2026-09-18T14:34:21Z</when>
<when>2026-09-18T14:34:41Z</when>
<when>2026-09-18T14:35:02Z</when>
<when>2026-09-18T14:35:22Z</when>
<when>2026-09-18T14:35:42Z</when>
<when>2026-09-18T14:35:44Z</when>
<when>2026-09-18T14:36:04Z</when>
<when>2026-09-18T14:36:13Z</when>
<when>2026-09-18T14:36:24Z</when>
<when>2026-09-18T14:36:44Z</when>
<when>2026-09-18T14:36:54Z</when>
<when>2026-09-18T14:37:14Z</when>
<when>2026-09-18T14:37:34Z</when>
<when>2026-09-18T14:37:54Z</when>
<when>2026-09-18T14:37:56Z</when>
<when>2026-09-18T14:38:04Z</when>
<when>2026-09-18T14:38:11Z</when>
<when>2026-09-18T14:38:31Z</when>
<when>2026-09-18T14:38:39Z</when>
<when>2026-09-18T14:38:43Z</when>
<when>2026-09-18T14:38:49Z</when>
<when>2026-09-18T14:38:54Z</when>
<when>2026-09-18T14:39:02Z</when>
<when>2026-09-18T14:39:22Z</when>
<when>2026-09-18T14:39:43Z</when>
<when>2026-09-18T14:40:02Z</when>
<when>2026-09-18T14:40:14Z</when>
<when>2026-09-18T14:40:28Z</when>
<when>2026-09-18T14:40:37Z</when>
<when>2026-09-18T14:40:44Z</when>
<when>2026-09-18T14:41:02Z</when>
<when>2026-09-18T14:41:23Z</when>
<when>2026-09-18T14:41:43Z</when>
<when>2026-09-18T14:42:04Z</when>
<when>2026-09-18T14:42:08Z</when>
<when>2026-09-18T14:42:16Z</when>
<when>2026-09-18T14:42:24Z</when>
<when>2026-09-18T14:42:44Z</when>
<when>2026-09-18T14:43:04Z</when>
<when>2026-09-18T14:43:25Z</when>
<when>2026-09-18T14:43:41Z</when>
<when>2026-09-18T14:43:47Z</when>
<when>2026-09-18T14:43:57Z</when>
<when>2026-09-18T14:44:06Z</when>
<when>2026-09-18T14:44:18Z</when>
<when>2026-09-18T14:44:31Z</when>
<when>2026-09-18T14:44:45Z</when>
<when>2026-09-18T14:45:05Z</when>
<when>2026-09-18T14:45:08Z</when>
<when>2026-09-18T14:45:19Z</when>
<when>2026-09-18T14:45:35Z</when>
<when>2026-09-18T14:45:55Z</when>
<when>2026-09-18T14:45:58Z</when>
<when>2026-09-18T14:46:04Z</when>
<when>2026-09-18T14:46:10Z</when>
<when>2026-09-18T14:46:16Z</when>
<when>2026-09-18T14:46:24Z</when>
<when>2026-09-18T14:46:44Z</when>
<when>2026-09-18T14:46:54Z</when>
<when>2026-09-18T14:46:59Z</when>
<when>2026-09-18T14:47:05Z</when>
<when>2026-09-18T14:47:12Z</when>
<when>2026-09-18T14:47:17Z</when>
<when>2026-09-18T14:47:24Z</when>
<when>2026-09-18T14:47:31Z</when>
<when>2026-09-18T14:47:37Z</when>
<when>2026-09-18T14:47:41Z</when>
<when>2026-09-18T14:47:46Z</when>
<when>2026-09-18T14:47:50Z</when>
<when>2026-09-18T14:47:54Z</when>
<when>2026-09-18T14:47:59Z</when>
<when>2026-09-18T14:48:06Z</when>
<when>2026-09-18T14:48:12Z</when>
<when>2026-09-18T14:48:17Z</when>
<when>2026-09-18T14:48:21Z</when>
<when>2026-09-18T14:48:25Z</when>
<when>2026-09-18T14:48:29Z</when>
<when>2026-09-18T14:48:33Z</when>
<when>2026-09-18T14:48:38Z</when>
<when>2026-09-18T14:48:42Z</when>
<when>2026-09-18T14:48:46Z</when>
<when>2026-09-18T14:48:51Z</when>
<when>2026-09-18T14:48:58Z</when>
<when>2026-09-18T14:49:02Z</when>
<when>2026-09-18T14:49:06Z</when>
<when>2026-09-18T14:49:16Z</when>
<when>2026-09-18T14:49:20Z</when>
<when>2026-09-18T14:49:23Z</when>
<when>2026-09-18T14:49:27Z</when>
<when>2026-09-18T14:49:31Z</when>
<when>2026-09-18T14:49:37Z</when>
<when>2026-09-18T14:49:51Z</when>
<when>2026-09-18T14:49:56Z</when>
<when>2026-09-18T14:50:02Z</when>
<when>2026-09-18T14:50:11Z</when>
<when>2026-09-18T14:50:28Z</when>
<when>2026-09-18T14:50:48Z</when>
<when>2026-09-18T14:51:09Z</when>
<when>2026-09-18T14:51:27Z</when>
<when>2026-09-18T14:51:29Z</when>
<when>2026-09-18T14:51:31Z</when>
<when>2026-09-18T14:51:33Z</when>
<when>2026-09-18T14:51:35Z</when>
<when>2026-09-18T14:51:37Z</when>
<when>2026-09-18T14:51:39Z</when>
<when>2026-09-18T14:51:41Z</when>
<when>2026-09-18T14:51:43Z</when>
<when>2026-09-18T14:51:45Z</when>
<when>2026-09-18T14:51:47Z</when>
<when>2026-09-18T14:51:49Z</when>
<when>2026-09-18T14:51:51Z</when>
<when>2026-09-18T14:51:53Z</when>
<when>2026-09-18T14:51:55Z</when>
<when>2026-09-18T14:51:57Z</when>
<when>2026-09-18T14:51:59Z</when>
<when>2026-09-18T14:52:01Z</when>
<when>2026-09-18T14:52:03Z</when>
<when>2026-09-18T14:52:12Z</when>
<when>2026-09-18T14:52:14Z</when>
<when>2026-09-18T14:52:16Z</when>
<when>2026-09-18T14:52:18Z</when>
<when>2026-09-18T14:52:20Z</when>
<when>2026-09-18T14:52:22Z</when>
<when>2026-09-18T14:52:24Z</when>
<when>2026-09-18T14:52:26Z</when>
<when>2026-09-18T14:52:28Z</when>
<when>2026-09-18T14:52:30Z</when>
<when>2026-09-18T14:52:32Z</when>
<when>2026-09-18T14:52:34Z</when>
<when>2026-09-18T14:52:36Z</when>
<when>2026-09-18T14:52:38Z</when>
<when>2026-09-18T14:52:40Z</when>
<when>2026-09-18T14:52:42Z</when>
<when>2026-09-18T14:52:44Z</when>
<when>2026-09-18T14:52:46Z</when>
<when>2026-09-18T14:52:48Z</when>
<when>2026-09-18T14:52:50Z</when>
<when>2026-09-18T14:52:52Z</when>
<when>2026-09-18T14:52:54Z</when>
<when>2026-09-18T14:52:56Z</when>
<when>2026-09-18T14:52:58Z</when>
<when>2026-09-18T14:53:00Z</when>
<when>2026-09-18T14:53:02Z</when>
<when>2026-09-18T14:53:04Z</when>
<when>2026-09-18T14:53:06Z</when>
<when>2026-09-18T14:53:08Z</when>
<when>2026-09-18T14:53:10Z</when>
<when>2026-09-18T14:53:12Z</when>
<when>2026-09-18T14:53:14Z</when>
<when>2026-09-18T14:53:16Z</when>
<when>2026-09-18T14:53:18Z</when>
<when>2026-09-18T14:53:20Z</when>
<when>2026-09-18T14:53:22Z</when>
<when>2026-09-18T14:53:24Z</when>
<when>2026-09-18T14:53:26Z</when>
<when>2026-09-18T14:53:28Z</when>
<when>2026-09-18T14:53:30Z</when>
<when>2026-09-18T14:53:32Z</when>
<when>2026-09-18T14:53:34Z</when>
<when>2026-09-18T14:53:36Z</when>
<when>2026-09-18T14:53:38Z</when>
<when>2026-09-18T14:53:40Z</when>
<when>2026-09-18T14:53:42Z</when>
<when>2026-09-18T14:53:44Z</when>
<when>2026-09-18T14:53:46Z</when>
<when>2026-09-18T14:53:48Z</when>
<when>2026-09-18T14:53:50Z</when>
<when>2026-09-18T14:53:52Z</when>
<when>2026-09-18T14:53:54Z</when>
<when>2026-09-18T14:53:56Z</when>
<when>2026-09-18T14:53:58Z</when>
<when>2026-09-18T14:54:00Z</when>
<when>2026-09-18T14:54:02Z</when>
<when>2026-09-18T14:54:04Z</when>
<when>2026-09-18T14:54:06Z</when>
<when>2026-09-18T14:54:08Z</when>
<when>2026-09-18T14:54:10Z</when>
<when>2026-09-18T14:54:12Z</when>
<when>2026-09-18T14:54:25Z</when>
<when>2026-09-18T14:54:27Z</when>
<when>2026-09-18T14:54:31Z</when>
<when>2026-09-18T14:54:33Z</when>
<when>2026-09-18T14:54:35Z</when>
<when>2026-09-18T14:54:37Z</when>
<when>2026-09-18T14:54:39Z</when>
<when>2026-09-18T14:54:41Z</when>
<when>2026-09-18T14:54:43Z</when>
<when>2026-09-18T14:54:45Z</when>
<when>2026-09-18T14:54:47Z</when>
<when>2026-09-18T14:54:49Z</when>
<when>2026-09-18T14:54:51Z</when>
<when>2026-09-18T14:54:53Z</when>
<when>2026-09-18T14:54:55Z</when>
<when>2026-09-18T14:54:57Z</when>
<when>2026-09-18T14:54:59Z</when>
<when>2026-09-18T14:55:01Z</when>
<when>2026-09-18T14:55:03Z</when>
<when>2026-09-18T14:55:05Z</when>
<when>2026-09-18T14:55:07Z</when>
<when>2026-09-18T14:55:09Z</when>
<when>2026-09-18T14:55:11Z</when>
<when>2026-09-18T14:55:13Z</when>
<when>2026-09-18T14:55:15Z</when>
<when>2026-09-18T14:55:17Z</when>
<when>2026-09-18T14:55:19Z</when>
<when>2026-09-18T14:55:21Z</when>
<when>2026-09-18T14:55:23Z</when>
<when>2026-09-18T14:55:25Z</when>
<when>2026-09-18T14:55:27Z</when>
<when>2026-09-18T14:55:29Z</when>
<when>2026-09-18T14:55:31Z</when>
<when>2026-09-18T14:55:33Z</when>
<when>2026-09-18T14:55:35Z</when>
<when>2026-09-18T14:55:37Z</when>
<when>2026-09-18T14:55:39Z</when>
<when>2026-09-18T14:55:41Z</when>
<when>2026-09-18T14:55:43Z</when>
<when>2026-09-18T14:55:45Z</when>
<when>2026-09-18T14:55:47Z</when>
<when>2026-09-18T14:55:49Z</when>
<when>2026-09-18T14:55:51Z</when>
<when>2026-09-18T14:55:53Z</when>
<when>2026-09-18T14:55:55Z</when>
<when>2026-09-18T14:55:57Z</when>
<when>2026-09-18T14:55:59Z</when>
<when>2026-09-18T14:56:01Z</when>
<when>2026-09-18T14:56:03Z</when>
<when>2026-09-18T14:56:05Z</when>
<when>2026-09-18T14:56:07Z</when>
<when>2026-09-18T14:56:09Z</when>
<when>2026-09-18T14:56:11Z</when>
<when>2026-09-18T14:56:13Z</when>
<when>2026-09-18T14:56:15Z</when>
<when>2026-09-18T14:56:17Z</when>
<when>2026-09-18T14:56:19Z</when>
<when>2026-09-18T14:56:21Z</when>
<when>2026-09-18T14:56:23Z</when>
<when>2026-09-18T14:56:25Z</when>
<when>2026-09-18T14:56:27Z</when>
<when>2026-09-18T14:56:29Z</when>
<when>2026-09-18T14:56:31Z</when>
<when>2026-09-18T14:56:33Z</when>
<when>2026-09-18T14:56:35Z</when>
<when>2026-09-18T14:56:37Z</when>
<when>2026-09-18T14:56:39Z</when>
<when>2026-09-18T14:56:41Z</when>
<when>2026-09-18T14:56:43Z</when>
<when>2026-09-18T14:56:45Z</when>
<when>2026-09-18T14:56:47Z</when>
<when>2026-09-18T14:56:49Z</when>
<when>2026-09-18T14:56:51Z</when>
<when>2026-09-18T14:56:53Z</when>
<when>2026-09-18T14:56:55Z</when>
<when>2026-09-18T14:56:57Z</when>
<when>2026-09-18T14:56:59Z</when>
<when>2026-09-18T14:57:01Z</when>
<when>2026-09-18T14:57:03Z</when>
<when>2026-09-18T14:57:05Z</when>
<when>2026-09-18T14:57:07Z</when>
<when>2026-09-18T14:57:09Z</when>
<when>2026-09-18T14:57:11Z</when>
<when>2026-09-18T14:57:13Z</when>
<when>2026-09-18T14:57:15Z</when>
<when>2026-09-18T14:57:17Z</when>
<when>2026-09-18T14:57:19Z</when>
<when>2026-09-18T14:57:21Z</when>
<when>2026-09-18T14:57:23Z</when>
<when>2026-09-18T14:57:25Z</when>
<when>2026-09-18T14:57:27Z</when>
<when>2026-09-18T14:57:29Z</when>
<when>2026-09-18T14:57:31Z</when>
<when>2026-09-18T14:57:33Z</when>
<when>2026-09-18T14:57:35Z</when>
<when>2026-09-18T14:57:37Z</when>
<when>2026-09-18T14:57:39Z</when>
<when>2026-09-18T14:57:41Z</when>
<when>2026-09-18T14:57:43Z</when>
<when>2026-09-18T14:57:45Z</when>
<when>2026-09-18T14:57:47Z</when>
<when>2026-09-18T14:57:49Z</when>
<when>2026-09-18T14:57:51Z</when>
<when>2026-09-18T14:57:53Z</when>
<when>2026-09-18T14:57:55Z</when>
<when>2026-09-18T14:57:57Z</when>
<when>2026-09-18T14:57:59Z</when>
<when>2026-09-18T14:58:01Z</when>
<when>2026-09-18T14:58:03Z</when>
<when>2026-09-18T14:58:05Z</when>
<when>2026-09-18T14:58:07Z</when>
<when>2026-09-18T14:58:09Z</when>
<when>2026-09-18T14:58:11Z</when>
<when>2026-09-18T14:58:13Z</when>
<when>2026-09-18T14:58:15Z</when>
<when>2026-09-18T14:58:17Z</when>
<when>2026-09-18T14:58:19Z</when>
<when>2026-09-18T14:58:21Z</when>
<when>2026-09-18T14:58:23Z</when>
<when>2026-09-18T14:58:25Z</when>
<when>2026-09-18T14:58:27Z</when>
<when>2026-09-18T14:58:29Z</when>
<when>2026-09-18T14:58:31Z</when>
<when>2026-09-18T14:58:33Z</when>
<when>2026-09-18T14:58:35Z</when>
<when>2026-09-18T14:58:37Z</when>
<when>2026-09-18T14:58:39Z</when>
<when>2026-09-18T14:58:41Z</when>
<when>2026-09-18T14:58:43Z</when>
<when>2026-09-18T14:58:45Z</when>
<when>2026-09-18T14:58:47Z</when>
<when>2026-09-18T14:58:49Z</when>
<when>2026-09-18T14:58:51Z</when>
<when>2026-09-18T14:58:53Z</when>
<when>2026-09-18T14:58:55Z</when>
<when>2026-09-18T14:58:57Z</when>
<when>2026-09-18T14:58:59Z</when>
<when>2026-09-18T14:59:01Z</when>
<when>2026-09-18T14:59:03Z</when>
<when>2026-09-18T14:59:05Z</when>
<when>2026-09-18T14:59:07Z</when>
<when>2026-09-18T14:59:09Z</when>
<when>2026-09-18T14:59:11Z</when>
<when>2026-09-18T14:59:13Z</when>
<when>2026-09-18T14:59:15Z</when>
<when>2026-09-18T14:59:17Z</when>
<when>2026-09-18T14:59:19Z</when>
<when>2026-09-18T14:59:23Z</when>
<when>2026-09-18T14:59:36Z</when>
<when>2026-09-18T14:59:38Z</when>
<when>2026-09-18T14:59:40Z</when>
<when>2026-09-18T14:59:42Z</when>
<when>2026-09-18T14:59:44Z</when>
<when>2026-09-18T14:59:46Z</when>
<when>2026-09-18T14:59:48Z</when>
<when>2026-09-18T14:59:50Z</when>
<when>2026-09-18T14:59:52Z</when>
<when>2026-09-18T14:59:54Z</when>
<when>2026-09-18T14:59:56Z</when>
<when>2026-09-18T14:59:58Z</when>
<when>2026-09-18T15:00:00Z</when>
<when>2026-09-18T15:00:02Z</when>
<when>2026-09-18T15:00:04Z</when>
<when>2026-09-18T15:00:06Z</when>
<when>2026-09-18T15:00:08Z</when>
<when>2026-09-18T15:00:10Z</when>
<when>2026-09-18T15:00:12Z</when>
<when>2026-09-18T15:00:14Z</when>
<when>2026-09-18T15:00:16Z</when>
<when>2026-09-18T15:00:18Z</when>
<when>2026-09-18T15:00:20Z</when>
<when>2026-09-18T15:00:22Z</when>
<when>2026-09-18T15:00:24Z</when>
<when>2026-09-18T15:00:26Z</when>
<when>2026-09-18T15:00:28Z</when>
<when>2026-09-18T15:00:30Z</when>
<when>2026-09-18T15:00:32Z</when>
<when>2026-09-18T15:00:34Z</when>
<when>2026-09-18T15:00:36Z</when>
<when>2026-09-18T15:00:38Z</when>
<when>2026-09-18T15:00:40Z</when>
<when>2026-09-18T15:00:42Z</when>
<when>2026-09-18T15:00:44Z</when>
<when>2026-09-18T15:00:46Z</when>
<when>2026-09-18T15:00:48Z</when>
<when>2026-09-18T15:00:50Z</when>
<when>2026-09-18T15:00:52Z</when>
<when>2026-09-18T15:00:54Z</when>
<when>2026-09-18T15:00:56Z</when>
<when>2026-09-18T15:00:58Z</when>
<when>2026-09-18T15:01:00Z</when>
<when>2026-09-18T15:01:02Z</when>
<when>2026-09-18T15:01:04Z</when>
<when>2026-09-18T15:01:06Z</when>
<when>2026-09-18T15:01:08Z</when>
<when>2026-09-18T15:01:10Z</when>
<when>2026-09-18T15:01:12Z</when>
<when>2026-09-18T15:01:14Z</when>
<when>2026-09-18T15:01:16Z</when>
<when>2026-09-18T15:01:18Z</when>
<when>2026-09-18T15:01:20Z</when>
<when>2026-09-18T15:01:22Z</when>
<when>2026-09-18T15:01:24Z</when>
<when>2026-09-18T15:01:26Z</when>
<when>2026-09-18T15:01:28Z</when>
<when>2026-09-18T15:01:30Z</when>
<when>2026-09-18T15:01:32Z</when>
<when>2026-09-18T15:01:34Z</when>
<when>2026-09-18T15:01:36Z</when>
<when>2026-09-18T15:01:38Z</when>
<when>2026-09-18T15:01:40Z</when>
<when>2026-09-18T15:01:42Z</when>
<when>2026-09-18T15:01:44Z</when>
<when>2026-09-18T15:01:46Z</when>
<when>2026-09-18T15:01:48Z</when>
<when>2026-09-18T15:01:50Z</when>
<when>2026-09-18T15:01:52Z</when>
<when>2026-09-18T15:01:54Z</when>
<when>2026-09-18T15:01:56Z</when>
<when>2026-09-18T15:01:58Z</when>
<when>2026-09-18T15:02:00Z</when>
<when>2026-09-18T15:02:02Z</when>
<when>2026-09-18T15:02:04Z</when>
<when>2026-09-18T15:02:06Z</when>
<when>2026-09-18T15:02:08Z</when>
<when>2026-09-18T15:02:10Z</when>
<when>2026-09-18T15:02:12Z</when>
<when>2026-09-18T15:02:14Z</when>
<when>2026-09-18T15:02:16Z</when>
<when>2026-09-18T15:02:18Z</when>
<when>2026-09-18T15:02:20Z</when>
<when>2026-09-18T15:02:22Z</when>
<when>2026-09-18T15:02:24Z</when>
<when>2026-09-18T15:02:26Z</when>
<when>2026-09-18T15:02:28Z</when>
<when>2026-09-18T15:02:30Z</when>
<when>2026-09-18T15:02:32Z</when>
<when>2026-09-18T15:02:34Z</when>
<when>2026-09-18T15:02:36Z</when>
<when>2026-09-18T15:02:38Z</when>
<when>2026-09-18T15:02:40Z</when>
<when>2026-09-18T15:02:42Z</when>
<when>2026-09-18T15:02:44Z</when>
<when>2026-09-18T15:02:46Z</when>
<when>2026-09-18T15:02:48Z</when>
<when>2026-09-18T15:02:50Z</when>
<when>2026-09-18T15:02:52Z</when>
<when>2026-09-18T15:02:54Z</when>
<when>2026-09-18T15:02:56Z</when>
<when>2026-09-18T15:02:58Z</when>
<when>2026-09-18T15:03:00Z</when>
<when>2026-09-18T15:03:02Z</when>
<when>2026-09-18T15:03:04Z</when>
<when>2026-09-18T15:03:06Z</when>
<when>2026-09-18T15:03:08Z</when>
<when>2026-09-18T15:03:10Z</when>
<when>2026-09-18T15:03:12Z</when>
<when>2026-09-18T15:03:14Z</when>
<when>2026-09-18T15:03:16Z</when>
<when>2026-09-18T15:03:18Z</when>
<when>2026-09-18T15:03:20Z</when>
<when>2026-09-18T15:03:22Z</when>
<when>2026-09-18T15:03:24Z</when>
<when>2026-09-18T15:03:26Z</when>
<when>2026-09-18T15:03:28Z</when>
<when>2026-09-18T15:03:30Z</when>
<when>2026-09-18T15:03:32Z</when>
<when>2026-09-18T15:03:34Z</when>
<when>2026-09-18T15:03:36Z</when>
<when>2026-09-18T15:03:38Z</when>
<when>2026-09-18T15:03:40Z</when>
<when>2026-09-18T15:03:42Z</when>
<when>2026-09-18T15:03:44Z</when>
<when>2026-09-18T15:03:46Z</when>
<when>2026-09-18T15:03:48Z</when>
<when>2026-09-18T15:03:50Z</when>
<when>2026-09-18T15:03:52Z</when>
<when>2026-09-18T15:03:54Z</when>
<when>2026-09-18T15:03:56Z</when>
<when>2026-09-18T15:03:58Z</when>
<when>2026-09-18T15:04:00Z</when>
<when>2026-09-18T15:04:02Z</when>
<when>2026-09-18T15:04:04Z</when>
<when>2026-09-18T15:04:06Z</when>
<when>2026-09-18T15:04:08Z</when>
<when>2026-09-18T15:04:10Z</when>
<when>2026-09-18T15:04:12Z</when>
<when>2026-09-18T15:04:14Z</when>
<when>2026-09-18T15:04:17Z</when>
<when>2026-09-18T15:04:22Z</when>
<when>2026-09-18T15:04:27Z</when>
<when>2026-09-18T15:04:47Z</when>
<when>2026-09-18T15:05:07Z</when>
<when>2026-09-18T15:05:27Z</when>
<when>2026-09-18T15:05:37Z</when>
<when>2026-09-18T15:05:41Z</when>
<when>2026-09-18T15:05:45Z</when>
<when>2026-09-18T15:05:54Z</when>
<when>2026-09-18T15:06:02Z</when>
<when>2026-09-18T15:06:13Z</when>
<when>2026-09-18T15:06:33Z</when>
<when>2026-09-18T15:06:54Z</when>
<when>2026-09-18T15:07:14Z</when>
<when>2026-09-18T15:07:35Z</when>
<when>2026-09-18T15:07:55Z</when>
<when>2026-09-18T15:08:15Z</when>
<when>2026-09-18T15:08:36Z</when>
<when>2026-09-18T15:08:56Z</when>
<when>2026-09-18T15:09:16Z</when>
<when>2026-09-18T15:09:36Z</when>
<when>2026-09-18T15:09:57Z</when>
<when>2026-09-18T15:10:18Z</when>
<when>2026-09-18T15:10:38Z</when>
<when>2026-09-18T15:10:58Z</when>
<when>2026-09-18T15:11:19Z</when>
<when>2026-09-18T15:11:40Z</when>
<when>2026-09-18T15:12:01Z</when>
<when>2026-09-18T15:12:22Z</when>
<when>2026-09-18T15:12:43Z</when>
<when>2026-09-18T15:13:04Z</when>
<when>2026-09-18T15:13:24Z</when>
<when>2026-09-18T15:13:44Z</when>
<when>2026-09-18T15:14:05Z</when>
<when>2026-09-18T15:14:25Z</when>
<when>2026-09-18T15:14:45Z</when>
<when>2026-09-18T15:15:06Z</when>
<when>2026-09-18T15:15:27Z</when>
<when>2026-09-18T15:15:47Z</when>
<when>2026-09-18T15:16:07Z</when>
<when>2026-09-18T15:16:27Z</when>
<when>2026-09-18T15:16:47Z</when>
<when>2026-09-18T15:17:07Z</when>
<when>2026-09-18T15:17:28Z</when>
<when>2026-09-18T15:17:49Z</when>
<when>2026-09-18T15:18:09Z</when>
<when>2026-09-18T15:18:30Z</when>
<when>2026-09-18T15:18:50Z</when>
<when>2026-09-18T15:19:11Z</when>
<when>2026-09-18T15:19:32Z</when>
<when>2026-09-18T15:19:52Z</when>
<when>2026-09-18T15:20:13Z</when>
<when>2026-09-18T15:20:34Z</when>
<when>2026-09-18T15:20:55Z</when>
<when>2026-09-18T15:21:15Z</when>
<when>2026-09-18T15:21:36Z</when>
<when>2026-09-18T15:21:56Z</when>
<when>2026-09-18T15:22:05Z</when>
<when>2026-09-18T15:22:26Z</when>
<when>2026-09-18T15:22:46Z</when>
<when>2026-09-18T15:23:06Z</when>
<when>2026-09-18T15:23:27Z</when>
<when>2026-09-18T15:23:47Z</when>
<when>2026-09-18T15:24:07Z</when>
<when>2026-09-18T15:24:28Z</when>
<when>2026-09-18T15:24:49Z</when>
<when>2026-09-18T15:25:09Z</when>
<when>2026-09-18T15:25:30Z</when>
<when>2026-09-18T15:25:50Z</when>
<when>2026-09-18T15:26:11Z</when>
<when>2026-09-18T15:26:32Z</when>
<when>2026-09-18T15:26:52Z</when>
<when>2026-09-18T15:27:13Z</when>
<when>2026-09-18T15:27:33Z</when>
<when>2026-09-18T15:27:54Z</when>
<when>2026-09-18T15:28:14Z</when>
<when>2026-09-18T15:28:35Z</when>
<when>2026-09-18T15:28:55Z</when>
<when>2026-09-18T15:29:16Z</when>
<when>2026-09-18T15:29:36Z</when>
<when>2026-09-18T15:29:56Z</when>
<when>2026-09-18T15:30:17Z</when>
<when>2026-09-18T15:30:37Z</when>
<when>2026-09-18T15:30:57Z</when>
<when>2026-09-18T15:31:18Z</when>
<when>2026-09-18T15:31:38Z</when>
<when>2026-09-18T15:31:58Z</when>
<when>2026-09-18T15:32:20Z</when>
<when>2026-09-18T15:32:40Z</when>
<when>2026-09-18T15:33:01Z</when>
<when>2026-09-18T15:33:22Z</when>
<when>2026-09-18T15:33:43Z</when>
<when>2026-09-18T15:34:04Z</when>
<when>2026-09-18T15:34:25Z</when>
<when>2026-09-18T15:34:45Z</when>
<when>2026-09-18T15:35:06Z</when>
<when>2026-09-18T15:35:26Z</when>
<when>2026-09-18T15:35:47Z</when>
<when>2026-09-18T15:36:08Z</when>
<when>2026-09-18T15:36:29Z</when>
<when>2026-09-18T15:36:49Z</when>
<when>2026-09-18T15:37:10Z</when>
<when>2026-09-18T15:37:31Z</when>
<when>2026-09-18T15:37:51Z</when>
<when>2026-09-18T15:38:12Z</when>
<when>2026-09-18T15:38:32Z</when>
<when>2026-09-18T15:38:52Z</when>
<when>2026-09-18T15:39:12Z</when>
<when>2026-09-18T15:39:33Z</when>
<when>2026-09-18T15:39:53Z</when>
<when>2026-09-18T15:40:14Z</when>
<when>2026-09-18T15:40:34Z</when>
<when>2026-09-18T15:40:54Z</when>
<when>2026-09-18T15:41:15Z</when>
<when>2026-09-18T15:41:36Z</when>
<when>2026-09-18T15:41:56Z</when>
<when>2026-09-18T15:42:17Z</when>
<when>2026-09-18T15:42:38Z</when>
<when>2026-09-18T15:42:59Z</when>
<when>2026-09-18T15:43:20Z</when>
<when>2026-09-18T15:43:40Z</when>
<when>2026-09-18T15:44:01Z</when>
<when>2026-09-18T15:44:16Z</when>
<when>2026-09-18T15:44:36Z</when>
<when>2026-09-18T15:44:56Z</when>
<when>2026-09-18T15:45:16Z</when>
<when>2026-09-18T15:45:36Z</when>
<when>2026-09-18T15:45:57Z</when>
<when>2026-09-18T15:46:17Z</when>
<when>2026-09-18T15:46:37Z</when>
<when>2026-09-18T15:46:58Z</when>
<when>2026-09-18T15:47:18Z</when>
<when>2026-09-18T15:47:39Z</when>
<when>2026-09-18T15:47:59Z</when>
<when>2026-09-18T15:48:20Z</when>
<when>2026-09-18T15:48:41Z</when>
<when>2026-09-18T15:49:02Z</when>
<when>2026-09-18T15:49:22Z</when>
<when>2026-09-18T15:49:42Z</when>
<when>2026-09-18T15:50:03Z</when>
<when>2026-09-18T15:50:23Z</when>
<when>2026-09-18T15:50:44Z</when>
<when>2026-09-18T15:51:05Z</when>
<when>2026-09-18T15:51:26Z</when>
<when>2026-09-18T15:51:46Z</when>
<when>2026-09-18T15:52:07Z</when>
<when>2026-09-18T15:52:28Z</when>
<when>2026-09-18T15:52:48Z</when>
<when>2026-09-18T15:53:09Z</when>
<when>2026-09-18T15:53:29Z</when>
<when>2026-09-18T15:53:49Z</when>
<when>2026-09-18T15:54:09Z</when>
<when>2026-09-18T15:54:18Z</when>
<when>2026-09-18T15:54:29Z</when>
<when>2026-09-18T15:54:50Z</when>
<when>2026-09-18T15:55:10Z</when>
<when>2026-09-18T15:55:20Z</when>
<when>2026-09-18T15:55:24Z</when>
<when>2026-09-18T15:55:29Z</when>
<when>2026-09-18T15:55:40Z</when>
<when>2026-09-18T15:56:00Z</when>
<when>2026-09-18T15:56:21Z</when>
<when>2026-09-18T15:56:41Z</when>
<when>2026-09-18T15:56:44Z</when>
<when>2026-09-18T15:56:58Z</when>
<when>2026-09-18T15:57:01Z</when>
<when>2026-09-18T15:57:03Z</when>
<when>2026-09-18T15:57:05Z</when>
<when>2026-09-18T15:57:07Z</when>
<when>2026-09-18T15:57:09Z</when>
<when>2026-09-18T15:57:11Z</when>
<when>2026-09-18T15:57:13Z</when>
<when>2026-09-18T15:57:15Z</when>
<when>2026-09-18T15:57:17Z</when>
<when>2026-09-18T15:57:19Z</when>
<when>2026-09-18T15:57:21Z</when>
<when>2026-09-18T15:57:23Z</when>
<when>2026-09-18T15:57:25Z</when>
<when>2026-09-18T15:57:27Z</when>
<when>2026-09-18T15:57:29Z</when>
<when>2026-09-18T15:57:31Z</when>
<when>2026-09-18T15:57:33Z</when>
<when>2026-09-18T15:57:35Z</when>
<when>2026-09-18T15:57:37Z</when>
<when>2026-09-18T15:57:39Z</when>
<when>2026-09-18T15:57:41Z</when>
<when>2026-09-18T15:57:43Z</when>
<when>2026-09-18T15:57:45Z</when>
<when>2026-09-18T15:57:47Z</when>
<when>2026-09-18T15:57:49Z</when>
<when>2026-09-18T15:57:51Z</when>
<when>2026-09-18T15:57:53Z</when>
<when>2026-09-18T15:57:55Z</when>
<when>2026-09-18T15:57:57Z</when>
<when>2026-09-18T15:57:59Z</when>
<when>2026-09-18T15:58:01Z</when>
<when>2026-09-18T15:58:03Z</when>
<when>2026-09-18T15:58:05Z</when>
<when>2026-09-18T15:58:07Z</when>
<when>2026-09-18T15:58:09Z</when>
<when>2026-09-18T15:58:11Z</when>
<when>2026-09-18T15:58:13Z</when>
<when>2026-09-18T15:58:15Z</when>
<when>2026-09-18T15:58:17Z</when>
<when>2026-09-18T15:58:19Z</when>
<when>2026-09-18T15:58:21Z</when>
<when>2026-09-18T15:58:23Z</when>
<when>2026-09-18T15:58:25Z</when>
<when>2026-09-18T15:58:27Z</when>
<when>2026-09-18T15:58:29Z</when>
<when>2026-09-18T15:58:31Z</when>
<when>2026-09-18T15:58:33Z</when>
<when>2026-09-18T15:58:35Z</when>
<when>2026-09-18T15:58:37Z</when>
<when>2026-09-18T15:58:39Z</when>
<when>2026-09-18T15:58:41Z</when>
<when>2026-09-18T15:58:43Z</when>
<when>2026-09-18T15:58:45Z</when>
<when>2026-09-18T15:58:47Z</when>
<when>2026-09-18T15:58:49Z</when>
<when>2026-09-18T15:58:51Z</when>
<when>2026-09-18T15:58:53Z</when>
<when>2026-09-18T15:58:55Z</when>
<when>2026-09-18T15:58:57Z</when>
<when>2026-09-18T15:58:59Z</when>
<when>2026-09-18T15:59:01Z</when>
<when>2026-09-18T15:59:03Z</when>
<when>2026-09-18T15:59:05Z</when>
<when>2026-09-18T15:59:07Z</when>
<when>2026-09-18T15:59:09Z</when>
<when>2026-09-18T15:59:11Z</when>
<when>2026-09-18T15:59:13Z</when>
<when>2026-09-18T15:59:15Z</when>
<when>2026-09-18T15:59:17Z</when>
<when>2026-09-18T15:59:19Z</when>
<when>2026-09-18T15:59:21Z</when>
<when>2026-09-18T15:59:23Z</when>
<when>2026-09-18T15:59:25Z</when>
<when>2026-09-18T15:59:27Z</when>
<when>2026-09-18T15:59:29Z</when>
<when>2026-09-18T15:59:31Z</when>
<when>2026-09-18T15:59:33Z</when>
<when>2026-09-18T15:59:35Z</when>
<when>2026-09-18T15:59:37Z</when>
<when>2026-09-18T15:59:39Z</when>
<when>2026-09-18T15:59:41Z</when>
<when>2026-09-18T15:59:43Z</when>
<when>2026-09-18T15:59:45Z</when>
<when>2026-09-18T15:59:47Z</when>
<when>2026-09-18T15:59:49Z</when>
<when>2026-09-18T15:59:51Z</when>
<when>2026-09-18T15:59:53Z</when>
<when>2026-09-18T15:59:55Z</when>
<when>2026-09-18T15:59:57Z</when>
<when>2026-09-18T15:59:59Z</when>
<when>2026-09-18T16:00:01Z</when>
<when>2026-09-18T16:00:03Z</when>
<when>2026-09-18T16:00:05Z</when>
<when>2026-09-18T16:00:07Z</when>
<when>2026-09-18T16:00:09Z</when>
<when>2026-09-18T16:00:11Z</when>
<when>2026-09-18T16:00:13Z</when>
<when>2026-09-18T16:00:15Z</when>
<when>2026-09-18T16:00:17Z</when>
<when>2026-09-18T16:00:19Z</when>
<when>2026-09-18T16:00:21Z</when>
<when>2026-09-18T16:00:23Z</when>
<when>2026-09-18T16:00:25Z</when>
<when>2026-09-18T16:00:27Z</when>
<when>2026-09-18T16:00:29Z</when>
<when>2026-09-18T16:00:31Z</when>
<when>2026-09-18T16:00:33Z</when>
<when>2026-09-18T16:00:35Z</when>
<when>2026-09-18T16:00:37Z</when>
<when>2026-09-18T16:00:39Z</when>
<when>2026-09-18T16:00:41Z</when>
<when>2026-09-18T16:00:43Z</when>
<when>2026-09-18T16:00:45Z</when>
<when>2026-09-18T16:00:47Z</when>
<when>2026-09-18T16:00:49Z</when>
<when>2026-09-18T16:00:51Z</when>
<when>2026-09-18T16:00:53Z</when>
<when>2026-09-18T16:00:55Z</when>
<when>2026-09-18T16:00:57Z</when>
<when>2026-09-18T16:00:59Z</when>
<when>2026-09-18T16:01:01Z</when>
<when>2026-09-18T16:01:03Z</when>
<when>2026-09-18T16:01:05Z</when>
<when>2026-09-18T16:01:07Z</when>
<when>2026-09-18T16:01:09Z</when>
<when>2026-09-18T16:01:30Z</when>
<when>2026-09-18T16:01:50Z</when>
<when>2026-09-18T16:02:02Z</when>
<when>2026-09-18T16:02:04Z</when>
<when>2026-09-18T16:02:06Z</when>
<when>2026-09-18T16:02:08Z</when>
<when>2026-09-18T16:02:10Z</when>
<when>2026-09-18T16:02:12Z</when>
<when>2026-09-18T16:02:14Z</when>
<when>2026-09-18T16:02:16Z</when>
<when>2026-09-18T16:02:18Z</when>
<when>2026-09-18T16:02:20Z</when>
<when>2026-09-18T16:02:22Z</when>
<when>2026-09-18T16:02:24Z</when>
<when>2026-09-18T16:02:26Z</when>
<when>2026-09-18T16:02:28Z</when>
<when>2026-09-18T16:02:30Z</when>
<when>2026-09-18T16:02:32Z</when>
<when>2026-09-18T16:02:34Z</when>
<when>2026-09-18T16:02:36Z</when>
<when>2026-09-18T16:02:38Z</when>
<when>2026-09-18T16:02:40Z</when>
<when>2026-09-18T16:02:42Z</when>
<when>2026-09-18T16:02:44Z</when>
<when>2026-09-18T16:02:46Z</when>
<when>2026-09-18T16:02:48Z</when>
<when>2026-09-18T16:02:50Z</when>
<when>2026-09-18T16:02:52Z</when>
<when>2026-09-18T16:02:54Z</when>
<when>2026-09-18T16:02:56Z</when>
<when>2026-09-18T16:02:58Z</when>
<when>2026-09-18T16:03:00Z</when>
<when>2026-09-18T16:03:02Z</when>
<when>2026-09-18T16:03:04Z</when>
<when>2026-09-18T16:03:06Z</when>
<when>2026-09-18T16:03:08Z</when>
<when>2026-09-18T16:03:10Z</when>
<when>2026-09-18T16:03:12Z</when>
<when>2026-09-18T16:03:14Z</when>
<when>2026-09-18T16:03:16Z</when>
<when>2026-09-18T16:03:18Z</when>
<when>2026-09-18T16:03:20Z</when>
<when>2026-09-18T16:03:22Z</when>
<when>2026-09-18T16:03:24Z</when>
<when>2026-09-18T16:03:26Z</when>
<when>2026-09-18T16:03:28Z</when>
<when>2026-09-18T16:03:30Z</when>
<when>2026-09-18T16:03:32Z</when>
<when>2026-09-18T16:03:34Z</when>
<when>2026-09-18T16:03:36Z</when>
<when>2026-09-18T16:03:38Z</when>
<when>2026-09-18T16:03:40Z</when>
<when>2026-09-18T16:03:42Z</when>
<when>2026-09-18T16:03:44Z</when>
<when>2026-09-18T16:03:46Z</when>
<when>2026-09-18T16:03:48Z</when>
<when>2026-09-18T16:03:50Z</when>
<when>2026-09-18T16:03:52Z</when>
<when>2026-09-18T16:03:54Z</when>
<when>2026-09-18T16:03:56Z</when>
<when>2026-09-18T16:03:58Z</when>
<when>2026-09-18T16:04:00Z</when>
<when>2026-09-18T16:04:02Z</when>
<when>2026-09-18T16:04:04Z</when>
<when>2026-09-18T16:04:06Z</when>
<when>2026-09-18T16:04:08Z</when>
<when>2026-09-18T16:04:10Z</when>
<when>2026-09-18T16:04:12Z</when>
<when>2026-09-18T16:04:14Z</when>
<when>2026-09-18T16:04:16Z</when>
<when>2026-09-18T16:04:18Z</when>
<when>2026-09-18T16:04:20Z</when>
<when>2026-09-18T16:04:22Z</when>
<when>2026-09-18T16:04:24Z</when>
<when>2026-09-18T16:04:26Z</when>
<when>2026-09-18T16:04:28Z</when>
<when>2026-09-18T16:04:30Z</when>
<when>2026-09-18T16:04:32Z</when>
<when>2026-09-18T16:04:34Z</when>
<when>2026-09-18T16:04:36Z</when>
<when>2026-09-18T16:04:38Z</when>
<when>2026-09-18T16:04:40Z</when>
<when>2026-09-18T16:04:42Z</when>
<when>2026-09-18T16:04:44Z</when>
<when>2026-09-18T16:04:46Z</when>
<when>2026-09-18T16:04:48Z</when>
<when>2026-09-18T16:04:50Z</when>
<when>2026-09-18T16:04:52Z</when>
<when>2026-09-18T16:04:54Z</when>
<when>2026-09-18T16:04:56Z</when>
<when>2026-09-18T16:04:58Z</when>
<when>2026-09-18T16:05:00Z</when>
<when>2026-09-18T16:05:02Z</when>
<when>2026-09-18T16:05:04Z</when>
<when>2026-09-18T16:05:06Z</when>
<when>2026-09-18T16:05:08Z</when>
<when>2026-09-18T16:05:10Z</when>
<when>2026-09-18T16:05:12Z</when>
<when>2026-09-18T16:05:14Z</when>
<when>2026-09-18T16:05:16Z</when>
<when>2026-09-18T16:05:18Z</when>
<when>2026-09-18T16:05:20Z</when>
<when>2026-09-18T16:05:22Z</when>
<when>2026-09-18T16:05:24Z</when>
<when>2026-09-18T16:05:26Z</when>
<when>2026-09-18T16:05:28Z</when>
<when>2026-09-18T16:05:30Z</when>
<when>2026-09-18T16:05:32Z</when>
<when>2026-09-18T16:05:34Z</when>
<when>2026-09-18T16:05:36Z</when>
<when>2026-09-18T16:05:38Z</when>
<when>2026-09-18T16:05:40Z</when>
<when>2026-09-18T16:05:42Z</when>
<when>2026-09-18T16:05:44Z</when>
<when>2026-09-18T16:05:46Z</when>
<when>2026-09-18T16:05:48Z</when>
<when>2026-09-18T16:05:50Z</when>
<when>2026-09-18T16:05:52Z</when>
<when>2026-09-18T16:05:54Z</when>
<when>2026-09-18T16:05:56Z</when>
<when>2026-09-18T16:05:58Z</when>
<when>2026-09-18T16:06:00Z</when>
<when>2026-09-18T16:06:02Z</when>
<when>2026-09-18T16:06:04Z</when>
<when>2026-09-18T16:06:06Z</when>
<when>2026-09-18T16:06:08Z</when>
<when>2026-09-18T16:06:10Z</when>
<when>2026-09-18T16:06:12Z</when>
<when>2026-09-18T16:06:14Z</when>
<when>2026-09-18T16:06:16Z</when>
<when>2026-09-18T16:06:18Z</when>
<when>2026-09-18T16:06:20Z</when>
<when>2026-09-18T16:06:22Z</when>
<when>2026-09-18T16:06:24Z</when>
<when>2026-09-18T16:06:26Z</when>
<when>2026-09-18T16:06:28Z</when>
<when>2026-09-18T16:06:30Z</when>
<when>2026-09-18T16:06:32Z</when>
<when>2026-09-18T16:06:34Z</when>
<when>2026-09-18T16:06:36Z</when>
<when>2026-09-18T16:06:38Z</when>
<when>2026-09-18T16:06:40Z</when>
<when>2026-09-18T16:06:42Z</when>
<when>2026-09-18T16:06:44Z</when>
<when>2026-09-18T16:06:46Z</when>
<when>2026-09-18T16:06:48Z</when>
<when>2026-09-18T16:06:50Z</when>
<when>2026-09-18T16:06:52Z</when>
<when>2026-09-18T16:06:54Z</when>
<when>2026-09-18T16:06:56Z</when>
<when>2026-09-18T16:06:58Z</when>
<when>2026-09-18T16:07:00Z</when>
<when>2026-09-18T16:07:02Z</when>
<when>2026-09-18T16:07:04Z</when>
<when>2026-09-18T16:07:06Z</when>
<when>2026-09-18T16:07:08Z</when>
<when>2026-09-18T16:07:10Z</when>
<when>2026-09-18T16:07:12Z</when>
<when>2026-09-18T16:07:14Z</when>
<when>2026-09-18T16:07:16Z</when>
<when>2026-09-18T16:07:18Z</when>
<when>2026-09-18T16:07:20Z</when>
<when>2026-09-18T16:07:22Z</when>
<when>2026-09-18T16:07:24Z</when>
<when>2026-09-18T16:07:26Z</when>
<when>2026-09-18T16:07:28Z</when>
<when>2026-09-18T16:07:30Z</when>
<when>2026-09-18T16:07:32Z</when>
<when>2026-09-18T16:07:34Z</when>
<when>2026-09-18T16:07:36Z</when>
<when>2026-09-18T16:07:38Z</when>
<when>2026-09-18T16:07:40Z</when>
<when>2026-09-18T16:07:42Z</when>
<when>2026-09-18T16:07:44Z</when>
<when>2026-09-18T16:07:46Z</when>
<when>2026-09-18T16:07:48Z</when>
<when>2026-09-18T16:07:50Z</when>
<when>2026-09-18T16:07:52Z</when>
<when>2026-09-18T16:07:54Z</when>
<when>2026-09-18T16:07:56Z</when>
<when>2026-09-18T16:07:58Z</when>
<when>2026-09-18T16:08:00Z</when>
<when>2026-09-18T16:08:02Z</when>
<when>2026-09-18T16:08:04Z</when>
<when>2026-09-18T16:08:06Z</when>
<when>2026-09-18T16:08:08Z</when>
<when>2026-09-18T16:08:10Z</when>
<when>2026-09-18T16:08:12Z</when>
<when>2026-09-18T16:08:14Z</when>
<when>2026-09-18T16:08:16Z</when>
<when>2026-09-18T16:08:18Z</when>
<when>2026-09-18T16:08:20Z</when>
<when>2026-09-18T16:08:22Z</when>
<when>2026-09-18T16:08:24Z</when>
<when>2026-09-18T16:08:26Z</when>
<when>2026-09-18T16:08:28Z</when>
<when>2026-09-18T16:08:30Z</when>
<when>2026-09-18T16:08:32Z</when>
<when>2026-09-18T16:08:34Z</when>
<when>2026-09-18T16:08:36Z</when>
<when>2026-09-18T16:08:38Z</when>
<when>2026-09-18T16:08:40Z</when>
<when>2026-09-18T16:08:42Z</when>
<when>2026-09-18T16:08:44Z</when>
<when>2026-09-18T16:08:46Z</when>
<when>2026-09-18T16:08:48Z</when>
<when>2026-09-18T16:08:50Z</when>
<when>2026-09-18T16:08:52Z</when>
<when>2026-09-18T16:08:54Z</when>
<when>2026-09-18T16:08:56Z</when>
<when>2026-09-18T16:08:58Z</when>
<when>2026-09-18T16:09:00Z</when>
<when>2026-09-18T16:09:02Z</when>
<when>2026-09-18T16:09:04Z</when>
<when>2026-09-18T16:09:06Z</when>
<when>2026-09-18T16:09:08Z</when>
<when>2026-09-18T16:09:10Z</when>
<when>2026-09-18T16:09:12Z</when>
<when>2026-09-18T16:09:14Z</when>
<when>2026-09-18T16:09:16Z</when>
<when>2026-09-18T16:09:18Z</when>
<when>2026-09-18T16:09:20Z</when>
<when>2026-09-18T16:09:22Z</when>
<when>2026-09-18T16:09:24Z</when>
<when>2026-09-18T16:09:26Z</when>
<when>2026-09-18T16:09:28Z</when>
<when>2026-09-18T16:09:30Z</when>
<when>2026-09-18T16:09:32Z</when>
<when>2026-09-18T16:09:34Z</when>
<when>2026-09-18T16:09:36Z</when>
<when>2026-09-18T16:09:38Z</when>
<when>2026-09-18T16:09:40Z</when>
<when>2026-09-18T16:09:42Z</when>
<when>2026-09-18T16:09:44Z</when>
<when>2026-09-18T16:09:46Z</when>
<when>2026-09-18T16:09:48Z</when>
<when>2026-09-18T16:09:50Z</when>
<when>2026-09-18T16:09:52Z</when>
<when>2026-09-18T16:09:54Z</when>
<when>2026-09-18T16:09:56Z</when>
<when>2026-09-18T16:09:58Z</when>
<when>2026-09-18T16:10:00Z</when>
<when>2026-09-18T16:10:02Z</when>
<when>2026-09-18T16:10:04Z</when>
<when>2026-09-18T16:10:06Z</when>
<when>2026-09-18T16:10:08Z</when>
<when>2026-09-18T16:10:10Z</when>
<when>2026-09-18T16:10:12Z</when>
<when>2026-09-18T16:10:14Z</when>
<when>2026-09-18T16:10:16Z</when>
<when>2026-09-18T16:10:18Z</when>
<when>2026-09-18T16:10:20Z</when>
<when>2026-09-18T16:10:22Z</when>
<when>2026-09-18T16:10:24Z</when>
<when>2026-09-18T16:10:26Z</when>
<when>2026-09-18T16:10:28Z</when>
<when>2026-09-18T16:10:30Z</when>
<when>2026-09-18T16:10:32Z</when>
<when>2026-09-18T16:10:34Z</when>
<when>2026-09-18T16:10:36Z</when>
<when>2026-09-18T16:10:41Z</when>
<when>2026-09-18T16:10:45Z</when>
<when>2026-09-18T16:10:49Z</when>
<when>2026-09-18T16:11:10Z</when>
<when>2026-09-18T16:11:30Z</when>
<when>2026-09-18T16:11:50Z</when>
<when>2026-09-18T16:11:59Z</when>
<when>2026-09-18T16:12:06Z</when>
<when>2026-09-18T16:12:16Z</when>
<when>2026-09-18T16:12:26Z</when>
<when>2026-09-18T16:12:40Z</when>
<when>2026-09-18T16:12:56Z</when>
<when>2026-09-18T16:13:04Z</when>
<when>2026-09-18T16:13:08Z</when>
<when>2026-09-18T16:14:09Z</when>
<when>2026-09-18T16:14:11Z</when>
<when>2026-09-18T16:14:13Z</when>
<when>2026-09-18T16:14:15Z</when>
<when>2026-09-18T16:14:17Z</when>
<when>2026-09-18T16:14:30Z</when>
<when>2026-09-18T16:14:50Z</when>
<when>2026-09-18T16:15:11Z</when>
<when>2026-09-18T16:15:27Z</when>
<when>2026-09-18T16:15:42Z</when>
<when>2026-09-18T16:15:49Z</when>
<when>2026-09-18T16:15:55Z</when>
<when>2026-09-18T16:16:04Z</when>
<when>2026-09-18T16:16:06Z</when>
<when>2026-09-18T16:16:18Z</when>
<when>2026-09-18T16:16:25Z</when>
<when>2026-09-18T16:16:31Z</when>
<when>2026-09-18T16:16:36Z</when>
<when>2026-09-18T16:16:49Z</when>
<when>2026-09-18T16:16:58Z</when>
<when>2026-09-18T16:17:09Z</when>
<when>2026-09-18T16:17:29Z</when>
<when>2026-09-18T16:17:43Z</when>
<when>2026-09-18T16:18:04Z</when>
<when>2026-09-18T16:18:13Z</when>
<when>2026-09-18T16:18:33Z</when>
<when>2026-09-18T16:18:53Z</when>
<when>2026-09-18T16:18:57Z</when>
<when>2026-09-18T16:19:18Z</when>
<when>2026-09-18T16:19:38Z</when>
<when>2026-09-18T16:19:58Z</when>
<when>2026-09-18T16:20:19Z</when>
<when>2026-09-18T16:20:28Z</when>
<when>2026-09-18T16:20:31Z</when>
<when>2026-09-18T16:20:33Z</when>
<when>2026-09-18T16:20:39Z</when>
<when>2026-09-18T16:20:49Z</when>
<when>2026-09-18T16:20:51Z</when>
<when>2026-09-18T16:20:53Z</when>
<when>2026-09-18T16:20:56Z</when>
<when>2026-09-18T16:21:02Z</when>
<when>2026-09-18T16:21:09Z</when>
<when>2026-09-18T16:21:21Z</when>
<when>2026-09-18T16:21:25Z</when>
<when>2026-09-18T16:21:42Z</when>
<when>2026-09-18T16:21:54Z</when>
<when>2026-09-18T16:21:56Z</when>
<when>2026-09-18T16:22:03Z</when>
<when>2026-09-18T16:22:10Z</when>
<when>2026-09-18T16:22:18Z</when>
<when>2026-09-18T16:22:23Z</when>
<when>2026-09-18T16:22:32Z</when>
<when>2026-09-18T16:22:49Z</when>
<when>2026-09-18T16:23:04Z</when>
<when>2026-09-18T16:23:24Z</when>
<when>2026-09-18T16:23:44Z</when>
<when>2026-09-18T16:23:57Z</when>
<when>2026-09-18T16:24:18Z</when>
<when>2026-09-18T16:24:31Z</when>
<when>2026-09-18T16:24:51Z</when>
<when>2026-09-18T16:25:12Z</when>
<when>2026-09-18T16:25:32Z</when>
<when>2026-09-18T16:25:43Z</when>
<when>2026-09-18T16:25:55Z</when>
<when>2026-09-18T16:26:01Z</when>
<when>2026-09-18T16:26:08Z</when>
<when>2026-09-18T16:26:25Z</when>
<when>2026-09-18T16:26:29Z</when>
<when>2026-09-18T16:26:35Z</when>
<when>2026-09-18T16:26:49Z</when>
<when>2026-09-18T16:26:58Z</when>
<when>2026-09-18T16:27:10Z</when>
<when>2026-09-18T16:27:28Z</when>
<when>2026-09-18T16:27:35Z</when>
<when>2026-09-18T16:27:42Z</when>
<when>2026-09-18T16:28:02Z</when>
<when>2026-09-18T16:28:23Z</when>
<when>2026-09-18T16:28:44Z</when>
<when>2026-09-18T16:29:04Z</when>
<when>2026-09-18T16:29:22Z</when>
<when>2026-09-18T16:29:37Z</when>
<when>2026-09-18T16:29:46Z</when>
<when>2026-09-18T16:29:50Z</when>
<when>2026-09-18T16:29:53Z</when>
<when>2026-09-18T16:29:55Z</when>
<when>2026-09-18T16:29:57Z</when>
<when>2026-09-18T16:29:59Z</when>
<when>2026-09-18T16:30:01Z</when>
<when>2026-09-18T16:30:03Z</when>
<when>2026-09-18T16:30:05Z</when>
<when>2026-09-18T16:30:07Z</when>
<when>2026-09-18T16:30:09Z</when>
<when>2026-09-18T16:30:11Z</when>
<when>2026-09-18T16:30:13Z</when>
<when>2026-09-18T16:30:15Z</when>
<when>2026-09-18T16:30:17Z</when>
<when>2026-09-18T16:30:19Z</when>
<when>2026-09-18T16:30:21Z</when>
<when>2026-09-18T16:30:23Z</when>
<when>2026-09-18T16:30:25Z</when>
<when>2026-09-18T16:30:27Z</when>
<when>2026-09-18T16:30:29Z</when>
<when>2026-09-18T16:30:31Z</when>
<when>2026-09-18T16:30:33Z</when>
<when>2026-09-18T16:30:35Z</when>
<when>2026-09-18T16:30:37Z</when>
<when>2026-09-18T16:30:39Z</when>
<when>2026-09-18T16:30:41Z</when>
<when>2026-09-18T16:30:43Z</when>
<when>2026-09-18T16:30:45Z</when>
<when>2026-09-18T16:30:47Z</when>
<when>2026-09-18T16:30:49Z</when>
<when>2026-09-18T16:30:51Z</when>
<when>2026-09-18T16:30:53Z</when>
<when>2026-09-18T16:30:55Z</when>
<when>2026-09-18T16:30:57Z</when>
<when>2026-09-18T16:30:59Z</when>
<when>2026-09-18T16:31:01Z</when>
<when>2026-09-18T16:31:03Z</when>
<when>2026-09-18T16:31:05Z</when>
<when>2026-09-18T16:31:07Z</when>
<when>2026-09-18T16:31:09Z</when>
<when>2026-09-18T16:31:11Z</when>
<when>2026-09-18T16:31:13Z</when>
<when>2026-09-18T16:31:15Z</when>
<when>2026-09-18T16:31:17Z</when>
<when>2026-09-18T16:31:19Z</when>
<when>2026-09-18T16:31:21Z</when>
<when>2026-09-18T16:31:23Z</when>
<when>2026-09-18T16:31:25Z</when>
<when>2026-09-18T16:31:27Z</when>
<when>2026-09-18T16:31:29Z</when>
<when>2026-09-18T16:31:31Z</when>
<when>2026-09-18T16:31:33Z</when>
<when>2026-09-18T16:31:35Z</when>
<when>2026-09-18T16:31:37Z</when>
<when>2026-09-18T16:31:39Z</when>
<when>2026-09-18T16:31:41Z</when>
<when>2026-09-18T16:31:43Z</when>
<when>2026-09-18T16:31:45Z</when>
<when>2026-09-18T16:31:47Z</when>
<when>2026-09-18T16:31:49Z</when>
<when>2026-09-18T16:31:51Z</when>
<when>2026-09-18T16:31:53Z</when>
<when>2026-09-18T16:31:55Z</when>
<when>2026-09-18T16:31:57Z</when>
<when>2026-09-18T16:31:59Z</when>
<when>2026-09-18T16:32:01Z</when>
<when>2026-09-18T16:32:03Z</when>
<when>2026-09-18T16:32:05Z</when>
<when>2026-09-18T16:32:07Z</when>
<when>2026-09-18T16:32:09Z</when>
<when>2026-09-18T16:32:11Z</when>
<when>2026-09-18T16:32:13Z</when>
<when>2026-09-18T16:32:15Z</when>
<when>2026-09-18T16:32:17Z</when>
<when>2026-09-18T16:32:19Z</when>
<when>2026-09-18T16:32:21Z</when>
<when>2026-09-18T16:32:23Z</when>
<when>2026-09-18T16:32:25Z</when>
<when>2026-09-18T16:32:27Z</when>
<when>2026-09-18T16:32:29Z</when>
<when>2026-09-18T16:32:31Z</when>
<when>2026-09-18T16:32:33Z</when>
<when>2026-09-18T16:32:35Z</when>
<when>2026-09-18T16:32:37Z</when>
<when>2026-09-18T16:32:39Z</when>
<when>2026-09-18T16:32:41Z</when>
<when>2026-09-18T16:32:52Z</when>
<when>2026-09-18T16:32:54Z</when>
<when>2026-09-18T16:32:56Z</when>
<when>2026-09-18T16:32:58Z</when>
<when>2026-09-18T16:33:00Z</when>
<when>2026-09-18T16:33:02Z</when>
<when>2026-09-18T16:33:04Z</when>
<when>2026-09-18T16:33:06Z</when>
<when>2026-09-18T16:33:08Z</when>
<when>2026-09-18T16:33:10Z</when>
<when>2026-09-18T16:33:12Z</when>
<when>2026-09-18T16:33:14Z</when>
<when>2026-09-18T16:33:16Z</when>
<when>2026-09-18T16:33:18Z</when>
<when>2026-09-18T16:33:20Z</when>
<when>2026-09-18T16:33:22Z</when>
<when>2026-09-18T16:33:24Z</when>
<when>2026-09-18T16:33:26Z</when>
<when>2026-09-18T16:33:28Z</when>
<when>2026-09-18T16:33:30Z</when>
<when>2026-09-18T16:33:32Z</when>
<when>2026-09-18T16:33:34Z</when>
<when>2026-09-18T16:33:36Z</when>
<when>2026-09-18T16:33:38Z</when>
<when>2026-09-18T16:33:40Z</when>
<when>2026-09-18T16:33:42Z</when>
<when>2026-09-18T16:33:44Z</when>
<when>2026-09-18T16:33:46Z</when>
<when>2026-09-18T16:33:48Z</when>
<when>2026-09-18T16:33:50Z</when>
<when>2026-09-18T16:33:52Z</when>
<when>2026-09-18T16:33:54Z</when>
<when>2026-09-18T16:33:56Z</when>
<when>2026-09-18T16:33:58Z</when>
<when>2026-09-18T16:34:00Z</when>
<when>2026-09-18T16:34:02Z</when>
<when>2026-09-18T16:34:04Z</when>
<when>2026-09-18T16:34:06Z</when>
<when>2026-09-18T16:34:08Z</when>
<when>2026-09-18T16:34:10Z</when>
<when>2026-09-18T16:34:12Z</when>
<when>2026-09-18T16:34:14Z</when>
<when>2026-09-18T16:34:16Z</when>
<when>2026-09-18T16:34:18Z</when>
<when>2026-09-18T16:34:20Z</when>
<when>2026-09-18T16:34:22Z</when>
<when>2026-09-18T16:34:24Z</when>
<when>2026-09-18T16:34:26Z</when>
<when>2026-09-18T16:34:28Z</when>
<when>2026-09-18T16:34:30Z</when>
<when>2026-09-18T16:34:32Z</when>
<when>2026-09-18T16:34:34Z</when>
<when>2026-09-18T16:34:36Z</when>
<when>2026-09-18T16:34:38Z</when>
<when>2026-09-18T16:34:40Z</when>
<when>2026-09-18T16:34:42Z</when>
<when>2026-09-18T16:34:44Z</when>
<when>2026-09-18T16:34:46Z</when>
<when>2026-09-18T16:34:48Z</when>
<when>2026-09-18T16:34:50Z</when>
<when>2026-09-18T16:34:52Z</when>
<when>2026-09-18T16:34:54Z</when>
<when>2026-09-18T16:34:56Z</when>
<when>2026-09-18T16:34:58Z</when>
<when>2026-09-18T16:35:00Z</when>
<when>2026-09-18T16:35:02Z</when>
<when>2026-09-18T16:35:04Z</when>
<when>2026-09-18T16:35:06Z</when>
<when>2026-09-18T16:35:08Z</when>
<when>2026-09-18T16:35:10Z</when>
<when>2026-09-18T16:35:12Z</when>
<when>2026-09-18T16:35:14Z</when>
<when>2026-09-18T16:35:16Z</when>
<when>2026-09-18T16:35:18Z</when>
<when>2026-09-18T16:35:20Z</when>
<when>2026-09-18T16:35:22Z</when>
<when>2026-09-18T16:35:24Z</when>
<when>2026-09-18T16:35:26Z</when>
<when>2026-09-18T16:35:28Z</when>
<when>2026-09-18T16:35:30Z</when>
<when>2026-09-18T16:35:32Z</when>
<when>2026-09-18T16:35:34Z</when>
<when>2026-09-18T16:35:36Z</when>
<when>2026-09-18T16:35:38Z</when>
<when>2026-09-18T16:35:40Z</when>
<when>2026-09-18T16:35:42Z</when>
<when>2026-09-18T16:35:44Z</when>
<when>2026-09-18T16:35:46Z</when>
<when>2026-09-18T16:35:48Z</when>
<when>2026-09-18T16:35:50Z</when>
<when>2026-09-18T16:35:52Z</when>
<when>2026-09-18T16:35:54Z</when>
<when>2026-09-18T16:35:56Z</when>
<when>2026-09-18T16:35:58Z</when>
<when>2026-09-18T16:36:00Z</when>
<when>2026-09-18T16:36:02Z</when>
<when>2026-09-18T16:36:04Z</when>
<when>2026-09-18T16:36:06Z</when>
<when>2026-09-18T16:36:08Z</when>
<when>2026-09-18T16:36:10Z</when>
<when>2026-09-18T16:36:12Z</when>
<when>2026-09-18T16:36:14Z</when>
<when>2026-09-18T16:36:16Z</when>
<when>2026-09-18T16:36:18Z</when>
<when>2026-09-18T16:36:20Z</when>
<when>2026-09-18T16:36:24Z</when>
<when>2026-09-18T16:36:44Z</when>
<when>2026-09-18T16:37:04Z</when>
<when>2026-09-18T16:37:24Z</when>
<when>2026-09-18T16:37:32Z</when>
<when>2026-09-18T16:37:37Z</when>
<when>2026-09-18T16:37:43Z</when>
<when>2026-09-18T16:37:51Z</when>
<when>2026-09-18T16:38:12Z</when>
<when>2026-09-18T16:38:33Z</when>
<when>2026-09-18T16:38:54Z</when>
<when>2026-09-18T16:39:15Z</when>
<when>2026-09-18T16:39:35Z</when>
<when>2026-09-18T16:39:56Z</when>
<when>2026-09-18T16:40:15Z</when>
<when>2026-09-18T16:40:36Z</when>
<when>2026-09-18T16:40:56Z</when>
<when>2026-09-18T16:41:16Z</when>
<when>2026-09-18T16:41:37Z</when>
<when>2026-09-18T16:41:44Z</when>
<when>2026-09-18T16:42:04Z</when>
<when>2026-09-18T16:42:25Z</when>
<when>2026-09-18T16:42:45Z</when>
<when>2026-09-18T16:43:03Z</when>
<when>2026-09-18T16:43:23Z</when>
<when>2026-09-18T16:43:44Z</when>
<when>2026-09-18T16:44:04Z</when>
<when>2026-09-18T16:44:24Z</when>
<when>2026-09-18T16:44:45Z</when>
<when>2026-09-18T16:45:06Z</when>
<when>2026-09-18T16:45:27Z</when>
<when>2026-09-18T16:45:48Z</when>
<when>2026-09-18T16:46:08Z</when>
<when>2026-09-18T16:46:29Z</when>
<when>2026-09-18T16:46:50Z</when>
<when>2026-09-18T16:47:10Z</when>
<when>2026-09-18T16:47:30Z</when>
<when>2026-09-18T16:47:51Z</when>
<when>2026-09-18T16:48:12Z</when>
<when>2026-09-18T16:48:33Z</when>
<when>2026-09-18T16:48:53Z</when>
<when>2026-09-18T16:49:13Z</when>
<when>2026-09-18T16:49:34Z</when>
<when>2026-09-18T16:49:54Z</when>
<when>2026-09-18T16:50:14Z</when>
<when>2026-09-18T16:50:35Z</when>
<when>2026-09-18T16:50:55Z</when>
<when>2026-09-18T16:51:15Z</when>
<when>2026-09-18T16:51:36Z</when>
<when>2026-09-18T16:51:56Z</when>
<when>2026-09-18T16:52:17Z</when>
<when>2026-09-18T16:52:37Z</when>
<when>2026-09-18T16:52:58Z</when>
<when>2026-09-18T16:53:19Z</when>
<when>2026-09-18T16:53:39Z</when>
<when>2026-09-18T16:53:59Z</when>
<when>2026-09-18T16:54:19Z</when>
<when>2026-09-18T16:54:40Z</when>
<when>2026-09-18T16:55:01Z</when>
<when>2026-09-18T16:55:22Z</when>
<when>2026-09-18T16:55:43Z</when>
<when>2026-09-18T16:56:03Z</when>
<when>2026-09-18T16:56:23Z</when>
<when>2026-09-18T16:56:43Z</when>
<when>2026-09-18T16:57:04Z</when>
<when>2026-09-18T16:57:25Z</when>
<when>2026-09-18T16:57:45Z</when>
<when>2026-09-18T16:58:06Z</when>
<when>2026-09-18T16:58:26Z</when>
<when>2026-09-18T16:58:47Z</when>
<when>2026-09-18T16:59:07Z</when>
<when>2026-09-18T16:59:27Z</when>
<when>2026-09-18T16:59:48Z</when>
<when>2026-09-18T17:00:08Z</when>
<when>2026-09-18T17:00:29Z</when>
<when>2026-09-18T17:00:49Z</when>
<when>2026-09-18T17:01:09Z</when>
<when>2026-09-18T17:01:30Z</when>
<when>2026-09-18T17:01:51Z</when>
<when>2026-09-18T17:02:11Z</when>
<when>2026-09-18T17:02:31Z</when>
<when>2026-09-18T17:02:52Z</when>
<when>2026-09-18T17:03:12Z</when>
<when>2026-09-18T17:03:33Z</when>
<when>2026-09-18T17:03:53Z</when>
<when>2026-09-18T17:04:14Z</when>
<when>2026-09-18T17:04:35Z</when>
<when>2026-09-18T17:04:55Z</when>
<when>2026-09-18T17:05:16Z</when>
<when>2026-09-18T17:05:37Z</when>
<when>2026-09-18T17:05:57Z</when>
<when>2026-09-18T17:06:18Z</when>
<when>2026-09-18T17:06:38Z</when>
<when>2026-09-18T17:06:59Z</when>
<when>2026-09-18T17:07:20Z</when>
<when>2026-09-18T17:07:40Z</when>
<when>2026-09-18T17:08:01Z</when>
<when>2026-09-18T17:08:21Z</when>
<when>2026-09-18T17:08:42Z</when>
<when>2026-09-18T17:09:03Z</when>
<when>2026-09-18T17:09:24Z</when>
<when>2026-09-18T17:09:45Z</when>
<when>2026-09-18T17:10:06Z</when>
<when>2026-09-18T17:10:27Z</when>
<when>2026-09-18T17:10:47Z</when>
<when>2026-09-18T17:11:08Z</when>
<when>2026-09-18T17:11:29Z</when>
<when>2026-09-18T17:11:48Z</when>
<when>2026-09-18T17:11:57Z</when>
<when>2026-09-18T17:12:18Z</when>
<when>2026-09-18T17:12:28Z</when>
<when>2026-09-18T17:12:41Z</when>
<when>2026-09-18T17:12:48Z</when>
<when>2026-09-18T17:12:56Z</when>
<when>2026-09-18T17:13:03Z</when>
<when>2026-09-18T17:13:11Z</when>
<when>2026-09-18T17:13:25Z</when>
<when>2026-09-18T17:13:33Z</when>
<when>2026-09-18T17:13:41Z</when>
<when>2026-09-18T17:14:02Z</when>
<when>2026-09-18T17:14:15Z</when>
<when>2026-09-18T17:14:24Z</when>
<when>2026-09-18T17:14:31Z</when>
<when>2026-09-18T17:14:38Z</when>
<when>2026-09-18T17:14:44Z</when>
<when>2026-09-18T17:14:50Z</when>
<when>2026-09-18T17:14:55Z</when>
<when>2026-09-18T17:15:01Z</when>
<when>2026-09-18T17:15:07Z</when>
<when>2026-09-18T17:15:13Z</when>
<when>2026-09-18T17:15:33Z</when>
<when>2026-09-18T17:15:51Z</when>
<when>2026-09-18T17:15:59Z</when>
<when>2026-09-18T17:16:07Z</when>
<when>2026-09-18T17:16:16Z</when>
<when>2026-09-18T17:16:25Z</when>
<when>2026-09-18T17:16:33Z</when>
<when>2026-09-18T17:16:41Z</when>
<when>2026-09-18T17:16:50Z</when>
<when>2026-09-18T17:16:57Z</when>
<when>2026-09-18T17:17:03Z</when>
<when>2026-09-18T17:17:10Z</when>
<when>2026-09-18T17:17:22Z</when>
<when>2026-09-18T17:17:26Z</when>
<when>2026-09-18T17:17:47Z</when>
<when>2026-09-18T17:18:07Z</when>
<when>2026-09-18T17:18:27Z</when>
<when>2026-09-18T17:18:38Z</when>
<when>2026-09-18T17:18:49Z</when>
<when>2026-09-18T17:19:10Z</when>
<when>2026-09-18T17:19:25Z</when>
<when>2026-09-18T17:19:35Z</when>
<when>2026-09-18T17:19:44Z</when>
<when>2026-09-18T17:19:53Z</when>
<when>2026-09-18T17:20:01Z</when>
<when>2026-09-18T17:20:10Z</when>
<when>2026-09-18T17:20:16Z</when>
<when>2026-09-18T17:20:21Z</when>
<when>2026-09-18T17:20:27Z</when>
<when>2026-09-18T17:20:32Z</when>
<when>2026-09-18T17:20:37Z</when>
<when>2026-09-18T17:20:43Z</when>
<when>2026-09-18T17:20:49Z</when>
<when>2026-09-18T17:20:54Z</when>
<when>2026-09-18T17:20:59Z</when>
<when>2026-09-18T17:21:05Z</when>
<when>2026-09-18T17:21:11Z</when>
<when>2026-09-18T17:21:17Z</when>
<when>2026-09-18T17:21:22Z</when>
<when>2026-09-18T17:21:27Z</when>
<when>2026-09-18T17:21:31Z</when>
<when>2026-09-18T17:21:36Z</when>
<when>2026-09-18T17:21:41Z</when>
<when>2026-09-18T17:21:47Z</when>
<when>2026-09-18T17:21:53Z</when>
<when>2026-09-18T17:21:59Z</when>
<when>2026-09-18T17:22:04Z</when>
<when>2026-09-18T17:22:12Z</when>
<when>2026-09-18T17:22:17Z</when>
<when>2026-09-18T17:22:22Z</when>
<when>2026-09-18T17:22:27Z</when>
<when>2026-09-18T17:22:33Z</when>
<when>2026-09-18T17:22:39Z</when>
<when>2026-09-18T17:22:46Z</when>
<when>2026-09-18T17:22:53Z</when>
<when>2026-09-18T17:23:01Z</when>
<when>2026-09-18T17:23:06Z</when>
<when>2026-09-18T17:23:12Z</when>
<when>2026-09-18T17:23:18Z</when>
<when>2026-09-18T17:23:23Z</when>
<when>2026-09-18T17:23:31Z</when>
<when>2026-09-18T17:23:37Z</when>
<when>2026-09-18T17:23:45Z</when>
<when>2026-09-18T17:24:06Z</when>
<when>2026-09-18T17:24:27Z</when>
<when>2026-09-18T17:24:35Z</when>
<when>2026-09-18T17:24:42Z</when>
<when>2026-09-18T17:24:48Z</when>
<when>2026-09-18T17:24:54Z</when>
<when>2026-09-18T17:25:03Z</when>
<when>2026-09-18T17:25:11Z</when>
<when>2026-09-18T17:25:20Z</when>
<when>2026-09-18T17:25:40Z</when>
<when>2026-09-18T17:26:01Z</when>
<when>2026-09-18T17:26:21Z</when>
<when>2026-09-18T17:26:42Z</when>
<when>2026-09-18T17:27:03Z</when>
<when>2026-09-18T17:27:23Z</when>
<when>2026-09-18T17:27:44Z</when>
<when>2026-09-18T17:28:04Z</when>
<when>2026-09-18T17:28:24Z</when>
<when>2026-09-18T17:28:45Z</when>
<when>2026-09-18T17:29:05Z</when>
<when>2026-09-18T17:29:25Z</when>
<when>2026-09-18T17:29:45Z</when>
<when>2026-09-18T17:30:05Z</when>
<when>2026-09-18T17:30:25Z</when>
<when>2026-09-18T17:30:46Z</when>
<when>2026-09-18T17:31:07Z</when>
<when>2026-09-18T17:31:27Z</when>
<when>2026-09-18T17:31:47Z</when>
<when>2026-09-18T17:32:07Z</when>
<when>2026-09-18T17:32:28Z</when>
<when>2026-09-18T17:32:48Z</when>
<when>2026-09-18T17:33:09Z</when>
<when>2026-09-18T17:33:29Z</when>
<when>2026-09-18T17:33:50Z</when>
<when>2026-09-18T17:34:10Z</when>
<when>2026-09-18T17:34:30Z</when>
<when>2026-09-18T17:34:37Z</when>
<when>2026-09-18T17:34:44Z</when>
<when>2026-09-18T17:34:51Z</when>
<when>2026-09-18T17:34:57Z</when>
<when>2026-09-18T17:35:02Z</when>
<when>2026-09-18T17:35:08Z</when>
<when>2026-09-18T17:35:13Z</when>
<when>2026-09-18T17:35:18Z</when>
<when>2026-09-18T17:35:24Z</when>
<when>2026-09-18T17:35:45Z</when>
<when>2026-09-18T17:36:06Z</when>
<when>2026-09-18T17:36:26Z</when>
<when>2026-09-18T17:36:46Z</when>
<when>2026-09-18T17:37:07Z</when>
<when>2026-09-18T17:37:28Z</when>
<when>2026-09-18T17:37:48Z</when>
<when>2026-09-18T17:38:08Z</when>
<when>2026-09-18T17:38:29Z</when>
<when>2026-09-18T17:38:50Z</when>
<when>2026-09-18T17:39:10Z</when>
<when>2026-09-18T17:39:30Z</when>
<when>2026-09-18T17:39:51Z</when>
<when>2026-09-18T17:40:11Z</when>
<when>2026-09-18T17:40:32Z</when>
<when>2026-09-18T17:40:53Z</when>
<when>2026-09-18T17:41:14Z</when>
<when>2026-09-18T17:41:35Z</when>
<when>2026-09-18T17:41:49Z</when>
<when>2026-09-18T17:42:10Z</when>
<when>2026-09-18T17:42:30Z</when>
<when>2026-09-18T17:42:51Z</when>
<when>2026-09-18T17:43:12Z</when>
<when>2026-09-18T17:43:32Z</when>
<when>2026-09-18T17:43:52Z</when>
<when>2026-09-18T17:44:13Z</when>
<when>2026-09-18T17:44:34Z</when>
<when>2026-09-18T17:44:54Z</when>
<when>2026-09-18T17:45:14Z</when>
<when>2026-09-18T17:45:34Z</when>
<when>2026-09-18T17:45:55Z</when>
<when>2026-09-18T17:46:16Z</when>
<when>2026-09-18T17:46:36Z</when>
<when>2026-09-18T17:46:56Z</when>
<when>2026-09-18T17:47:17Z</when>
<when>2026-09-18T17:47:37Z</when>
<when>2026-09-18T17:47:57Z</when>
<when>2026-09-18T17:48:18Z</when>
<when>2026-09-18T17:48:38Z</when>
<when>2026-09-18T17:48:59Z</when>
<when>2026-09-18T17:49:19Z</when>
<when>2026-09-18T17:49:40Z</when>
<when>2026-09-18T17:50:01Z</when>
<when>2026-09-18T17:50:21Z</when>
<when>2026-09-18T17:50:42Z</when>
<when>2026-09-18T17:51:02Z</when>
<when>2026-09-18T17:51:23Z</when>
<when>2026-09-18T17:51:44Z</when>
<when>2026-09-18T17:52:05Z</when>
<when>2026-09-18T17:52:26Z</when>
<when>2026-09-18T17:52:46Z</when>
<when>2026-09-18T17:53:07Z</when>
<when>2026-09-18T17:53:28Z</when>
<when>2026-09-18T17:53:49Z</when>
<when>2026-09-18T17:54:09Z</when>
<when>2026-09-18T17:54:30Z</when>
<when>2026-09-18T17:54:50Z</when>
<when>2026-09-18T17:55:11Z</when>
<when>2026-09-18T17:55:32Z</when>
<when>2026-09-18T17:55:52Z</when>
<when>2026-09-18T17:56:12Z</when>
<when>2026-09-18T17:56:33Z</when>
<when>2026-09-18T17:56:54Z</when>
<when>2026-09-18T17:57:15Z</when>
<when>2026-09-18T17:57:36Z</when>
<when>2026-09-18T17:57:57Z</when>
<when>2026-09-18T17:58:18Z</when>
<when>2026-09-18T17:58:38Z</when>
<when>2026-09-18T17:58:59Z</when>
<when>2026-09-18T17:59:19Z</when>
<when>2026-09-18T17:59:39Z</when>
<when>2026-09-18T18:00:00Z</when>
<when>2026-09-18T18:00:20Z</when>
<when>2026-09-18T18:00:41Z</when>
<when>2026-09-18T18:01:02Z</when>
<when>2026-09-18T18:01:23Z</when>
<when>2026-09-18T18:01:43Z</when>
<when>2026-09-18T18:02:04Z</when>
<when>2026-09-18T18:02:24Z</when>
<when>2026-09-18T18:02:45Z</when>
<when>2026-09-18T18:03:05Z</when>
<when>2026-09-18T18:03:25Z</when>
<when>2026-09-18T18:03:46Z</when>
<when>2026-09-18T18:04:06Z</when>
<when>2026-09-18T18:04:26Z</when>
<when>2026-09-18T18:04:47Z</when>
<when>2026-09-18T18:05:07Z</when>
<when>2026-09-18T18:05:27Z</when>
<when>2026-09-18T18:05:48Z</when>
<when>2026-09-18T18:06:08Z</when>
<when>2026-09-18T18:06:29Z</when>
<when>2026-09-18T18:06:49Z</when>
<when>2026-09-18T18:07:10Z</when>
<when>2026-09-18T18:07:31Z</when>
<when>2026-09-18T18:07:51Z</when>
<when>2026-09-18T18:08:12Z</when>
<when>2026-09-18T18:08:33Z</when>
<when>2026-09-18T18:08:54Z</when>
<when>2026-09-18T18:09:14Z</when>
<when>2026-09-18T18:09:34Z</when>
<when>2026-09-18T18:09:55Z</when>
<when>2026-09-18T18:10:16Z</when>
<when>2026-09-18T18:10:37Z</when>
<when>2026-09-18T18:10:58Z</when>
<when>2026-09-18T18:11:18Z</when>
<when>2026-09-18T18:11:39Z</when>
<when>2026-09-18T18:11:59Z</when>
<when>2026-09-18T18:12:19Z</when>
<when>2026-09-18T18:12:40Z</when>
<when>2026-09-18T18:13:00Z</when>
<when>2026-09-18T18:13:21Z</when>
<when>2026-09-18T18:13:42Z</when>
<when>2026-09-18T18:13:53Z</when>
<when>2026-09-18T18:14:00Z</when>
<when>2026-09-18T18:14:20Z</when>
<when>2026-09-18T18:14:40Z</when>
<when>2026-09-18T18:15:01Z</when>
<when>2026-09-18T18:15:06Z</when>
<when>2026-09-18T18:15:11Z</when>
<when>2026-09-18T18:15:32Z</when>
<when>2026-09-18T18:15:52Z</when>
<when>2026-09-18T18:16:13Z</when>
<when>2026-09-18T18:16:33Z</when>
<when>2026-09-18T18:16:53Z</when>
<when>2026-09-18T18:17:14Z</when>
<when>2026-09-18T18:17:29Z</when>
<when>2026-09-18T18:17:37Z</when>
<when>2026-09-18T18:17:58Z</when>
<when>2026-09-18T18:18:18Z</when>
<when>2026-09-18T18:18:39Z</when>
<when>2026-09-18T18:19:00Z</when>
<when>2026-09-18T18:19:20Z</when>
<when>2026-09-18T18:19:40Z</when>
<when>2026-09-18T18:20:01Z</when>
<when>2026-09-18T18:20:10Z</when>
<when>2026-09-18T18:20:30Z</when>
<when>2026-09-18T18:20:39Z</when>
<when>2026-09-18T18:21:00Z</when>
<when>2026-09-18T18:21:20Z</when>
<when>2026-09-18T18:21:41Z</when>
<when>2026-09-18T18:22:02Z</when>
<when>2026-09-18T18:22:22Z</when>
<when>2026-09-18T18:22:43Z</when>
<when>2026-09-18T18:23:03Z</when>
<when>2026-09-18T18:23:23Z</when>
<when>2026-09-18T18:23:44Z</when>
<when>2026-09-18T18:24:04Z</when>
<when>2026-09-18T18:24:24Z</when>
<when>2026-09-18T18:24:44Z</when>
<when>2026-09-18T18:25:05Z</when>
<when>2026-09-18T18:25:25Z</when>
<when>2026-09-18T18:25:46Z</when>
<when>2026-09-18T18:26:07Z</when>
<when>2026-09-18T18:26:09Z</when>
<when>2026-09-18T18:26:18Z</when>
<when>2026-09-18T18:26:26Z</when>
<when>2026-09-18T18:26:47Z</when>
<when>2026-09-18T18:27:07Z</when>
<when>2026-09-18T18:27:28Z</when>
<when>2026-09-18T18:27:48Z</when>
<when>2026-09-18T18:28:09Z</when>
<when>2026-09-18T18:28:29Z</when>
<when>2026-09-18T18:28:49Z</when>
<when>2026-09-18T18:29:09Z</when>
<when>2026-09-18T18:29:30Z</when>
<when>2026-09-18T18:29:50Z</when>
<when>2026-09-18T18:30:10Z</when>
<when>2026-09-18T18:30:31Z</when>
<when>2026-09-18T18:30:52Z</when>
<when>2026-09-18T18:31:12Z</when>
<when>2026-09-18T18:31:33Z</when>
<when>2026-09-18T18:31:54Z</when>
<when>2026-09-18T18:32:15Z</when>
<when>2026-09-18T18:32:35Z</when>
<when>2026-09-18T18:32:56Z</when>
<when>2026-09-18T18:33:16Z</when>
<when>2026-09-18T18:33:36Z</when>
<when>2026-09-18T18:33:57Z</when>
<when>2026-09-18T18:34:03Z</when>
<when>2026-09-18T18:34:24Z</when>
<when>2026-09-18T18:34:44Z</when>
<when>2026-09-18T18:35:05Z</when>
<when>2026-09-18T18:35:25Z</when>
<when>2026-09-18T18:35:46Z</when>
<when>2026-09-18T18:36:06Z</when>
<when>2026-09-18T18:36:27Z</when>
<when>2026-09-18T18:36:47Z</when>
<when>2026-09-18T18:37:07Z</when>
<when>2026-09-18T18:37:27Z</when>
<when>2026-09-18T18:37:47Z</when>
<when>2026-09-18T18:38:08Z</when>
<when>2026-09-18T18:38:28Z</when>
<when>2026-09-18T18:38:48Z</when>
<when>2026-09-18T18:39:09Z</when>
<when>2026-09-18T18:39:30Z</when>
<when>2026-09-18T18:39:51Z</when>
<when>2026-09-18T18:40:11Z</when>
<when>2026-09-18T18:40:31Z</when>
<when>2026-09-18T18:40:51Z</when>
<when>2026-09-18T18:41:12Z</when>
<when>2026-09-18T18:41:33Z</when>
<when>2026-09-18T18:41:41Z</when>
<when>2026-09-18T18:42:02Z</when>
<when>2026-09-18T18:42:22Z</when>
<when>2026-09-18T18:42:43Z</when>
<when>2026-09-18T18:42:58Z</when>
<when>2026-09-18T18:43:18Z</when>
<when>2026-09-18T18:43:39Z</when>
<when>2026-09-18T18:44:00Z</when>
<when>2026-09-18T18:44:20Z</when>
<when>2026-09-18T18:44:40Z</when>
<when>2026-09-18T18:45:01Z</when>
<when>2026-09-18T18:45:21Z</when>
<when>2026-09-18T18:45:39Z</when>
<when>2026-09-18T18:46:00Z</when>
<when>2026-09-18T18:46:15Z</when>
<when>2026-09-18T18:46:21Z</when>
<when>2026-09-18T18:46:27Z</when>
<when>2026-09-18T18:46:37Z</when>
<when>2026-09-18T18:46:47Z</when>
<when>2026-09-18T18:46:56Z</when>
<when>2026-09-18T18:47:08Z</when>
<when>2026-09-18T18:47:17Z</when>
<when>2026-09-18T18:47:27Z</when>
<when>2026-09-18T18:47:36Z</when>
<when>2026-09-18T18:47:50Z</when>
<when>2026-09-18T18:48:10Z</when>
<when>2026-09-18T18:48:30Z</when>
<when>2026-09-18T18:48:50Z</when>
<when>2026-09-18T18:49:11Z</when>
<when>2026-09-18T18:49:32Z</when>
<when>2026-09-18T18:49:50Z</when>
<when>2026-09-18T18:49:53Z</when>
<when>2026-09-18T18:50:02Z</when>
<when>2026-09-18T18:50:04Z</when>
<when>2026-09-18T18:50:06Z</when>
<when>2026-09-18T18:50:08Z</when>
<when>2026-09-18T18:50:10Z</when>
<when>2026-09-18T18:50:12Z</when>
<when>2026-09-18T18:50:14Z</when>
<when>2026-09-18T18:50:16Z</when>
<when>2026-09-18T18:50:18Z</when>
<when>2026-09-18T18:50:20Z</when>
<when>2026-09-18T18:50:22Z</when>
<when>2026-09-18T18:50:24Z</when>
<when>2026-09-18T18:50:26Z</when>
<when>2026-09-18T18:50:28Z</when>
<when>2026-09-18T18:50:30Z</when>
<when>2026-09-18T18:50:32Z</when>
<when>2026-09-18T18:50:34Z</when>
<when>2026-09-18T18:50:36Z</when>
<when>2026-09-18T18:50:38Z</when>
<when>2026-09-18T18:50:40Z</when>
<when>2026-09-18T18:50:42Z</when>
<when>2026-09-18T18:50:44Z</when>
<when>2026-09-18T18:50:46Z</when>
<when>2026-09-18T18:50:48Z</when>
<when>2026-09-18T18:50:50Z</when>
<when>2026-09-18T18:50:52Z</when>
<when>2026-09-18T18:50:54Z</when>
<when>2026-09-18T18:50:56Z</when>
<when>2026-09-18T18:50:58Z</when>
<when>2026-09-18T18:51:00Z</when>
<when>2026-09-18T18:51:02Z</when>
<when>2026-09-18T18:51:04Z</when>
<when>2026-09-18T18:51:06Z</when>
<when>2026-09-18T18:51:08Z</when>
<when>2026-09-18T18:51:10Z</when>
<when>2026-09-18T18:51:12Z</when>
<when>2026-09-18T18:51:14Z</when>
<when>2026-09-18T18:51:16Z</when>
<when>2026-09-18T18:51:35Z</when>
<when>2026-09-18T18:51:37Z</when>
<when>2026-09-18T18:51:39Z</when>
<when>2026-09-18T18:51:41Z</when>
<when>2026-09-18T18:51:43Z</when>
<when>2026-09-18T18:51:45Z</when>
<when>2026-09-18T18:51:47Z</when>
<when>2026-09-18T18:51:49Z</when>
<when>2026-09-18T18:51:51Z</when>
<when>2026-09-18T18:51:53Z</when>
<when>2026-09-18T18:51:55Z</when>
<when>2026-09-18T18:51:57Z</when>
<when>2026-09-18T18:51:59Z</when>
<when>2026-09-18T18:52:01Z</when>
<when>2026-09-18T18:52:03Z</when>
<when>2026-09-18T18:52:05Z</when>
<when>2026-09-18T18:52:07Z</when>
<when>2026-09-18T18:52:09Z</when>
<when>2026-09-18T18:52:11Z</when>
<when>2026-09-18T18:52:13Z</when>
<when>2026-09-18T18:52:15Z</when>
<when>2026-09-18T18:52:17Z</when>
<when>2026-09-18T18:52:19Z</when>
<when>2026-09-18T18:52:21Z</when>
<when>2026-09-18T18:52:23Z</when>
<when>2026-09-18T18:52:25Z</when>
<when>2026-09-18T18:52:27Z</when>
<when>2026-09-18T18:52:29Z</when>
<when>2026-09-18T18:52:31Z</when>
<when>2026-09-18T18:52:33Z</when>
<when>2026-09-18T18:52:35Z</when>
<when>2026-09-18T18:52:37Z</when>
<when>2026-09-18T18:52:39Z</when>
<when>2026-09-18T18:52:41Z</when>
<when>2026-09-18T18:52:43Z</when>
<when>2026-09-18T18:52:45Z</when>
<when>2026-09-18T18:52:47Z</when>
<when>2026-09-18T18:52:49Z</when>
<when>2026-09-18T18:52:51Z</when>
<when>2026-09-18T18:52:53Z</when>
<when>2026-09-18T18:52:55Z</when>
<when>2026-09-18T18:52:57Z</when>
<when>2026-09-18T18:52:59Z</when>
<when>2026-09-18T18:53:01Z</when>
<when>2026-09-18T18:53:03Z</when>
<when>2026-09-18T18:53:05Z</when>
<when>2026-09-18T18:53:07Z</when>
<when>2026-09-18T18:53:09Z</when>
<when>2026-09-18T18:53:11Z</when>
<when>2026-09-18T18:53:13Z</when>
<when>2026-09-18T18:53:15Z</when>
<when>2026-09-18T18:53:17Z</when>
<when>2026-09-18T18:53:19Z</when>
<when>2026-09-18T18:53:21Z</when>
<when>2026-09-18T18:53:23Z</when>
<when>2026-09-18T18:53:25Z</when>
<when>2026-09-18T18:53:27Z</when>
<when>2026-09-18T18:53:29Z</when>
<when>2026-09-18T18:53:31Z</when>
<when>2026-09-18T18:53:33Z</when>
<when>2026-09-18T18:53:35Z</when>
<when>2026-09-18T18:53:37Z</when>
<when>2026-09-18T18:53:39Z</when>
<when>2026-09-18T18:53:41Z</when>
<when>2026-09-18T18:53:43Z</when>
<when>2026-09-18T18:53:45Z</when>
<when>2026-09-18T18:53:47Z</when>
<when>2026-09-18T18:53:49Z</when>
<when>2026-09-18T18:53:51Z</when>
<when>2026-09-18T18:53:53Z</when>
<when>2026-09-18T18:53:55Z</when>
<when>2026-09-18T18:53:57Z</when>
<when>2026-09-18T18:53:59Z</when>
<when>2026-09-18T18:54:01Z</when>
<when>2026-09-18T18:54:03Z</when>
<when>2026-09-18T18:54:05Z</when>
<when>2026-09-18T18:54:07Z</when>
<when>2026-09-18T18:54:09Z</when>
<when>2026-09-18T18:54:11Z</when>
<when>2026-09-18T18:54:13Z</when>
<when>2026-09-18T18:54:15Z</when>
<when>2026-09-18T18:54:17Z</when>
<when>2026-09-18T18:54:19Z</when>
<when>2026-09-18T18:54:21Z</when>
<when>2026-09-18T18:54:23Z</when>
<when>2026-09-18T18:54:25Z</when>
<when>2026-09-18T18:54:27Z</when>
<when>2026-09-18T18:54:29Z</when>
<when>2026-09-18T18:54:31Z</when>
<when>2026-09-18T18:54:33Z</when>
<when>2026-09-18T18:54:35Z</when>
<when>2026-09-18T18:54:37Z</when>
<when>2026-09-18T18:54:39Z</when>
<when>2026-09-18T18:54:41Z</when>
<when>2026-09-18T18:54:43Z</when>
<when>2026-09-18T18:54:45Z</when>
<when>2026-09-18T18:54:47Z</when>
<when>2026-09-18T18:54:49Z</when>
<when>2026-09-18T18:54:51Z</when>
<when>2026-09-18T18:54:53Z</when>
<when>2026-09-18T18:54:55Z</when>
<when>2026-09-18T18:54:57Z</when>
<when>2026-09-18T18:54:59Z</when>
<when>2026-09-18T18:55:01Z</when>
<when>2026-09-18T18:55:03Z</when>
<when>2026-09-18T18:55:05Z</when>
<when>2026-09-18T18:55:07Z</when>
<when>2026-09-18T18:55:09Z</when>
<when>2026-09-18T18:55:11Z</when>
<when>2026-09-18T18:55:13Z</when>
<when>2026-09-18T18:55:15Z</when>
<when>2026-09-18T18:55:17Z</when>
<when>2026-09-18T18:55:19Z</when>
<when>2026-09-18T18:55:21Z</when>
<when>2026-09-18T18:55:23Z</when>
<when>2026-09-18T18:55:25Z</when>
<when>2026-09-18T18:55:27Z</when>
<when>2026-09-18T18:55:29Z</when>
<when>2026-09-18T18:55:31Z</when>
<when>2026-09-18T18:55:33Z</when>
<when>2026-09-18T18:55:35Z</when>
<when>2026-09-18T18:55:37Z</when>
<when>2026-09-18T18:55:39Z</when>
<when>2026-09-18T18:55:41Z</when>
<when>2026-09-18T18:55:43Z</when>
<when>2026-09-18T18:55:45Z</when>
<when>2026-09-18T18:55:47Z</when>
<when>2026-09-18T18:55:49Z</when>
<when>2026-09-18T18:55:51Z</when>
<when>2026-09-18T18:55:53Z</when>
<when>2026-09-18T18:55:55Z</when>
<when>2026-09-18T18:55:57Z</when>
<when>2026-09-18T18:55:59Z</when>
<when>2026-09-18T18:56:01Z</when>
<when>2026-09-18T18:56:03Z</when>
<when>2026-09-18T18:56:05Z</when>
<when>2026-09-18T18:56:07Z</when>
<when>2026-09-18T18:56:09Z</when>
<when>2026-09-18T18:56:11Z</when>
<when>2026-09-18T18:56:13Z</when>
<when>2026-09-18T18:56:15Z</when>
<when>2026-09-18T18:56:17Z</when>
<when>2026-09-18T18:56:19Z</when>
<when>2026-09-18T18:56:21Z</when>
<when>2026-09-18T18:56:23Z</when>
<when>2026-09-18T18:56:25Z</when>
<when>2026-09-18T18:56:27Z</when>
<when>2026-09-18T18:56:29Z</when>
<when>2026-09-18T18:56:31Z</when>
<when>2026-09-18T18:56:33Z</when>
<when>2026-09-18T18:56:35Z</when>
<when>2026-09-18T18:56:37Z</when>
<when>2026-09-18T18:56:39Z</when>
<when>2026-09-18T18:56:41Z</when>
<when>2026-09-18T18:56:43Z</when>
<when>2026-09-18T18:56:45Z</when>
<when>2026-09-18T18:56:47Z</when>
<when>2026-09-18T18:56:49Z</when>
<when>2026-09-18T18:56:51Z</when>
<when>2026-09-18T18:56:53Z</when>
<when>2026-09-18T18:56:55Z</when>
<when>2026-09-18T18:56:57Z</when>
<when>2026-09-18T18:56:59Z</when>
<when>2026-09-18T18:57:01Z</when>
<when>2026-09-18T18:57:03Z</when>
<when>2026-09-18T18:57:05Z</when>
<when>2026-09-18T18:57:07Z</when>
<when>2026-09-18T18:57:09Z</when>
<when>2026-09-18T18:57:11Z</when>
<when>2026-09-18T18:57:13Z</when>
<when>2026-09-18T18:57:15Z</when>
<when>2026-09-18T18:57:17Z</when>
<when>2026-09-18T18:57:19Z</when>
<when>2026-09-18T18:57:21Z</when>
<when>2026-09-18T18:57:23Z</when>
<when>2026-09-18T18:57:25Z</when>
<when>2026-09-18T18:57:27Z</when>
<when>2026-09-18T18:57:29Z</when>
<when>2026-09-18T18:57:31Z</when>
<when>2026-09-18T18:57:33Z</when>
<when>2026-09-18T18:57:35Z</when>
<when>2026-09-18T18:57:37Z</when>
<when>2026-09-18T18:57:39Z</when>
<when>2026-09-18T18:57:41Z</when>
<when>2026-09-18T18:57:43Z</when>
<when>2026-09-18T18:57:45Z</when>
<when>2026-09-18T18:57:47Z</when>
<when>2026-09-18T18:57:49Z</when>
<when>2026-09-18T18:57:51Z</when>
<when>2026-09-18T18:57:53Z</when>
<when>2026-09-18T18:57:55Z</when>
<when>2026-09-18T18:57:57Z</when>
<when>2026-09-18T18:57:59Z</when>
<when>2026-09-18T18:58:01Z</when>
<when>2026-09-18T18:58:03Z</when>
<when>2026-09-18T18:58:05Z</when>
<when>2026-09-18T18:58:07Z</when>
<when>2026-09-18T18:58:09Z</when>
<when>2026-09-18T18:58:12Z</when>
<when>2026-09-18T18:58:15Z</when>
<when>2026-09-18T18:58:17Z</when>
<when>2026-09-18T18:58:19Z</when>
<when>2026-09-18T18:58:21Z</when>
<when>2026-09-18T18:58:23Z</when>
<when>2026-09-18T18:58:25Z</when>
<when>2026-09-18T18:58:27Z</when>
<when>2026-09-18T18:58:29Z</when>
<when>2026-09-18T18:58:31Z</when>
<when>2026-09-18T18:58:33Z</when>
<when>2026-09-18T18:58:36Z</when>
<when>2026-09-18T18:58:38Z</when>
<when>2026-09-18T18:58:41Z</when>
<when>2026-09-18T18:58:44Z</when>
<when>2026-09-18T18:59:05Z</when>
<when>2026-09-18T18:59:26Z</when>
<when>2026-09-18T18:59:44Z</when>
<when>2026-09-18T18:59:47Z</when>
<when>2026-09-18T18:59:50Z</when>
<when>2026-09-18T18:59:54Z</when>
<when>2026-09-18T18:59:56Z</when>
<when>2026-09-18T18:59:58Z</when>
<when>2026-09-18T19:00:00Z</when>
<when>2026-09-18T19:00:02Z</when>
<when>2026-09-18T19:00:04Z</when>
<when>2026-09-18T19:00:06Z</when>
<when>2026-09-18T19:00:08Z</when>
<when>2026-09-18T19:00:10Z</when>
<when>2026-09-18T19:00:12Z</when>
<when>2026-09-18T19:00:14Z</when>
<when>2026-09-18T19:00:16Z</when>
<when>2026-09-18T19:00:18Z</when>
<when>2026-09-18T19:00:39Z</when>
<when>2026-09-18T19:01:00Z</when>
<when>2026-09-18T19:01:13Z</when>
<when>2026-09-18T19:01:15Z</when>
<when>2026-09-18T19:01:17Z</when>
<when>2026-09-18T19:01:19Z</when>
<when>2026-09-18T19:01:21Z</when>
<when>2026-09-18T19:01:23Z</when>
<when>2026-09-18T19:01:25Z</when>
<when>2026-09-18T19:01:27Z</when>
<when>2026-09-18T19:01:29Z</when>
<when>2026-09-18T19:01:31Z</when>
<when>2026-09-18T19:01:33Z</when>
<when>2026-09-18T19:01:35Z</when>
<when>2026-09-18T19:01:37Z</when>
<when>2026-09-18T19:01:39Z</when>
<when>2026-09-18T19:01:41Z</when>
<when>2026-09-18T19:01:43Z</when>
<when>2026-09-18T19:01:45Z</when>
<when>2026-09-18T19:01:47Z</when>
<when>2026-09-18T19:01:49Z</when>
<when>2026-09-18T19:01:51Z</when>
<when>2026-09-18T19:01:53Z</when>
<when>2026-09-18T19:01:55Z</when>
<when>2026-09-18T19:01:57Z</when>
<when>2026-09-18T19:01:59Z</when>
<when>2026-09-18T19:02:01Z</when>
<when>2026-09-18T19:02:03Z</when>
<when>2026-09-18T19:02:05Z</when>
<when>2026-09-18T19:02:07Z</when>
<when>2026-09-18T19:02:09Z</when>
<when>2026-09-18T19:02:11Z</when>
<when>2026-09-18T19:02:13Z</when>
<when>2026-09-18T19:02:15Z</when>
<when>2026-09-18T19:02:17Z</when>
<when>2026-09-18T19:02:19Z</when>
<when>2026-09-18T19:02:21Z</when>
<when>2026-09-18T19:02:23Z</when>
<when>2026-09-18T19:02:25Z</when>
<when>2026-09-18T19:02:27Z</when>
<when>2026-09-18T19:02:29Z</when>
<when>2026-09-18T19:02:31Z</when>
<when>2026-09-18T19:02:33Z</when>
<when>2026-09-18T19:02:35Z</when>
<when>2026-09-18T19:02:37Z</when>
<when>2026-09-18T19:02:39Z</when>
<when>2026-09-18T19:02:41Z</when>
<when>2026-09-18T19:02:43Z</when>
<when>2026-09-18T19:02:45Z</when>
<when>2026-09-18T19:02:47Z</when>
<when>2026-09-18T19:02:49Z</when>
<when>2026-09-18T19:02:51Z</when>
<when>2026-09-18T19:02:53Z</when>
<when>2026-09-18T19:02:55Z</when>
<when>2026-09-18T19:02:57Z</when>
<when>2026-09-18T19:02:59Z</when>
<when>2026-09-18T19:03:01Z</when>
<when>2026-09-18T19:03:03Z</when>
<when>2026-09-18T19:03:05Z</when>
<when>2026-09-18T19:03:07Z</when>
<when>2026-09-18T19:03:09Z</when>
<when>2026-09-18T19:03:11Z</when>
<when>2026-09-18T19:03:13Z</when>
<when>2026-09-18T19:03:15Z</when>
<when>2026-09-18T19:03:17Z</when>
<when>2026-09-18T19:03:19Z</when>
<when>2026-09-18T19:03:21Z</when>
<when>2026-09-18T19:03:23Z</when>
<when>2026-09-18T19:03:25Z</when>
<when>2026-09-18T19:03:27Z</when>
<when>2026-09-18T19:03:29Z</when>
<when>2026-09-18T19:03:31Z</when>
<when>2026-09-18T19:03:33Z</when>
<when>2026-09-18T19:03:35Z</when>
<when>2026-09-18T19:03:37Z</when>
<when>2026-09-18T19:03:39Z</when>
<when>2026-09-18T19:03:41Z</when>
<when>2026-09-18T19:03:43Z</when>
<when>2026-09-18T19:03:45Z</when>
<when>2026-09-18T19:03:47Z</when>
<when>2026-09-18T19:03:49Z</when>
<when>2026-09-18T19:03:51Z</when>
<when>2026-09-18T19:03:53Z</when>
<when>2026-09-18T19:03:55Z</when>
<when>2026-09-18T19:03:57Z</when>
<when>2026-09-18T19:03:59Z</when>
<when>2026-09-18T19:04:01Z</when>
<when>2026-09-18T19:04:03Z</when>
<when>2026-09-18T19:04:05Z</when>
<when>2026-09-18T19:04:07Z</when>
<when>2026-09-18T19:04:09Z</when>
<when>2026-09-18T19:04:11Z</when>
<when>2026-09-18T19:04:13Z</when>
<when>2026-09-18T19:04:15Z</when>
<when>2026-09-18T19:04:17Z</when>
<when>2026-09-18T19:04:19Z</when>
<when>2026-09-18T19:04:21Z</when>
<when>2026-09-18T19:04:23Z</when>
<when>2026-09-18T19:04:25Z</when>
<when>2026-09-18T19:04:27Z</when>
<when>2026-09-18T19:04:29Z</when>
<when>2026-09-18T19:04:31Z</when>
<when>2026-09-18T19:04:33Z</when>
<when>2026-09-18T19:04:35Z</when>
<when>2026-09-18T19:04:37Z</when>
<when>2026-09-18T19:04:39Z</when>
<when>2026-09-18T19:04:41Z</when>
<when>2026-09-18T19:04:43Z</when>
<when>2026-09-18T19:04:45Z</when>
<when>2026-09-18T19:04:47Z</when>
<when>2026-09-18T19:04:49Z</when>
<when>2026-09-18T19:04:51Z</when>
<when>2026-09-18T19:04:53Z</when>
<when>2026-09-18T19:04:55Z</when>
<when>2026-09-18T19:04:57Z</when>
<when>2026-09-18T19:04:59Z</when>
<when>2026-09-18T19:05:01Z</when>
<when>2026-09-18T19:05:03Z</when>
<when>2026-09-18T19:05:05Z</when>
<when>2026-09-18T19:05:07Z</when>
<when>2026-09-18T19:05:09Z</when>
<when>2026-09-18T19:05:11Z</when>
<when>2026-09-18T19:05:13Z</when>
<when>2026-09-18T19:05:16Z</when>
<when>2026-09-18T19:05:33Z</when>
<when>2026-09-18T19:05:35Z</when>
<when>2026-09-18T19:05:37Z</when>
<when>2026-09-18T19:05:39Z</when>
<when>2026-09-18T19:05:41Z</when>
<when>2026-09-18T19:05:43Z</when>
<when>2026-09-18T19:05:45Z</when>
<when>2026-09-18T19:05:47Z</when>
<when>2026-09-18T19:05:49Z</when>
<when>2026-09-18T19:05:51Z</when>
<when>2026-09-18T19:05:53Z</when>
<when>2026-09-18T19:05:55Z</when>
<when>2026-09-18T19:05:57Z</when>
<when>2026-09-18T19:05:59Z</when>
<when>2026-09-18T19:06:01Z</when>
<when>2026-09-18T19:06:03Z</when>
<when>2026-09-18T19:06:05Z</when>
<when>2026-09-18T19:06:07Z</when>
<when>2026-09-18T19:06:09Z</when>
<when>2026-09-18T19:06:11Z</when>
<when>2026-09-18T19:06:13Z</when>
<when>2026-09-18T19:06:15Z</when>
<when>2026-09-18T19:06:17Z</when>
<when>2026-09-18T19:06:19Z</when>
<when>2026-09-18T19:06:21Z</when>
<when>2026-09-18T19:06:23Z</when>
<when>2026-09-18T19:06:25Z</when>
<when>2026-09-18T19:06:27Z</when>
<when>2026-09-18T19:06:29Z</when>
<when>2026-09-18T19:06:31Z</when>
<when>2026-09-18T19:06:33Z</when>
<when>2026-09-18T19:06:35Z</when>
<when>2026-09-18T19:06:37Z</when>
<when>2026-09-18T19:06:39Z</when>
<when>2026-09-18T19:06:41Z</when>
<when>2026-09-18T19:06:43Z</when>
<when>2026-09-18T19:06:45Z</when>
<when>2026-09-18T19:06:47Z</when>
<when>2026-09-18T19:06:49Z</when>
<when>2026-09-18T19:06:51Z</when>
<when>2026-09-18T19:06:53Z</when>
<when>2026-09-18T19:06:55Z</when>
<when>2026-09-18T19:06:57Z</when>
<when>2026-09-18T19:06:59Z</when>
<when>2026-09-18T19:07:01Z</when>
<when>2026-09-18T19:07:03Z</when>
<when>2026-09-18T19:07:05Z</when>
<when>2026-09-18T19:07:07Z</when>
<when>2026-09-18T19:07:09Z</when>
<when>2026-09-18T19:07:11Z</when>
<when>2026-09-18T19:07:13Z</when>
<when>2026-09-18T19:07:15Z</when>
<when>2026-09-18T19:07:17Z</when>
<when>2026-09-18T19:07:19Z</when>
<when>2026-09-18T19:07:21Z</when>
<when>2026-09-18T19:07:23Z</when>
<when>2026-09-18T19:07:25Z</when>
<when>2026-09-18T19:07:27Z</when>
<when>2026-09-18T19:07:29Z</when>
<when>2026-09-18T19:07:31Z</when>
<when>2026-09-18T19:07:33Z</when>
<when>2026-09-18T19:07:35Z</when>
<when>2026-09-18T19:07:37Z</when>
<when>2026-09-18T19:07:39Z</when>
<when>2026-09-18T19:07:41Z</when>
<when>2026-09-18T19:07:43Z</when>
<when>2026-09-18T19:07:45Z</when>
<when>2026-09-18T19:07:47Z</when>
<when>2026-09-18T19:07:49Z</when>
<when>2026-09-18T19:07:51Z</when>
<when>2026-09-18T19:07:53Z</when>
<when>2026-09-18T19:07:55Z</when>
<when>2026-09-18T19:07:57Z</when>
<when>2026-09-18T19:07:59Z</when>
<when>2026-09-18T19:08:01Z</when>
<when>2026-09-18T19:08:03Z</when>
<when>2026-09-18T19:08:05Z</when>
<when>2026-09-18T19:08:07Z</when>
<when>2026-09-18T19:08:09Z</when>
<when>2026-09-18T19:08:11Z</when>
<when>2026-09-18T19:08:13Z</when>
<when>2026-09-18T19:08:15Z</when>
<when>2026-09-18T19:08:17Z</when>
<when>2026-09-18T19:08:19Z</when>
<when>2026-09-18T19:08:21Z</when>
<when>2026-09-18T19:08:23Z</when>
<when>2026-09-18T19:08:25Z</when>
<when>2026-09-18T19:08:27Z</when>
<when>2026-09-18T19:08:29Z</when>
<when>2026-09-18T19:08:31Z</when>
<when>2026-09-18T19:08:33Z</when>
<when>2026-09-18T19:08:35Z</when>
<when>2026-09-18T19:08:37Z</when>
<when>2026-09-18T19:08:39Z</when>
<when>2026-09-18T19:08:41Z</when>
<when>2026-09-18T19:08:43Z</when>
<when>2026-09-18T19:08:45Z</when>
<when>2026-09-18T19:08:47Z</when>
<when>2026-09-18T19:08:49Z</when>
<when>2026-09-18T19:08:51Z</when>
<when>2026-09-18T19:08:53Z</when>
<when>2026-09-18T19:08:55Z</when>
<when>2026-09-18T19:08:57Z</when>
<when>2026-09-18T19:08:59Z</when>
<when>2026-09-18T19:09:01Z</when>
<when>2026-09-18T19:09:03Z</when>
<when>2026-09-18T19:09:05Z</when>
<when>2026-09-18T19:09:07Z</when>
<when>2026-09-18T19:09:09Z</when>
<when>2026-09-18T19:09:11Z</when>
<when>2026-09-18T19:09:13Z</when>
<when>2026-09-18T19:09:15Z</when>
<when>2026-09-18T19:09:17Z</when>
<when>2026-09-18T19:09:19Z</when>
<when>2026-09-18T19:09:21Z</when>
<when>2026-09-18T19:09:23Z</when>
<when>2026-09-18T19:09:25Z</when>
<when>2026-09-18T19:09:27Z</when>
<when>2026-09-18T19:09:29Z</when>
<when>2026-09-18T19:09:31Z</when>
<when>2026-09-18T19:09:33Z</when>
<when>2026-09-18T19:09:35Z</when>
<when>2026-09-18T19:09:37Z</when>
<when>2026-09-18T19:09:39Z</when>
<when>2026-09-18T19:09:41Z</when>
<when>2026-09-18T19:09:43Z</when>
<when>2026-09-18T19:09:45Z</when>
<when>2026-09-18T19:09:47Z</when>
<when>2026-09-18T19:09:49Z</when>
<when>2026-09-18T19:09:51Z</when>
<when>2026-09-18T19:09:53Z</when>
<when>2026-09-18T19:09:55Z</when>
<when>2026-09-18T19:09:57Z</when>
<when>2026-09-18T19:09:59Z</when>
<when>2026-09-18T19:10:01Z</when>
<when>2026-09-18T19:10:03Z</when>
<when>2026-09-18T19:10:05Z</when>
<when>2026-09-18T19:10:07Z</when>
<when>2026-09-18T19:10:09Z</when>
<when>2026-09-18T19:10:11Z</when>
<when>2026-09-18T19:10:13Z</when>
<when>2026-09-18T19:10:15Z</when>
<when>2026-09-18T19:10:17Z</when>
<when>2026-09-18T19:10:19Z</when>
<when>2026-09-18T19:10:21Z</when>
<when>2026-09-18T19:10:23Z</when>
<when>2026-09-18T19:10:25Z</when>
<when>2026-09-18T19:10:27Z</when>
<when>2026-09-18T19:10:29Z</when>
<when>2026-09-18T19:10:31Z</when>
<when>2026-09-18T19:10:33Z</when>
<when>2026-09-18T19:10:35Z</when>
<when>2026-09-18T19:10:37Z</when>
<when>2026-09-18T19:10:39Z</when>
<when>2026-09-18T19:10:41Z</when>
<when>2026-09-18T19:10:43Z</when>
<when>2026-09-18T19:10:45Z</when>
<when>2026-09-18T19:10:47Z</when>
<when>2026-09-18T19:10:49Z</when>
<when>2026-09-18T19:10:51Z</when>
<when>2026-09-18T19:10:53Z</when>
<when>2026-09-18T19:10:55Z</when>
<when>2026-09-18T19:10:57Z</when>
<when>2026-09-18T19:10:59Z</when>
<when>2026-09-18T19:11:01Z</when>
<when>2026-09-18T19:11:03Z</when>
<when>2026-09-18T19:11:05Z</when>
<when>2026-09-18T19:11:07Z</when>
<when>2026-09-18T19:11:09Z</when>
<when>2026-09-18T19:11:11Z</when>
<when>2026-09-18T19:11:13Z</when>
<when>2026-09-18T19:11:15Z</when>
<when>2026-09-18T19:11:17Z</when>
<when>2026-09-18T19:11:19Z</when>
<when>2026-09-18T19:11:21Z</when>
<when>2026-09-18T19:11:23Z</when>
<when>2026-09-18T19:11:25Z</when>
<when>2026-09-18T19:11:27Z</when>
<when>2026-09-18T19:11:29Z</when>
<when>2026-09-18T19:11:31Z</when>
<when>2026-09-18T19:11:33Z</when>
<when>2026-09-18T19:11:35Z</when>
<when>2026-09-18T19:11:37Z</when>
<when>2026-09-18T19:11:39Z</when>
<when>2026-09-18T19:11:41Z</when>
<when>2026-09-18T19:11:43Z</when>
<when>2026-09-18T19:11:45Z</when>
<when>2026-09-18T19:11:47Z</when>
<when>2026-09-18T19:11:49Z</when>
<when>2026-09-18T19:11:51Z</when>
<when>2026-09-18T19:11:53Z</when>
<when>2026-09-18T19:11:55Z</when>
<when>2026-09-18T19:11:57Z</when>
<when>2026-09-18T19:11:59Z</when>
<when>2026-09-18T19:12:01Z</when>
<when>2026-09-18T19:12:03Z</when>
<when>2026-09-18T19:12:05Z</when>
<when>2026-09-18T19:12:07Z</when>
<when>2026-09-18T19:12:09Z</when>
<when>2026-09-18T19:12:11Z</when>
<when>2026-09-18T19:12:13Z</when>
<when>2026-09-18T19:12:15Z</when>
<when>2026-09-18T19:12:17Z</when>
<when>2026-09-18T19:12:19Z</when>
<when>2026-09-18T19:12:21Z</when>
<when>2026-09-18T19:12:23Z</when>
<when>2026-09-18T19:12:25Z</when>
<when>2026-09-18T19:12:27Z</when>
<when>2026-09-18T19:12:29Z</when>
<when>2026-09-18T19:12:31Z</when>
<when>2026-09-18T19:12:33Z</when>
<when>2026-09-18T19:12:35Z</when>
<when>2026-09-18T19:12:37Z</when>
<when>2026-09-18T19:12:39Z</when>
<when>2026-09-18T19:12:41Z</when>
<when>2026-09-18T19:12:43Z</when>
<when>2026-09-18T19:12:45Z</when>
<when>2026-09-18T19:12:47Z</when>
<when>2026-09-18T19:12:49Z</when>
<when>2026-09-18T19:12:51Z</when>
<when>2026-09-18T19:12:53Z</when>
<when>2026-09-18T19:12:55Z</when>
<when>2026-09-18T19:12:57Z</when>
<when>2026-09-18T19:12:59Z</when>
<when>2026-09-18T19:13:01Z</when>
<when>2026-09-18T19:13:03Z</when>
<when>2026-09-18T19:13:05Z</when>
<when>2026-09-18T19:13:07Z</when>
<when>2026-09-18T19:13:09Z</when>
<when>2026-09-18T19:13:11Z</when>
<when>2026-09-18T19:13:13Z</when>
<when>2026-09-18T19:13:15Z</when>
<when>2026-09-18T19:13:17Z</when>
<when>2026-09-18T19:13:19Z</when>
<when>2026-09-18T19:13:21Z</when>
<when>2026-09-18T19:13:23Z</when>
<when>2026-09-18T19:13:25Z</when>
<when>2026-09-18T19:13:27Z</when>
<when>2026-09-18T19:13:29Z</when>
<when>2026-09-18T19:13:31Z</when>
<when>2026-09-18T19:13:33Z</when>
<when>2026-09-18T19:13:35Z</when>
<when>2026-09-18T19:13:37Z</when>
<when>2026-09-18T19:13:39Z</when>
<when>2026-09-18T19:13:41Z</when>
<when>2026-09-18T19:13:43Z</when>
<when>2026-09-18T19:13:45Z</when>
<when>2026-09-18T19:13:47Z</when>
<when>2026-09-18T19:13:49Z</when>
<when>2026-09-18T19:13:51Z</when>
<when>2026-09-18T19:13:53Z</when>
<when>2026-09-18T19:13:55Z</when>
<when>2026-09-18T19:13:57Z</when>
<when>2026-09-18T19:13:59Z</when>
<when>2026-09-18T19:14:01Z</when>
<when>2026-09-18T19:14:03Z</when>
<when>2026-09-18T19:14:05Z</when>
<when>2026-09-18T19:14:07Z</when>
<when>2026-09-18T19:14:09Z</when>
<when>2026-09-18T19:14:11Z</when>
<when>2026-09-18T19:14:13Z</when>
<when>2026-09-18T19:14:15Z</when>
<when>2026-09-18T19:14:17Z</when>
<when>2026-09-18T19:14:19Z</when>
<when>2026-09-18T19:14:21Z</when>
<when>2026-09-18T19:14:23Z</when>
<when>2026-09-18T19:14:25Z</when>
<when>2026-09-18T19:14:27Z</when>
<when>2026-09-18T19:14:29Z</when>
<when>2026-09-18T19:14:31Z</when>
<when>2026-09-18T19:14:33Z</when>
<when>2026-09-18T19:14:35Z</when>
<when>2026-09-18T19:14:37Z</when>
<when>2026-09-18T19:14:39Z</when>
<when>2026-09-18T19:14:41Z</when>
<when>2026-09-18T19:14:43Z</when>
<when>2026-09-18T19:14:45Z</when>
<when>2026-09-18T19:14:47Z</when>
<when>2026-09-18T19:14:49Z</when>
<when>2026-09-18T19:14:51Z</when>
<when>2026-09-18T19:14:53Z</when>
<when>2026-09-18T19:14:55Z</when>
<when>2026-09-18T19:14:57Z</when>
<when>2026-09-18T19:14:59Z</when>
<when>2026-09-18T19:15:01Z</when>
<when>2026-09-18T19:15:03Z</when>
<when>2026-09-18T19:15:05Z</when>
<when>2026-09-18T19:15:07Z</when>
<when>2026-09-18T19:15:09Z</when>
<when>2026-09-18T19:15:11Z</when>
<when>2026-09-18T19:15:13Z</when>
<when>2026-09-18T19:15:15Z</when>
<when>2026-09-18T19:15:17Z</when>
<when>2026-09-18T19:15:19Z</when>
<when>2026-09-18T19:15:21Z</when>
<when>2026-09-18T19:15:23Z</when>
<when>2026-09-18T19:15:25Z</when>
<when>2026-09-18T19:15:27Z</when>
<when>2026-09-18T19:15:29Z</when>
<when>2026-09-18T19:15:31Z</when>
<when>2026-09-18T19:15:33Z</when>
<when>2026-09-18T19:15:35Z</when>
<when>2026-09-18T19:15:37Z</when>
<when>2026-09-18T19:15:39Z</when>
<when>2026-09-18T19:15:41Z</when>
<when>2026-09-18T19:15:43Z</when>
<when>2026-09-18T19:15:45Z</when>
<when>2026-09-18T19:15:47Z</when>
<when>2026-09-18T19:15:49Z</when>
<when>2026-09-18T19:15:51Z</when>
<when>2026-09-18T19:15:53Z</when>
<when>2026-09-18T19:15:55Z</when>
<when>2026-09-18T19:15:57Z</when>
<when>2026-09-18T19:15:59Z</when>
<when>2026-09-18T19:16:01Z</when>
<when>2026-09-18T19:16:03Z</when>
<when>2026-09-18T19:16:05Z</when>
<when>2026-09-18T19:16:07Z</when>
<when>2026-09-18T19:16:09Z</when>
<when>2026-09-18T19:16:11Z</when>
<when>2026-09-18T19:16:13Z</when>
<when>2026-09-18T19:16:15Z</when>
<when>2026-09-18T19:16:17Z</when>
<when>2026-09-18T19:16:19Z</when>
<when>2026-09-18T19:16:21Z</when>
<when>2026-09-18T19:16:23Z</when>
<when>2026-09-18T19:16:25Z</when>
<when>2026-09-18T19:16:27Z</when>
<when>2026-09-18T19:16:29Z</when>
<when>2026-09-18T19:16:31Z</when>
<when>2026-09-18T19:16:33Z</when>
<when>2026-09-18T19:16:35Z</when>
<when>2026-09-18T19:16:37Z</when>
<when>2026-09-18T19:16:39Z</when>
<when>2026-09-18T19:16:41Z</when>
<when>2026-09-18T19:16:43Z</when>
<when>2026-09-18T19:16:45Z</when>
<when>2026-09-18T19:16:47Z</when>
<when>2026-09-18T19:16:49Z</when>
<when>2026-09-18T19:16:51Z</when>
<when>2026-09-18T19:16:53Z</when>
<when>2026-09-18T19:16:55Z</when>
<when>2026-09-18T19:16:57Z</when>
<when>2026-09-18T19:16:59Z</when>
<when>2026-09-18T19:17:01Z</when>
<when>2026-09-18T19:17:03Z</when>
<when>2026-09-18T19:17:05Z</when>
<when>2026-09-18T19:17:07Z</when>
<when>2026-09-18T19:17:09Z</when>
<when>2026-09-18T19:17:11Z</when>
<when>2026-09-18T19:17:13Z</when>
<when>2026-09-18T19:17:15Z</when>
<when>2026-09-18T19:17:17Z</when>
<when>2026-09-18T19:17:19Z</when>
<when>2026-09-18T19:17:21Z</when>
<when>2026-09-18T19:17:23Z</when>
<when>2026-09-18T19:17:25Z</when>
<when>2026-09-18T19:17:27Z</when>
<when>2026-09-18T19:17:29Z</when>
<when>2026-09-18T19:17:31Z</when>
<when>2026-09-18T19:17:33Z</when>
<when>2026-09-18T19:17:35Z</when>
<when>2026-09-18T19:17:37Z</when>
<when>2026-09-18T19:17:39Z</when>
<when>2026-09-18T19:17:41Z</when>
<when>2026-09-18T19:17:43Z</when>
<when>2026-09-18T19:17:45Z</when>
<when>2026-09-18T19:17:47Z</when>
<when>2026-09-18T19:17:49Z</when>
<when>2026-09-18T19:17:51Z</when>
<when>2026-09-18T19:17:53Z</when>
<when>2026-09-18T19:17:55Z</when>
<when>2026-09-18T19:17:57Z</when>
<when>2026-09-18T19:17:59Z</when>
<when>2026-09-18T19:18:01Z</when>
<when>2026-09-18T19:18:03Z</when>
<when>2026-09-18T19:18:05Z</when>
<when>2026-09-18T19:18:07Z</when>
<when>2026-09-18T19:18:09Z</when>
<when>2026-09-18T19:18:11Z</when>
<when>2026-09-18T19:18:13Z</when>
<when>2026-09-18T19:18:15Z</when>
<when>2026-09-18T19:18:17Z</when>
<when>2026-09-18T19:18:19Z</when>
<when>2026-09-18T19:18:21Z</when>
<when>2026-09-18T19:18:23Z</when>
<when>2026-09-18T19:18:25Z</when>
<when>2026-09-18T19:18:27Z</when>
<when>2026-09-18T19:18:29Z</when>
<when>2026-09-18T19:18:31Z</when>
<when>2026-09-18T19:18:33Z</when>
<when>2026-09-18T19:18:35Z</when>
<when>2026-09-18T19:18:37Z</when>
<when>2026-09-18T19:18:39Z</when>
<when>2026-09-18T19:18:41Z</when>
<when>2026-09-18T19:18:43Z</when>
<when>2026-09-18T19:18:45Z</when>
<when>2026-09-18T19:18:47Z</when>
<when>2026-09-18T19:18:49Z</when>
<when>2026-09-18T19:18:51Z</when>
<when>2026-09-18T19:18:53Z</when>
<when>2026-09-18T19:18:55Z</when>
<when>2026-09-18T19:18:57Z</when>
<when>2026-09-18T19:18:59Z</when>
<when>2026-09-18T19:19:01Z</when>
<when>2026-09-18T19:19:03Z</when>
<when>2026-09-18T19:19:05Z</when>
<when>2026-09-18T19:19:07Z</when>
<when>2026-09-18T19:19:09Z</when>
<when>2026-09-18T19:19:11Z</when>
<when>2026-09-18T19:19:13Z</when>
<when>2026-09-18T19:19:15Z</when>
<when>2026-09-18T19:19:17Z</when>
<when>2026-09-18T19:19:19Z</when>
<when>2026-09-18T19:19:21Z</when>
<when>2026-09-18T19:19:23Z</when>
<when>2026-09-18T19:19:25Z</when>
<when>2026-09-18T19:19:27Z</when>
<when>2026-09-18T19:19:29Z</when>
<when>2026-09-18T19:19:31Z</when>
<when>2026-09-18T19:19:33Z</when>
<when>2026-09-18T19:19:35Z</when>
<when>2026-09-18T19:19:37Z</when>
<when>2026-09-18T19:19:39Z</when>
<when>2026-09-18T19:19:41Z</when>
<when>2026-09-18T19:19:43Z</when>
<when>2026-09-18T19:19:45Z</when>
<when>2026-09-18T19:19:47Z</when>
<when>2026-09-18T19:19:49Z</when>
<when>2026-09-18T19:19:51Z</when>
<when>2026-09-18T19:19:53Z</when>
<when>2026-09-18T19:19:55Z</when>
<when>2026-09-18T19:19:57Z</when>
<when>2026-09-18T19:19:59Z</when>
<when>2026-09-18T19:20:01Z</when>
<when>2026-09-18T19:20:03Z</when>
<when>2026-09-18T19:20:05Z</when>
<when>2026-09-18T19:20:07Z</when>
<when>2026-09-18T19:20:09Z</when>
<when>2026-09-18T19:20:11Z</when>
<when>2026-09-18T19:20:13Z</when>
<when>2026-09-18T19:20:15Z</when>
<when>2026-09-18T19:20:17Z</when>
<when>2026-09-18T19:20:19Z</when>
<when>2026-09-18T19:20:21Z</when>
<when>2026-09-18T19:20:23Z</when>
<when>2026-09-18T19:20:25Z</when>
<when>2026-09-18T19:20:27Z</when>
<when>2026-09-18T19:20:29Z</when>
<when>2026-09-18T19:20:31Z</when>
<when>2026-09-18T19:20:33Z</when>
<when>2026-09-18T19:20:35Z</when>
<when>2026-09-18T19:20:37Z</when>
<when>2026-09-18T19:20:39Z</when>
<when>2026-09-18T19:20:41Z</when>
<when>2026-09-18T19:20:43Z</when>
<when>2026-09-18T19:20:45Z</when>
<when>2026-09-18T19:20:47Z</when>
<when>2026-09-18T19:20:49Z</when>
<when>2026-09-18T19:20:51Z</when>
<when>2026-09-18T19:20:53Z</when>
<when>2026-09-18T19:20:55Z</when>
<when>2026-09-18T19:20:57Z</when>
<when>2026-09-18T19:20:59Z</when>
<when>2026-09-18T19:21:01Z</when>
<when>2026-09-18T19:21:03Z</when>
<when>2026-09-18T19:21:05Z</when>
<when>2026-09-18T19:21:07Z</when>
<when>2026-09-18T19:21:09Z</when>
<when>2026-09-18T19:21:11Z</when>
<when>2026-09-18T19:21:13Z</when>
<when>2026-09-18T19:21:15Z</when>
<when>2026-09-18T19:21:17Z</when>
<when>2026-09-18T19:21:19Z</when>
<when>2026-09-18T19:21:21Z</when>
<when>2026-09-18T19:21:23Z</when>
<when>2026-09-18T19:21:25Z</when>
<when>2026-09-18T19:21:27Z</when>
<when>2026-09-18T19:21:29Z</when>
<when>2026-09-18T19:21:31Z</when>
<when>2026-09-18T19:21:33Z</when>
<when>2026-09-18T19:21:35Z</when>
<when>2026-09-18T19:21:37Z</when>
<when>2026-09-18T19:21:39Z</when>
<when>2026-09-18T19:21:41Z</when>
<when>2026-09-18T19:21:43Z</when>
<when>2026-09-18T19:21:45Z</when>
<when>2026-09-18T19:21:47Z</when>
<when>2026-09-18T19:21:49Z</when>
<when>2026-09-18T19:21:51Z</when>
<when>2026-09-18T19:21:53Z</when>
<when>2026-09-18T19:21:55Z</when>
<when>2026-09-18T19:21:57Z</when>
<when>2026-09-18T19:21:59Z</when>
<when>2026-09-18T19:22:01Z</when>
<when>2026-09-18T19:22:03Z</when>
<when>2026-09-18T19:22:05Z</when>
<when>2026-09-18T19:22:07Z</when>
<when>2026-09-18T19:22:09Z</when>
<when>2026-09-18T19:22:11Z</when>
<when>2026-09-18T19:22:13Z</when>
<when>2026-09-18T19:22:15Z</when>
<when>2026-09-18T19:22:17Z</when>
<when>2026-09-18T19:22:19Z</when>
<when>2026-09-18T19:22:21Z</when>
<when>2026-09-18T19:22:23Z</when>
<when>2026-09-18T19:22:25Z</when>
<when>2026-09-18T19:22:27Z</when>
<when>2026-09-18T19:22:29Z</when>
<when>2026-09-18T19:22:31Z</when>
<when>2026-09-18T19:22:33Z</when>
<when>2026-09-18T19:22:35Z</when>
<when>2026-09-18T19:22:37Z</when>
<when>2026-09-18T19:22:39Z</when>
<when>2026-09-18T19:22:41Z</when>
<when>2026-09-18T19:22:43Z</when>
<when>2026-09-18T19:22:45Z</when>
<when>2026-09-18T19:22:47Z</when>
<when>2026-09-18T19:22:49Z</when>
<when>2026-09-18T19:22:51Z</when>
<when>2026-09-18T19:22:53Z</when>
<when>2026-09-18T19:22:55Z</when>
<when>2026-09-18T19:22:57Z</when>
<when>2026-09-18T19:22:59Z</when>
<when>2026-09-18T19:23:01Z</when>
<when>2026-09-18T19:23:03Z</when>
<when>2026-09-18T19:23:05Z</when>
<when>2026-09-18T19:23:07Z</when>
<when>2026-09-18T19:23:09Z</when>
<when>2026-09-18T19:23:11Z</when>
<when>2026-09-18T19:23:13Z</when>
<when>2026-09-18T19:23:15Z</when>
<when>2026-09-18T19:23:17Z</when>
<when>2026-09-18T19:23:19Z</when>
<when>2026-09-18T19:23:21Z</when>
<when>2026-09-18T19:23:23Z</when>
<when>2026-09-18T19:23:25Z</when>
<when>2026-09-18T19:23:27Z</when>
<when>2026-09-18T19:23:29Z</when>
<when>2026-09-18T19:23:31Z</when>
<when>2026-09-18T19:23:33Z</when>
<when>2026-09-18T19:23:35Z</when>
<when>2026-09-18T19:23:37Z</when>
<when>2026-09-18T19:23:39Z</when>
<when>2026-09-18T19:23:41Z</when>
<when>2026-09-18T19:23:43Z</when>
<when>2026-09-18T19:23:45Z</when>
<when>2026-09-18T19:23:47Z</when>
<when>2026-09-18T19:23:49Z</when>
<when>2026-09-18T19:23:51Z</when>
<when>2026-09-18T19:23:53Z</when>
<when>2026-09-18T19:23:55Z</when>
<when>2026-09-18T19:23:57Z</when>
<when>2026-09-18T19:23:59Z</when>
<when>2026-09-18T19:24:01Z</when>
<when>2026-09-18T19:24:03Z</when>
<when>2026-09-18T19:24:05Z</when>
<when>2026-09-18T19:24:07Z</when>
<when>2026-09-18T19:24:09Z</when>
<when>2026-09-18T19:24:11Z</when>
<when>2026-09-18T19:24:13Z</when>
<when>2026-09-18T19:24:15Z</when>
<when>2026-09-18T19:24:17Z</when>
<when>2026-09-18T19:24:19Z</when>
<when>2026-09-18T19:24:21Z</when>
<when>2026-09-18T19:24:23Z</when>
<when>2026-09-18T19:24:25Z</when>
<when>2026-09-18T19:24:27Z</when>
<when>2026-09-18T19:24:29Z</when>
<when>2026-09-18T19:24:31Z</when>
<when>2026-09-18T19:24:33Z</when>
<when>2026-09-18T19:24:35Z</when>
<when>2026-09-18T19:24:37Z</when>
<when>2026-09-18T19:24:39Z</when>
<when>2026-09-18T19:24:41Z</when>
<when>2026-09-18T19:24:43Z</when>
<when>2026-09-18T19:24:45Z</when>
<when>2026-09-18T19:24:47Z</when>
<when>2026-09-18T19:24:49Z</when>
<when>2026-09-18T19:24:51Z</when>
<when>2026-09-18T19:24:53Z</when>
<when>2026-09-18T19:24:55Z</when>
<when>2026-09-18T19:24:57Z</when>
<when>2026-09-18T19:24:59Z</when>
<when>2026-09-18T19:25:01Z</when>
<when>2026-09-18T19:25:03Z</when>
<when>2026-09-18T19:25:05Z</when>
<when>2026-09-18T19:25:07Z</when>
<when>2026-09-18T19:25:09Z</when>
<when>2026-09-18T19:25:11Z</when>
<when>2026-09-18T19:25:13Z</when>
<when>2026-09-18T19:25:15Z</when>
<when>2026-09-18T19:25:17Z</when>
<when>2026-09-18T19:25:19Z</when>
<when>2026-09-18T19:25:21Z</when>
<when>2026-09-18T19:25:23Z</when>
<when>2026-09-18T19:25:25Z</when>
<when>2026-09-18T19:25:27Z</when>
<when>2026-09-18T19:25:29Z</when>
<when>2026-09-18T19:25:31Z</when>
<when>2026-09-18T19:25:33Z</when>
<when>2026-09-18T19:25:35Z</when>
<when>2026-09-18T19:25:37Z</when>
<when>2026-09-18T19:25:39Z</when>
<when>2026-09-18T19:25:41Z</when>
<when>2026-09-18T19:25:43Z</when>
<when>2026-09-18T19:25:45Z</when>
<when>2026-09-18T19:25:47Z</when>
<when>2026-09-18T19:25:49Z</when>
<when>2026-09-18T19:25:51Z</when>
<when>2026-09-18T19:25:53Z</when>
<when>2026-09-18T19:25:55Z</when>
<when>2026-09-18T19:25:57Z</when>
<when>2026-09-18T19:25:59Z</when>
<when>2026-09-18T19:26:01Z</when>
<when>2026-09-18T19:26:03Z</when>
<when>2026-09-18T19:26:05Z</when>
<when>2026-09-18T19:26:07Z</when>
<when>2026-09-18T19:26:09Z</when>
<when>2026-09-18T19:26:11Z</when>
<when>2026-09-18T19:26:13Z</when>
<when>2026-09-18T19:26:15Z</when>
<when>2026-09-18T19:26:17Z</when>
<when>2026-09-18T19:26:19Z</when>
<when>2026-09-18T19:26:21Z</when>
<when>2026-09-18T19:26:23Z</when>
<when>2026-09-18T19:26:25Z</when>
<when>2026-09-18T19:26:27Z</when>
<when>2026-09-18T19:26:29Z</when>
<when>2026-09-18T19:26:31Z</when>
<when>2026-09-18T19:26:33Z</when>
<when>2026-09-18T19:26:35Z</when>
<when>2026-09-18T19:26:37Z</when>
<when>2026-09-18T19:26:39Z</when>
<when>2026-09-18T19:26:41Z</when>
<when>2026-09-18T19:26:43Z</when>
<when>2026-09-18T19:26:45Z</when>
<when>2026-09-18T19:26:47Z</when>
<when>2026-09-18T19:26:49Z</when>
<when>2026-09-18T19:26:51Z</when>
<when>2026-09-18T19:26:53Z</when>
<when>2026-09-18T19:26:55Z</when>
<when>2026-09-18T19:26:57Z</when>
<when>2026-09-18T19:26:59Z</when>
<when>2026-09-18T19:27:01Z</when>
<when>2026-09-18T19:27:03Z</when>
<when>2026-09-18T19:27:05Z</when>
<when>2026-09-18T19:27:07Z</when>
<when>2026-09-18T19:27:09Z</when>
<when>2026-09-18T19:27:11Z</when>
<when>2026-09-18T19:27:13Z</when>
<when>2026-09-18T19:27:15Z</when>
<when>2026-09-18T19:27:17Z</when>
<when>2026-09-18T19:27:19Z</when>
<when>2026-09-18T19:27:21Z</when>
<when>2026-09-18T19:27:23Z</when>
<when>2026-09-18T19:27:25Z</when>
<when>2026-09-18T19:27:27Z</when>
<when>2026-09-18T19:27:29Z</when>
<when>2026-09-18T19:27:31Z</when>
<when>2026-09-18T19:27:33Z</when>
<when>2026-09-18T19:27:35Z</when>
<when>2026-09-18T19:27:37Z</when>
<when>2026-09-18T19:27:39Z</when>
<when>2026-09-18T19:27:41Z</when>
<when>2026-09-18T19:27:43Z</when>
<when>2026-09-18T19:27:45Z</when>
<when>2026-09-18T19:27:47Z</when>
<when>2026-09-18T19:27:49Z</when>
<when>2026-09-18T19:27:51Z</when>
<when>2026-09-18T19:27:53Z</when>
<when>2026-09-18T19:27:55Z</when>
<when>2026-09-18T19:27:57Z</when>
<when>2026-09-18T19:27:59Z</when>
<when>2026-09-18T19:28:01Z</when>
<when>2026-09-18T19:28:03Z</when>
<when>2026-09-18T19:28:05Z</when>
<when>2026-09-18T19:28:07Z</when>
<when>2026-09-18T19:28:09Z</when>
<when>2026-09-18T19:28:11Z</when>
<when>2026-09-18T19:28:13Z</when>
<when>2026-09-18T19:28:15Z</when>
<when>2026-09-18T19:28:17Z</when>
<when>2026-09-18T19:28:19Z</when>
<when>2026-09-18T19:28:21Z</when>
<when>2026-09-18T19:28:23Z</when>
<when>2026-09-18T19:28:25Z</when>
<when>2026-09-18T19:28:27Z</when>
<when>2026-09-18T19:28:29Z</when>
<when>2026-09-18T19:28:31Z</when>
<when>2026-09-18T19:28:33Z</when>
<when>2026-09-18T19:28:35Z</when>
<when>2026-09-18T19:28:37Z</when>
<when>2026-09-18T19:28:39Z</when>
<when>2026-09-18T19:28:41Z</when>
<when>2026-09-18T19:28:43Z</when>
<when>2026-09-18T19:28:45Z</when>
<when>2026-09-18T19:28:47Z</when>
<when>2026-09-18T19:28:49Z</when>
<when>2026-09-18T19:28:51Z</when>
<when>2026-09-18T19:28:53Z</when>
<when>2026-09-18T19:28:55Z</when>
<when>2026-09-18T19:28:57Z</when>
<when>2026-09-18T19:28:59Z</when>
<when>2026-09-18T19:29:01Z</when>
<when>2026-09-18T19:29:03Z</when>
<when>2026-09-18T19:29:05Z</when>
<when>2026-09-18T19:29:07Z</when>
<when>2026-09-18T19:29:09Z</when>
<when>2026-09-18T19:29:11Z</when>
<when>2026-09-18T19:29:13Z</when>
<when>2026-09-18T19:29:15Z</when>
<when>2026-09-18T19:29:17Z</when>
<when>2026-09-18T19:29:19Z</when>
<when>2026-09-18T19:29:21Z</when>
<when>2026-09-18T19:29:23Z</when>
<when>2026-09-18T19:29:25Z</when>
<when>2026-09-18T19:29:27Z</when>
<when>2026-09-18T19:29:29Z</when>
<when>2026-09-18T19:29:31Z</when>
<when>2026-09-18T19:29:32Z</when>
<when>2026-09-18T19:29:34Z</when>
<when>2026-09-18T19:29:36Z</when>
<when>2026-09-18T19:29:38Z</when>
<when>2026-09-18T19:29:40Z</when>
<when>2026-09-18T19:29:42Z</when>
<when>2026-09-18T19:29:44Z</when>
<when>2026-09-18T19:29:46Z</when>
<when>2026-09-18T19:29:48Z</when>
<when>2026-09-18T19:29:50Z</when>
<when>2026-09-18T19:29:52Z</when>
<when>2026-09-18T19:29:54Z</when>
<when>2026-09-18T19:29:56Z</when>
<when>2026-09-18T19:29:58Z</when>
<when>2026-09-18T19:30:00Z</when>
<when>2026-09-18T19:30:02Z</when>
<when>2026-09-18T19:30:04Z</when>
<when>2026-09-18T19:30:06Z</when>
<when>2026-09-18T19:30:08Z</when>
<when>2026-09-18T19:30:10Z</when>
<when>2026-09-18T19:30:12Z</when>
<when>2026-09-18T19:30:14Z</when>
<when>2026-09-18T19:30:16Z</when>
<when>2026-09-18T19:30:18Z</when>
<when>2026-09-18T19:30:20Z</when>
<when>2026-09-18T19:30:22Z</when>
<when>2026-09-18T19:30:24Z</when>
<when>2026-09-18T19:30:26Z</when>
<when>2026-09-18T19:30:28Z</when>
<when>2026-09-18T19:30:30Z</when>
<when>2026-09-18T19:30:32Z</when>
<when>2026-09-18T19:30:34Z</when>
<when>2026-09-18T19:30:36Z</when>
<when>2026-09-18T19:30:38Z</when>
<when>2026-09-18T19:30:40Z</when>
<when>2026-09-18T19:30:42Z</when>
<when>2026-09-18T19:30:44Z</when>
<when>2026-09-18T19:30:46Z</when>
<when>2026-09-18T19:30:48Z</when>
<when>2026-09-18T19:30:50Z</when>
<when>2026-09-18T19:30:52Z</when>
<when>2026-09-18T19:30:54Z</when>
<when>2026-09-18T19:30:56Z</when>
<when>2026-09-18T19:30:58Z</when>
<when>2026-09-18T19:31:00Z</when>
<when>2026-09-18T19:31:02Z</when>
<when>2026-09-18T19:31:04Z</when>
<when>2026-09-18T19:31:06Z</when>
<when>2026-09-18T19:31:08Z</when>
<when>2026-09-18T19:31:10Z</when>
<when>2026-09-18T19:31:12Z</when>
<when>2026-09-18T19:31:14Z</when>
<when>2026-09-18T19:31:16Z</when>
<when>2026-09-18T19:31:18Z</when>
<when>2026-09-18T19:31:20Z</when>
<when>2026-09-18T19:31:22Z</when>
<when>2026-09-18T19:31:24Z</when>
<when>2026-09-18T19:31:26Z</when>
<when>2026-09-18T19:31:28Z</when>
<when>2026-09-18T19:31:30Z</when>
<when>2026-09-18T19:31:32Z</when>
<when>2026-09-18T19:31:34Z</when>
<when>2026-09-18T19:31:36Z</when>
<when>2026-09-18T19:31:38Z</when>
<when>2026-09-18T19:31:40Z</when>
<when>2026-09-18T19:31:42Z</when>
<when>2026-09-18T19:31:44Z</when>
<when>2026-09-18T19:31:46Z</when>
<when>2026-09-18T19:31:48Z</when>
<when>2026-09-18T19:31:50Z</when>
<when>2026-09-18T19:31:52Z</when>
<when>2026-09-18T19:31:54Z</when>
<when>2026-09-18T19:31:56Z</when>
<when>2026-09-18T19:31:58Z</when>
<when>2026-09-18T19:32:00Z</when>
<when>2026-09-18T19:32:02Z</when>
<when>2026-09-18T19:32:04Z</when>
<when>2026-09-18T19:32:06Z</when>
<when>2026-09-18T19:32:08Z</when>
<when>2026-09-18T19:32:10Z</when>
<when>2026-09-18T19:32:12Z</when>
<when>2026-09-18T19:32:14Z</when>
<when>2026-09-18T19:32:16Z</when>
<when>2026-09-18T19:32:18Z</when>
<when>2026-09-18T19:32:20Z</when>
<when>2026-09-18T19:32:22Z</when>
<when>2026-09-18T19:32:24Z</when>
<when>2026-09-18T19:32:26Z</when>
<when>2026-09-18T19:32:28Z</when>
<when>2026-09-18T19:32:30Z</when>
<when>2026-09-18T19:32:32Z</when>
<when>2026-09-18T19:32:34Z</when>
<when>2026-09-18T19:32:36Z</when>
<when>2026-09-18T19:32:38Z</when>
<when>2026-09-18T19:32:40Z</when>
<when>2026-09-18T19:32:42Z</when>
<when>2026-09-18T19:32:44Z</when>
<when>2026-09-18T19:32:46Z</when>
<when>2026-09-18T19:32:48Z</when>
<when>2026-09-18T19:32:50Z</when>
<when>2026-09-18T19:32:52Z</when>
<when>2026-09-18T19:32:54Z</when>
<when>2026-09-18T19:32:56Z</when>
<when>2026-09-18T19:32:58Z</when>
<when>2026-09-18T19:33:00Z</when>
<when>2026-09-18T19:33:02Z</when>
<when>2026-09-18T19:33:04Z</when>
<when>2026-09-18T19:33:06Z</when>
<when>2026-09-18T19:33:08Z</when>
<when>2026-09-18T19:33:10Z</when>
<when>2026-09-18T19:33:12Z</when>
<when>2026-09-18T19:33:14Z</when>
<when>2026-09-18T19:33:16Z</when>
<when>2026-09-18T19:33:18Z</when>
<when>2026-09-18T19:33:20Z</when>
<when>2026-09-18T19:33:22Z</when>
<when>2026-09-18T19:33:42Z</when>
<when>2026-09-18T19:33:44Z</when>
<when>2026-09-18T19:33:51Z</when>
<when>2026-09-18T19:33:53Z</when>
<gx:coord>-39.01351 -14.102995 -0.455</gx:coord>
<gx:coord>-39.0134817 -14.10304 -1.755</gx:coord>
<gx:coord>-39.0134817 -14.10304 -1.655</gx:coord>
<gx:coord>-39.0134817 -14.10304 -0.355</gx:coord>
<gx:coord>-39.0134817 -14.10304 -0.355</gx:coord>
<gx:coord>-39.0134817 -14.10304 -0.355</gx:coord>
<gx:coord>-39.0134817 -14.10304 -0.355</gx:coord>
<gx:coord>-39.0134817 -14.10304 1.145</gx:coord>
<gx:coord>-39.0134817 -14.10304 -0.355</gx:coord>
<gx:coord>-39.0134817 -14.10304 -0.955</gx:coord>
<gx:coord>-39.0134817 -14.10304 -1.155</gx:coord>
<gx:coord>-39.0134817 -14.10304 -2.855</gx:coord>
<gx:coord>-39.0134817 -14.10304 -2.155</gx:coord>
<gx:coord>-39.0134817 -14.10304 -1.455</gx:coord>
<gx:coord>-39.0134817 -14.10304 -2.455</gx:coord>
<gx:coord>-39.0134817 -14.10304 -2.355</gx:coord>
<gx:coord>-39.013585 -14.1029883 0.145</gx:coord>
<gx:coord>-39.0135867 -14.1029783 0.545</gx:coord>
<gx:coord>-39.0135867 -14.1029783 0.545</gx:coord>
<gx:coord>-39.0135867 -14.1029783 0.545</gx:coord>
<gx:coord>-39.0135867 -14.1029783 0.545</gx:coord>
<gx:coord>-39.0135867 -14.1029783 0.545</gx:coord>
<gx:coord>-39.0135867 -14.1029783 0.545</gx:coord>
<gx:coord>-39.0135783 -14.10295 4.345</gx:coord>
<gx:coord>-39.0135683 -14.1029017 4.645</gx:coord>
<gx:coord>-39.01357 -14.102895 4.045</gx:coord>
<gx:coord>-39.01357 -14.102895 4.045</gx:coord>
<gx:coord>-39.01357 -14.102895 4.045</gx:coord>
<gx:coord>-39.01357 -14.102895 4.045</gx:coord>
<gx:coord>-39.01357 -14.102895 4.045</gx:coord>
<gx:coord>-39.01357 -14.102895 4.045</gx:coord>
<gx:coord>-39.01357 -14.102895 2.645</gx:coord>
<gx:coord>-39.01357 -14.102895 2.445</gx:coord>
<gx:coord>-39.01357 -14.102895 2.445</gx:coord>
<gx:coord>-39.01357 -14.102895 -3.255</gx:coord>
<gx:coord>-39.01357 -14.102895 -3.555</gx:coord>
<gx:coord>-39.0135933 -14.10292 -4.855</gx:coord>
<gx:coord>-39.0136567 -14.1029 -5.255</gx:coord>
<gx:coord>-39.0137217 -14.1028817 -5.255</gx:coord>
<gx:coord>-39.013775 -14.1028567 -5.655</gx:coord>
<gx:coord>-39.01384 -14.102845 -3.055</gx:coord>
<gx:coord>-39.0138917 -14.1028383 1.245</gx:coord>
<gx:coord>-39.013955 -14.1028933 1.245</gx:coord>
<gx:coord>-39.014 -14.1029667 1.145</gx:coord>
<gx:coord>-39.0140433 -14.1030367 0.345</gx:coord>
<gx:coord>-39.014075 -14.1031117 -0.855</gx:coord>
<gx:coord>-39.014095 -14.103195 -2.655</gx:coord>
<gx:coord>-39.0141183 -14.1032933 -3.555</gx:coord>
<gx:coord>-39.0141483 -14.1034 -4.755</gx:coord>
<gx:coord>-39.01418 -14.1035117 -4.555</gx:coord>
<gx:coord>-39.0142233 -14.1036367 -2.855</gx:coord>
<gx:coord>-39.0142717 -14.1037617 -2.854</gx:coord>
<gx:coord>-39.0143167 -14.1038833 -3.154</gx:coord>
<gx:coord>-39.0143417 -14.1039883 -2.054</gx:coord>
<gx:coord>-39.0143667 -14.1040883 0.046</gx:coord>
<gx:coord>-39.0143933 -14.1041867 2.946</gx:coord>
<gx:coord>-39.0144383 -14.104295 2.546</gx:coord>
<gx:coord>-39.0144833 -14.10441 3.546</gx:coord>
<gx:coord>-39.01453 -14.1045183 2.146</gx:coord>
<gx:coord>-39.0145733 -14.104615 2.446</gx:coord>
<gx:coord>-39.0146183 -14.10472 6.746</gx:coord>
<gx:coord>-39.01466 -14.10482 6.946</gx:coord>
<gx:coord>-39.01471 -14.10492 9.146</gx:coord>
<gx:coord>-39.014765 -14.1050433 10.546</gx:coord>
<gx:coord>-39.0148167 -14.10518 8.946</gx:coord>
<gx:coord>-39.01487 -14.1053083 10.246</gx:coord>
<gx:coord>-39.0149033 -14.1054217 11.047</gx:coord>
<gx:coord>-39.01493 -14.1055383 12.047</gx:coord>
<gx:coord>-39.014965 -14.1056533 12.947</gx:coord>
<gx:coord>-39.014945 -14.1057783 17.047</gx:coord>
<gx:coord>-39.0149417 -14.1058967 17.747</gx:coord>
<gx:coord>-39.01493 -14.10601 17.547</gx:coord>
<gx:coord>-39.0149383 -14.1061167 15.547</gx:coord>
<gx:coord>-39.0149333 -14.1062333 14.647</gx:coord>
<gx:coord>-39.0149483 -14.1063667 14.947</gx:coord>
<gx:coord>-39.01496 -14.1065133 18.747</gx:coord>
<gx:coord>-39.0149567 -14.1066633 20.047</gx:coord>
<gx:coord>-39.01497 -14.1068233 20.247</gx:coord>
<gx:coord>-39.0149933 -14.10699 19.848</gx:coord>
<gx:coord>-39.015035 -14.1071383 17.148</gx:coord>
<gx:coord>-39.0150467 -14.10729 15.448</gx:coord>
<gx:coord>-39.0150533 -14.10746 14.548</gx:coord>
<gx:coord>-39.0150583 -14.107635 13.448</gx:coord>
<gx:coord>-39.015055 -14.1078 12.048</gx:coord>
<gx:coord>-39.0150567 -14.1079517 10.448</gx:coord>
<gx:coord>-39.0150567 -14.108075 9.648</gx:coord>
<gx:coord>-39.0150617 -14.1082033 6.948</gx:coord>
<gx:coord>-39.01505 -14.1083417 6.548</gx:coord>
<gx:coord>-39.0150367 -14.1084583 7.649</gx:coord>
<gx:coord>-39.015015 -14.1085717 7.149</gx:coord>
<gx:coord>-39.0149683 -14.1086933 6.449</gx:coord>
<gx:coord>-39.0148867 -14.108825 5.849</gx:coord>
<gx:coord>-39.0148 -14.1089533 3.949</gx:coord>
<gx:coord>-39.0146883 -14.1090867 2.749</gx:coord>
<gx:coord>-39.01456 -14.1092317 2.849</gx:coord>
<gx:coord>-39.0144133 -14.1093867 6.449</gx:coord>
<gx:coord>-39.01427 -14.109535 9.649</gx:coord>
<gx:coord>-39.014135 -14.109685 8.95</gx:coord>
<gx:coord>-39.0139967 -14.1098383 8.85</gx:coord>
<gx:coord>-39.0138467 -14.1099983 10.05</gx:coord>
<gx:coord>-39.0137017 -14.1101483 9.95</gx:coord>
<gx:coord>-39.0135617 -14.110295 8.85</gx:coord>
<gx:coord>-39.01345 -14.1104333 7.55</gx:coord>
<gx:coord>-39.0133283 -14.1105733 7.45</gx:coord>
<gx:coord>-39.013205 -14.1107133 8.351</gx:coord>
<gx:coord>-39.0130933 -14.1108617 9.551</gx:coord>
<gx:coord>-39.0129733 -14.1109933 10.051</gx:coord>
<gx:coord>-39.012855 -14.1111283 10.451</gx:coord>
<gx:coord>-39.0127133 -14.111235 7.051</gx:coord>
<gx:coord>-39.01258 -14.1113367 9.651</gx:coord>
<gx:coord>-39.0124883 -14.1114517 10.551</gx:coord>
<gx:coord>-39.0124183 -14.11155 8.451</gx:coord>
<gx:coord>-39.0123283 -14.1116217 10.351</gx:coord>
<gx:coord>-39.0121983 -14.1116967 10.251</gx:coord>
<gx:coord>-39.0120583 -14.11179 10.252</gx:coord>
<gx:coord>-39.0119433 -14.1118917 10.252</gx:coord>
<gx:coord>-39.0118133 -14.1120067 8.052</gx:coord>
<gx:coord>-39.01167 -14.1121267 8.052</gx:coord>
<gx:coord>-39.0115267 -14.11226 8.152</gx:coord>
<gx:coord>-39.011375 -14.112355 7.952</gx:coord>
<gx:coord>-39.0112533 -14.1124517 7.052</gx:coord>
<gx:coord>-39.0111533 -14.112555 5.252</gx:coord>
<gx:coord>-39.0110967 -14.112655 -7.648</gx:coord>
<gx:coord>-39.0109917 -14.1128183 -7.647</gx:coord>
<gx:coord>-39.010925 -14.11299 -6.447</gx:coord>
<gx:coord>-39.0108683 -14.11318 -7.647</gx:coord>
<gx:coord>-39.0108483 -14.1133833 -8.247</gx:coord>
<gx:coord>-39.010885 -14.1135967 -5.847</gx:coord>
<gx:coord>-39.0109167 -14.1138117 -0.247</gx:coord>
<gx:coord>-39.010965 -14.1140267 3.853</gx:coord>
<gx:coord>-39.011015 -14.1142233 2.853</gx:coord>
<gx:coord>-39.011035 -14.1143917 2.054</gx:coord>
<gx:coord>-39.011045 -14.1145283 1.854</gx:coord>
<gx:coord>-39.011095 -14.1146617 2.154</gx:coord>
<gx:coord>-39.011135 -14.1147983 -0.146</gx:coord>
<gx:coord>-39.0111767 -14.114925 0.454</gx:coord>
<gx:coord>-39.0111983 -14.115055 6.054</gx:coord>
<gx:coord>-39.0112317 -14.11519 9.054</gx:coord>
<gx:coord>-39.0112533 -14.1153283 9.554</gx:coord>
<gx:coord>-39.0112783 -14.1154517 9.954</gx:coord>
<gx:coord>-39.011285 -14.1156033 10.554</gx:coord>
<gx:coord>-39.0113067 -14.1157617 11.054</gx:coord>
<gx:coord>-39.0112817 -14.115885 11.655</gx:coord>
<gx:coord>-39.0112533 -14.1160267 12.455</gx:coord>
<gx:coord>-39.0112517 -14.1161517 14.155</gx:coord>
<gx:coord>-39.0112283 -14.1162583 15.855</gx:coord>
<gx:coord>-39.0111933 -14.1163817 17.555</gx:coord>
<gx:coord>-39.0110983 -14.1165 18.655</gx:coord>
<gx:coord>-39.0110117 -14.116625 16.755</gx:coord>
<gx:coord>-39.01091 -14.1167433 16.655</gx:coord>
<gx:coord>-39.0107833 -14.1168633 17.055</gx:coord>
<gx:coord>-39.01063 -14.1169733 14.055</gx:coord>
<gx:coord>-39.01049 -14.117085 15.456</gx:coord>
<gx:coord>-39.0103567 -14.117185 15.856</gx:coord>
<gx:coord>-39.010185 -14.1172817 16.456</gx:coord>
<gx:coord>-39.01002 -14.1173617 17.356</gx:coord>
<gx:coord>-39.009915 -14.1174467 13.256</gx:coord>
<gx:coord>-39.0097517 -14.117525 11.156</gx:coord>
<gx:coord>-39.0096117 -14.11763 10.556</gx:coord>
<gx:coord>-39.0094917 -14.1177467 9.556</gx:coord>
<gx:coord>-39.0093833 -14.117885 9.256</gx:coord>
<gx:coord>-39.0092633 -14.1180167 9.757</gx:coord>
<gx:coord>-39.009135 -14.1181467 8.657</gx:coord>
<gx:coord>-39.0089933 -14.1182667 12.057</gx:coord>
<gx:coord>-39.008865 -14.118385 12.557</gx:coord>
<gx:coord>-39.0087567 -14.11853 10.457</gx:coord>
<gx:coord>-39.0086567 -14.1186467 7.857</gx:coord>
<gx:coord>-39.0085433 -14.118755 4.657</gx:coord>
<gx:coord>-39.0084233 -14.1188583 2.757</gx:coord>
<gx:coord>-39.0082967 -14.118945 0.757</gx:coord>
<gx:coord>-39.0081583 -14.119 -2.443</gx:coord>
<gx:coord>-39.0080017 -14.1190317 -4.742</gx:coord>
<gx:coord>-39.0078117 -14.11905 -6.242</gx:coord>
<gx:coord>-39.007625 -14.119075 -7.442</gx:coord>
<gx:coord>-39.007445 -14.1190883 -7.442</gx:coord>
<gx:coord>-39.007285 -14.1191183 -3.642</gx:coord>
<gx:coord>-39.00714 -14.1191617 0.758</gx:coord>
<gx:coord>-39.00699 -14.1192383 -0.542</gx:coord>
<gx:coord>-39.006845 -14.1193417 -0.942</gx:coord>
<gx:coord>-39.006705 -14.1194433 -0.642</gx:coord>
<gx:coord>-39.0065683 -14.1195617 0.558</gx:coord>
<gx:coord>-39.0064383 -14.119685 0.458</gx:coord>
<gx:coord>-39.006305 -14.11982 0.459</gx:coord>
<gx:coord>-39.0061783 -14.1199617 0.559</gx:coord>
<gx:coord>-39.0060617 -14.1201 -0.841</gx:coord>
<gx:coord>-39.0059667 -14.1202617 -2.341</gx:coord>
<gx:coord>-39.0058667 -14.12042 -1.441</gx:coord>
<gx:coord>-39.0057683 -14.1205867 0.259</gx:coord>
<gx:coord>-39.0057017 -14.1207233 -1.141</gx:coord>
<gx:coord>-39.0056483 -14.120865 -2.741</gx:coord>
<gx:coord>-39.00558 -14.12101 -4.04</gx:coord>
<gx:coord>-39.0055067 -14.1211467 -4.94</gx:coord>
<gx:coord>-39.005425 -14.12128 -6.44</gx:coord>
<gx:coord>-39.005355 -14.12141 -5.94</gx:coord>
<gx:coord>-39.00531 -14.121525 -5.94</gx:coord>
<gx:coord>-39.0052517 -14.1216333 -5.34</gx:coord>
<gx:coord>-39.00519 -14.1217533 -5.94</gx:coord>
<gx:coord>-39.00514 -14.12187 -5.54</gx:coord>
<gx:coord>-39.0050817 -14.122005 -6.24</gx:coord>
<gx:coord>-39.005015 -14.1221583 -6.64</gx:coord>
<gx:coord>-39.0049467 -14.1223017 -8.339</gx:coord>
<gx:coord>-39.0048967 -14.1224283 -9.439</gx:coord>
<gx:coord>-39.0048583 -14.122575 -11.539</gx:coord>
<gx:coord>-39.0048433 -14.1227217 -12.439</gx:coord>
<gx:coord>-39.00487 -14.122895 -13.839</gx:coord>
<gx:coord>-39.00491 -14.1230767 -15.339</gx:coord>
<gx:coord>-39.0049433 -14.12326 -15.939</gx:coord>
<gx:coord>-39.0049683 -14.1234333 -18.239</gx:coord>
<gx:coord>-39.0049983 -14.1236133 -19.839</gx:coord>
<gx:coord>-39.0050433 -14.12381 -20.738</gx:coord>
<gx:coord>-39.0050917 -14.124 -21.638</gx:coord>
<gx:coord>-39.0051067 -14.124205 -22.738</gx:coord>
<gx:coord>-39.00509 -14.124405 -23.238</gx:coord>
<gx:coord>-39.0050683 -14.1245633 -19.938</gx:coord>
<gx:coord>-39.00506 -14.1247 -17.738</gx:coord>
<gx:coord>-39.0050533 -14.1248517 -12.238</gx:coord>
<gx:coord>-39.005035 -14.12501 -7.838</gx:coord>
<gx:coord>-39.0050217 -14.12515 -5.938</gx:coord>
<gx:coord>-39.0050233 -14.125285 -5.637</gx:coord>
<gx:coord>-39.0050067 -14.1254333 -6.037</gx:coord>
<gx:coord>-39.0049933 -14.125585 -5.837</gx:coord>
<gx:coord>-39.0049683 -14.1257333 -5.637</gx:coord>
<gx:coord>-39.0049567 -14.125905 -4.937</gx:coord>
<gx:coord>-39.0049633 -14.12605 -4.137</gx:coord>
<gx:coord>-39.00496 -14.126195 -3.737</gx:coord>
<gx:coord>-39.0049667 -14.1263433 -3.237</gx:coord>
<gx:coord>-39.0049683 -14.126485 -2.637</gx:coord>
<gx:coord>-39.00496 -14.1266183 -2.237</gx:coord>
<gx:coord>-39.004895 -14.1267433 -2.236</gx:coord>
<gx:coord>-39.0048517 -14.1268567 -2.336</gx:coord>
<gx:coord>-39.004805 -14.126965 -1.936</gx:coord>
<gx:coord>-39.0047217 -14.1270617 -2.636</gx:coord>
<gx:coord>-39.0046433 -14.1271583 -5.036</gx:coord>
<gx:coord>-39.00454 -14.12727 -9.136</gx:coord>
<gx:coord>-39.0044367 -14.1273633 -10.336</gx:coord>
<gx:coord>-39.0043267 -14.1274517 -10.736</gx:coord>
<gx:coord>-39.00423 -14.1275067 -11.036</gx:coord>
<gx:coord>-39.0041417 -14.1275583 -11.136</gx:coord>
<gx:coord>-39.00403 -14.1276267 -12.536</gx:coord>
<gx:coord>-39.00388 -14.1277017 -18.036</gx:coord>
<gx:coord>-39.0037333 -14.1277983 -17.735</gx:coord>
<gx:coord>-39.0036083 -14.1279033 -18.335</gx:coord>
<gx:coord>-39.0035133 -14.1280383 -18.635</gx:coord>
<gx:coord>-39.0034583 -14.128195 -19.535</gx:coord>
<gx:coord>-39.0034183 -14.12835 -17.735</gx:coord>
<gx:coord>-39.00337 -14.1284933 -14.635</gx:coord>
<gx:coord>-39.003315 -14.1286367 -14.535</gx:coord>
<gx:coord>-39.0032267 -14.1287883 -14.435</gx:coord>
<gx:coord>-39.0031467 -14.1289583 -17.234</gx:coord>
<gx:coord>-39.0030733 -14.1291417 -17.834</gx:coord>
<gx:coord>-39.003 -14.1293183 -16.734</gx:coord>
<gx:coord>-39.0029233 -14.1294917 -15.634</gx:coord>
<gx:coord>-39.0028467 -14.1296517 -14.934</gx:coord>
<gx:coord>-39.00278 -14.1298183 -15.334</gx:coord>
<gx:coord>-39.0027133 -14.1299817 -15.234</gx:coord>
<gx:coord>-39.0026517 -14.1301417 -15.734</gx:coord>
<gx:coord>-39.0025933 -14.130305 -15.933</gx:coord>
<gx:coord>-39.0025367 -14.1304717 -17.833</gx:coord>
<gx:coord>-39.00248 -14.130645 -17.833</gx:coord>
<gx:coord>-39.0024317 -14.1307967 -16.633</gx:coord>
<gx:coord>-39.0023767 -14.1309283 -13.033</gx:coord>
<gx:coord>-39.0023283 -14.1310667 -11.833</gx:coord>
<gx:coord>-39.0022733 -14.1311967 -12.233</gx:coord>
<gx:coord>-39.0022083 -14.1313433 -11.933</gx:coord>
<gx:coord>-39.0021517 -14.1315067 -12.332</gx:coord>
<gx:coord>-39.0021 -14.13167 -11.632</gx:coord>
<gx:coord>-39.0020417 -14.13184 -13.632</gx:coord>
<gx:coord>-39.0019717 -14.131995 -14.932</gx:coord>
<gx:coord>-39.001905 -14.1321633 -14.732</gx:coord>
<gx:coord>-39.0018467 -14.13233 -13.632</gx:coord>
<gx:coord>-39.001795 -14.1324817 -12.332</gx:coord>
<gx:coord>-39.0017433 -14.1326283 -11.532</gx:coord>
<gx:coord>-39.001655 -14.132775 -12.431</gx:coord>
<gx:coord>-39.001545 -14.1328967 -15.331</gx:coord>
<gx:coord>-39.0014617 -14.1329717 -15.831</gx:coord>
<gx:coord>-39.0013683 -14.1330333 -16.331</gx:coord>
<gx:coord>-39.0012333 -14.1330833 -16.831</gx:coord>
<gx:coord>-39.0010717 -14.13314 -16.631</gx:coord>
<gx:coord>-39.0009367 -14.13318 -15.831</gx:coord>
<gx:coord>-39.0007933 -14.133195 -15.631</gx:coord>
<gx:coord>-39.0006417 -14.133245 -16.131</gx:coord>
<gx:coord>-39.0004983 -14.13328 -13.631</gx:coord>
<gx:coord>-39.0003683 -14.1333083 -14.131</gx:coord>
<gx:coord>-39.0002283 -14.1333133 -14.631</gx:coord>
<gx:coord>-39.0000867 -14.1333233 -14.331</gx:coord>
<gx:coord>-38.9999517 -14.1333417 -13.731</gx:coord>
<gx:coord>-38.9998283 -14.1333517 -13.731</gx:coord>
<gx:coord>-38.9997167 -14.1333533 -13.431</gx:coord>
<gx:coord>-38.9995917 -14.1333867 -13.331</gx:coord>
<gx:coord>-38.9994533 -14.1334433 -12.73</gx:coord>
<gx:coord>-38.9993133 -14.1335467 -13.23</gx:coord>
<gx:coord>-38.999195 -14.133695 -11.83</gx:coord>
<gx:coord>-38.9991117 -14.13387 -12.03</gx:coord>
<gx:coord>-38.9990583 -14.13403 -12.33</gx:coord>
<gx:coord>-38.9989967 -14.1341717 -10.33</gx:coord>
<gx:coord>-38.998935 -14.1342983 -10.13</gx:coord>
<gx:coord>-38.9988983 -14.1343817 -9.83</gx:coord>
<gx:coord>-38.9988917 -14.1344633 -9.63</gx:coord>
<gx:coord>-38.9988783 -14.13455 -10.33</gx:coord>
<gx:coord>-38.9988383 -14.134665 -9.529</gx:coord>
<gx:coord>-38.9987883 -14.1347967 -9.729</gx:coord>
<gx:coord>-38.9987267 -14.1349383 -10.229</gx:coord>
<gx:coord>-38.9986583 -14.1350733 -9.829</gx:coord>
<gx:coord>-38.998575 -14.13521 -11.029</gx:coord>
<gx:coord>-38.9984867 -14.1353383 -11.329</gx:coord>
<gx:coord>-38.9984017 -14.1354533 -11.129</gx:coord>
<gx:coord>-38.9983367 -14.1355617 -10.829</gx:coord>
<gx:coord>-38.9982567 -14.1356417 -9.429</gx:coord>
<gx:coord>-38.998195 -14.135705 -8.529</gx:coord>
<gx:coord>-38.9981317 -14.1357583 -5.929</gx:coord>
<gx:coord>-38.9980617 -14.13581 -5.028</gx:coord>
<gx:coord>-38.9979883 -14.135895 -4.828</gx:coord>
<gx:coord>-38.9979517 -14.13599 -5.428</gx:coord>
<gx:coord>-38.997945 -14.1360817 -5.128</gx:coord>
<gx:coord>-38.9979867 -14.1361567 -5.328</gx:coord>
<gx:coord>-38.9980333 -14.1362533 -4.128</gx:coord>
<gx:coord>-38.9980767 -14.1363633 -4.628</gx:coord>
<gx:coord>-38.9981583 -14.1365 -5.428</gx:coord>
<gx:coord>-38.99825 -14.13664 -5.728</gx:coord>
<gx:coord>-38.998325 -14.136805 -4.928</gx:coord>
<gx:coord>-38.99841 -14.1369817 -5.528</gx:coord>
<gx:coord>-38.99851 -14.1371533 -6.028</gx:coord>
<gx:coord>-38.9986083 -14.1373217 -7.428</gx:coord>
<gx:coord>-38.9987117 -14.1374883 -11.428</gx:coord>
<gx:coord>-38.99881 -14.1376533 -13.027</gx:coord>
<gx:coord>-38.9989033 -14.137815 -13.427</gx:coord>
<gx:coord>-38.998995 -14.1379767 -14.327</gx:coord>
<gx:coord>-38.9990817 -14.1381333 -14.027</gx:coord>
<gx:coord>-38.9991667 -14.1382833 -12.427</gx:coord>
<gx:coord>-38.9992467 -14.1384267 -11.027</gx:coord>
<gx:coord>-38.9993283 -14.13856 -9.127</gx:coord>
<gx:coord>-38.999405 -14.1386967 -10.527</gx:coord>
<gx:coord>-38.9994883 -14.1388367 -9.827</gx:coord>
<gx:coord>-38.9995767 -14.1389867 -10.227</gx:coord>
<gx:coord>-38.9996567 -14.1391483 -9.527</gx:coord>
<gx:coord>-38.9997483 -14.1392917 -10.827</gx:coord>
<gx:coord>-38.9998317 -14.1394467 -11.427</gx:coord>
<gx:coord>-38.9999117 -14.1395983 -11.626</gx:coord>
<gx:coord>-38.999995 -14.1397517 -12.126</gx:coord>
<gx:coord>-39.0000783 -14.1398983 -11.126</gx:coord>
<gx:coord>-39.0001633 -14.1400633 -9.726</gx:coord>
<gx:coord>-39.0002567 -14.1402283 -8.726</gx:coord>
<gx:coord>-39.0003467 -14.1403783 -8.526</gx:coord>
<gx:coord>-39.0004417 -14.14054 -8.126</gx:coord>
<gx:coord>-39.000545 -14.14071 -7.126</gx:coord>
<gx:coord>-39.00064 -14.140885 -7.326</gx:coord>
<gx:coord>-39.0007333 -14.1410533 -7.426</gx:coord>
<gx:coord>-39.0008183 -14.1411917 -6.726</gx:coord>
<gx:coord>-39.0009033 -14.1413183 -6.826</gx:coord>
<gx:coord>-39.0009867 -14.1414433 -8.026</gx:coord>
<gx:coord>-39.0010683 -14.141575 -6.725</gx:coord>
<gx:coord>-39.0011467 -14.1417217 -5.925</gx:coord>
<gx:coord>-39.0012317 -14.1418617 -5.825</gx:coord>
<gx:coord>-39.001315 -14.1419917 -6.225</gx:coord>
<gx:coord>-39.0013883 -14.1421233 -4.725</gx:coord>
<gx:coord>-39.00146 -14.1422533 -5.025</gx:coord>
<gx:coord>-39.0015217 -14.14238 -4.525</gx:coord>
<gx:coord>-39.00161 -14.1425117 -3.325</gx:coord>
<gx:coord>-39.0016967 -14.1426433 -2.425</gx:coord>
<gx:coord>-39.0017683 -14.142785 -3.625</gx:coord>
<gx:coord>-39.0018233 -14.1429383 -3.525</gx:coord>
<gx:coord>-39.0019083 -14.1430517 -5.425</gx:coord>
<gx:coord>-39.0019967 -14.1431933 -5.925</gx:coord>
<gx:coord>-39.002075 -14.1433467 -6.525</gx:coord>
<gx:coord>-39.0021417 -14.1434833 -6.624</gx:coord>
<gx:coord>-39.0022217 -14.1436083 -5.724</gx:coord>
<gx:coord>-39.0022983 -14.1437433 -4.824</gx:coord>
<gx:coord>-39.00237 -14.1438867 -4.924</gx:coord>
<gx:coord>-39.0024467 -14.1440183 -5.124</gx:coord>
<gx:coord>-39.0025217 -14.1441533 -6.424</gx:coord>
<gx:coord>-39.0025917 -14.1442867 -7.224</gx:coord>
<gx:coord>-39.0026583 -14.1444117 -8.824</gx:coord>
<gx:coord>-39.0027383 -14.1445333 -10.224</gx:coord>
<gx:coord>-39.002815 -14.1446683 -11.424</gx:coord>
<gx:coord>-39.00289 -14.144815 -12.024</gx:coord>
<gx:coord>-39.002975 -14.1449533 -13.524</gx:coord>
<gx:coord>-39.00306 -14.1451067 -12.124</gx:coord>
<gx:coord>-39.003145 -14.1452533 -11.224</gx:coord>
<gx:coord>-39.003235 -14.1454017 -9.923</gx:coord>
<gx:coord>-39.0033233 -14.1455533 -8.523</gx:coord>
<gx:coord>-39.0034117 -14.1456983 -7.323</gx:coord>
<gx:coord>-39.0034933 -14.1458233 -5.523</gx:coord>
<gx:coord>-39.0035683 -14.1459233 -6.823</gx:coord>
<gx:coord>-39.0036233 -14.14603 -7.223</gx:coord>
<gx:coord>-39.0036917 -14.1461467 -7.323</gx:coord>
<gx:coord>-39.0037517 -14.1462667 -8.423</gx:coord>
<gx:coord>-39.0038267 -14.1464 -10.423</gx:coord>
<gx:coord>-39.0038983 -14.1465283 -11.923</gx:coord>
<gx:coord>-39.0039733 -14.1466617 -11.523</gx:coord>
<gx:coord>-39.00404 -14.1468083 -11.723</gx:coord>
<gx:coord>-39.0041083 -14.1469467 -12.123</gx:coord>
<gx:coord>-39.0042017 -14.1470833 -11.923</gx:coord>
<gx:coord>-39.0042933 -14.14722 -10.323</gx:coord>
<gx:coord>-39.00437 -14.14737 -9.922</gx:coord>
<gx:coord>-39.0044517 -14.14751 -9.622</gx:coord>
<gx:coord>-39.0045333 -14.1476583 -9.022</gx:coord>
<gx:coord>-39.0046033 -14.1477983 -8.622</gx:coord>
<gx:coord>-39.0046833 -14.1479367 -7.322</gx:coord>
<gx:coord>-39.0047617 -14.1480633 -7.522</gx:coord>
<gx:coord>-39.0048333 -14.1481867 -7.122</gx:coord>
<gx:coord>-39.0048933 -14.148315 -8.222</gx:coord>
<gx:coord>-39.0049617 -14.1484333 -10.022</gx:coord>
<gx:coord>-39.00503 -14.1485617 -10.422</gx:coord>
<gx:coord>-39.0051133 -14.14867 -9.522</gx:coord>
<gx:coord>-39.0051867 -14.1487833 -9.522</gx:coord>
<gx:coord>-39.0052583 -14.1489017 -9.722</gx:coord>
<gx:coord>-39.0053267 -14.1490233 -10.322</gx:coord>
<gx:coord>-39.0053983 -14.149145 -12.022</gx:coord>
<gx:coord>-39.0054733 -14.1493067 -10.621</gx:coord>
<gx:coord>-39.0055583 -14.1494517 -11.521</gx:coord>
<gx:coord>-39.0056433 -14.1495967 -10.421</gx:coord>
<gx:coord>-39.00572 -14.14973 -9.521</gx:coord>
<gx:coord>-39.0057733 -14.14986 -8.121</gx:coord>
<gx:coord>-39.005845 -14.149995 -7.021</gx:coord>
<gx:coord>-39.0059333 -14.150125 -6.621</gx:coord>
<gx:coord>-39.0060217 -14.1502617 -7.121</gx:coord>
<gx:coord>-39.0061017 -14.1504167 -6.621</gx:coord>
<gx:coord>-39.0061883 -14.1505567 -7.421</gx:coord>
<gx:coord>-39.0062633 -14.1506967 -8.721</gx:coord>
<gx:coord>-39.0063533 -14.1508517 -8.421</gx:coord>
<gx:coord>-39.0064367 -14.151 -8.721</gx:coord>
<gx:coord>-39.0065133 -14.1511583 -8.421</gx:coord>
<gx:coord>-39.0065983 -14.1513017 -10.12</gx:coord>
<gx:coord>-39.0066783 -14.151445 -11.52</gx:coord>
<gx:coord>-39.0067433 -14.1515717 -11.82</gx:coord>
<gx:coord>-39.00682 -14.1517167 -12.42</gx:coord>
<gx:coord>-39.0069067 -14.151865 -12.12</gx:coord>
<gx:coord>-39.0069917 -14.1520133 -11.72</gx:coord>
<gx:coord>-39.0070717 -14.1521683 -12.42</gx:coord>
<gx:coord>-39.0071633 -14.1523333 -12.52</gx:coord>
<gx:coord>-39.0072683 -14.1525067 -11.72</gx:coord>
<gx:coord>-39.0073633 -14.1526833 -11.12</gx:coord>
<gx:coord>-39.0074683 -14.1528483 -11.32</gx:coord>
<gx:coord>-39.007555 -14.15301 -11.22</gx:coord>
<gx:coord>-39.0076433 -14.153185 -11.119</gx:coord>
<gx:coord>-39.007735 -14.1533283 -10.819</gx:coord>
<gx:coord>-39.00782 -14.1534783 -12.019</gx:coord>
<gx:coord>-39.0079033 -14.1536267 -12.019</gx:coord>
<gx:coord>-39.007985 -14.15378 -12.919</gx:coord>
<gx:coord>-39.0080667 -14.153935 -12.319</gx:coord>
<gx:coord>-39.0081533 -14.1540917 -11.819</gx:coord>
<gx:coord>-39.0082383 -14.1542433 -13.119</gx:coord>
<gx:coord>-39.008335 -14.1543917 -13.819</gx:coord>
<gx:coord>-39.00843 -14.154545 -14.419</gx:coord>
<gx:coord>-39.0085133 -14.154695 -14.219</gx:coord>
<gx:coord>-39.008595 -14.15484 -14.219</gx:coord>
<gx:coord>-39.0086767 -14.1549817 -15.019</gx:coord>
<gx:coord>-39.0087617 -14.15513 -14.918</gx:coord>
<gx:coord>-39.0088533 -14.1552967 -14.418</gx:coord>
<gx:coord>-39.0089367 -14.1554583 -15.018</gx:coord>
<gx:coord>-39.009025 -14.1556167 -14.318</gx:coord>
<gx:coord>-39.00912 -14.155765 -13.118</gx:coord>
<gx:coord>-39.0092 -14.1559033 -13.518</gx:coord>
<gx:coord>-39.0092717 -14.1560267 -12.718</gx:coord>
<gx:coord>-39.009335 -14.1561633 -13.118</gx:coord>
<gx:coord>-39.00943 -14.1563017 -11.318</gx:coord>
<gx:coord>-39.0095267 -14.1564433 -10.418</gx:coord>
<gx:coord>-39.0096083 -14.1565967 -11.518</gx:coord>
<gx:coord>-39.0096817 -14.1567317 -11.318</gx:coord>
<gx:coord>-39.0097467 -14.1568683 -10.218</gx:coord>
<gx:coord>-39.009835 -14.1570083 -6.718</gx:coord>
<gx:coord>-39.0099317 -14.1571517 -6.517</gx:coord>
<gx:coord>-39.0100283 -14.1573167 -7.017</gx:coord>
<gx:coord>-39.010125 -14.1574983 -6.917</gx:coord>
<gx:coord>-39.0102267 -14.1576833 -8.517</gx:coord>
<gx:coord>-39.0103217 -14.1578567 -8.917</gx:coord>
<gx:coord>-39.010405 -14.158025 -8.117</gx:coord>
<gx:coord>-39.0105083 -14.1581833 -8.217</gx:coord>
<gx:coord>-39.0105917 -14.158335 -9.417</gx:coord>
<gx:coord>-39.0106783 -14.15849 -10.317</gx:coord>
<gx:coord>-39.0107717 -14.1586517 -9.817</gx:coord>
<gx:coord>-39.0108583 -14.1588117 -9.317</gx:coord>
<gx:coord>-39.01095 -14.1589767 -9.217</gx:coord>
<gx:coord>-39.0110383 -14.1591417 -9.416</gx:coord>
<gx:coord>-39.01114 -14.1592983 -8.016</gx:coord>
<gx:coord>-39.01124 -14.15946 -6.816</gx:coord>
<gx:coord>-39.0113283 -14.1596117 -5.816</gx:coord>
<gx:coord>-39.0114183 -14.159755 -6.816</gx:coord>
<gx:coord>-39.011495 -14.1598983 -5.816</gx:coord>
<gx:coord>-39.011575 -14.1600383 -5.716</gx:coord>
<gx:coord>-39.011655 -14.1601767 -6.416</gx:coord>
<gx:coord>-39.011745 -14.16035 -6.816</gx:coord>
<gx:coord>-39.011835 -14.160515 -8.416</gx:coord>
<gx:coord>-39.0119267 -14.1606783 -8.016</gx:coord>
<gx:coord>-39.012015 -14.1608383 -7.516</gx:coord>
<gx:coord>-39.0121167 -14.1610017 -7.615</gx:coord>
<gx:coord>-39.012205 -14.1611617 -9.015</gx:coord>
<gx:coord>-39.01228 -14.1613167 -8.715</gx:coord>
<gx:coord>-39.0123567 -14.16146 -8.815</gx:coord>
<gx:coord>-39.0124383 -14.16161 -7.815</gx:coord>
<gx:coord>-39.0125333 -14.161745 -8.615</gx:coord>
<gx:coord>-39.0126133 -14.1618833 -8.815</gx:coord>
<gx:coord>-39.0126983 -14.16202 -10.515</gx:coord>
<gx:coord>-39.0127583 -14.1620983 -11.715</gx:coord>
<gx:coord>-39.012795 -14.162145 -11.915</gx:coord>
<gx:coord>-39.0128167 -14.1622033 -12.315</gx:coord>
<gx:coord>-39.01284 -14.1622617 -12.815</gx:coord>
<gx:coord>-39.0128633 -14.162315 -12.815</gx:coord>
<gx:coord>-39.0128867 -14.16237 -12.715</gx:coord>
<gx:coord>-39.012935 -14.1624583 -12.015</gx:coord>
<gx:coord>-39.01299 -14.16257 -10.715</gx:coord>
<gx:coord>-39.013045 -14.16268 -10.915</gx:coord>
<gx:coord>-39.0131033 -14.1628017 -11.015</gx:coord>
<gx:coord>-39.0131783 -14.16292 -11.414</gx:coord>
<gx:coord>-39.0132617 -14.163065 -10.314</gx:coord>
<gx:coord>-39.0133467 -14.1632183 -10.314</gx:coord>
<gx:coord>-39.0134383 -14.1633833 -10.014</gx:coord>
<gx:coord>-39.0135267 -14.1635367 -10.014</gx:coord>
<gx:coord>-39.0136067 -14.16368 -10.614</gx:coord>
<gx:coord>-39.01366 -14.1638067 -10.814</gx:coord>
<gx:coord>-39.013715 -14.1638883 -9.614</gx:coord>
<gx:coord>-39.01379 -14.1639667 -9.614</gx:coord>
<gx:coord>-39.0138683 -14.1640833 -7.914</gx:coord>
<gx:coord>-39.0139417 -14.1642217 -8.414</gx:coord>
<gx:coord>-39.0140067 -14.1643717 -9.714</gx:coord>
<gx:coord>-39.014075 -14.1645083 -10.214</gx:coord>
<gx:coord>-39.0141683 -14.1646433 -9.214</gx:coord>
<gx:coord>-39.0142567 -14.1647783 -9.214</gx:coord>
<gx:coord>-39.0143467 -14.1649117 -9.713</gx:coord>
<gx:coord>-39.014425 -14.1650417 -11.113</gx:coord>
<gx:coord>-39.0144967 -14.1651583 -11.213</gx:coord>
<gx:coord>-39.01456 -14.1652867 -11.113</gx:coord>
<gx:coord>-39.0146317 -14.1654267 -10.613</gx:coord>
<gx:coord>-39.0147233 -14.1655783 -9.213</gx:coord>
<gx:coord>-39.0147983 -14.1657383 -8.913</gx:coord>
<gx:coord>-39.01487 -14.1658783 -9.313</gx:coord>
<gx:coord>-39.0149283 -14.1659917 -9.613</gx:coord>
<gx:coord>-39.0149783 -14.166085 -9.313</gx:coord>
<gx:coord>-39.0150417 -14.1661917 -9.713</gx:coord>
<gx:coord>-39.0150817 -14.166315 -10.513</gx:coord>
<gx:coord>-39.01513 -14.1664367 -11.013</gx:coord>
<gx:coord>-39.0152233 -14.16656 -11.013</gx:coord>
<gx:coord>-39.0153117 -14.16668 -10.113</gx:coord>
<gx:coord>-39.0153967 -14.1668067 -9.112</gx:coord>
<gx:coord>-39.01547 -14.1669283 -8.112</gx:coord>
<gx:coord>-39.01553 -14.1670567 -8.012</gx:coord>
<gx:coord>-39.01561 -14.1672033 -6.712</gx:coord>
<gx:coord>-39.015705 -14.1673567 -6.212</gx:coord>
<gx:coord>-39.0157983 -14.1675083 -6.812</gx:coord>
<gx:coord>-39.0158917 -14.1676733 -7.712</gx:coord>
<gx:coord>-39.015985 -14.167845 -8.112</gx:coord>
<gx:coord>-39.016075 -14.16802 -6.912</gx:coord>
<gx:coord>-39.0161783 -14.1681967 -5.412</gx:coord>
<gx:coord>-39.0162883 -14.1683667 -4.112</gx:coord>
<gx:coord>-39.01638 -14.1685417 -4.612</gx:coord>
<gx:coord>-39.01647 -14.168715 -5.811</gx:coord>
<gx:coord>-39.0165733 -14.1688917 -5.411</gx:coord>
<gx:coord>-39.01668 -14.16906 -5.311</gx:coord>
<gx:coord>-39.01677 -14.1692117 -6.011</gx:coord>
<gx:coord>-39.0168583 -14.169365 -5.811</gx:coord>
<gx:coord>-39.0169483 -14.169525 -6.611</gx:coord>
<gx:coord>-39.017035 -14.1696717 -7.011</gx:coord>
<gx:coord>-39.0170867 -14.1697967 -6.411</gx:coord>
<gx:coord>-39.0171383 -14.1699167 -6.711</gx:coord>
<gx:coord>-39.0172083 -14.1700183 -6.311</gx:coord>
<gx:coord>-39.0172983 -14.1701467 -8.011</gx:coord>
<gx:coord>-39.0173767 -14.1702767 -9.011</gx:coord>
<gx:coord>-39.0174467 -14.1704233 -9.011</gx:coord>
<gx:coord>-39.01752 -14.1705633 -10.311</gx:coord>
<gx:coord>-39.0175983 -14.1707067 -9.51</gx:coord>
<gx:coord>-39.01768 -14.1708317 -11.51</gx:coord>
<gx:coord>-39.0177583 -14.1709633 -13.71</gx:coord>
<gx:coord>-39.0178433 -14.171105 -14.41</gx:coord>
<gx:coord>-39.01793 -14.171245 -14.21</gx:coord>
<gx:coord>-39.0180133 -14.1713833 -15.91</gx:coord>
<gx:coord>-39.0180917 -14.1715383 -12.81</gx:coord>
<gx:coord>-39.0181767 -14.1716933 -12.91</gx:coord>
<gx:coord>-39.0182683 -14.1718583 -11.41</gx:coord>
<gx:coord>-39.0183617 -14.1720117 -11.01</gx:coord>
<gx:coord>-39.0184567 -14.172185 -11.21</gx:coord>
<gx:coord>-39.018555 -14.17234 -10.11</gx:coord>
<gx:coord>-39.0186433 -14.172485 -9.81</gx:coord>
<gx:coord>-39.0187267 -14.1726333 -9.509</gx:coord>
<gx:coord>-39.0188 -14.1727817 -8.809</gx:coord>
<gx:coord>-39.0188767 -14.1729417 -8.509</gx:coord>
<gx:coord>-39.0189617 -14.1731 -9.209</gx:coord>
<gx:coord>-39.0190483 -14.173245 -9.409</gx:coord>
<gx:coord>-39.0191333 -14.1733867 -10.109</gx:coord>
<gx:coord>-39.0192017 -14.17352 -8.609</gx:coord>
<gx:coord>-39.0192833 -14.1736483 -6.009</gx:coord>
<gx:coord>-39.019355 -14.1737517 -6.009</gx:coord>
<gx:coord>-39.0194217 -14.173865 -6.009</gx:coord>
<gx:coord>-39.0194983 -14.1740067 -5.109</gx:coord>
<gx:coord>-39.0195867 -14.174165 -4.409</gx:coord>
<gx:coord>-39.019665 -14.17431 -3.809</gx:coord>
<gx:coord>-39.01975 -14.17444 -3.809</gx:coord>
<gx:coord>-39.0198233 -14.1745583 -3.908</gx:coord>
<gx:coord>-39.0199017 -14.17468 -3.508</gx:coord>
<gx:coord>-39.01997 -14.174815 -4.008</gx:coord>
<gx:coord>-39.0200467 -14.1749683 -3.708</gx:coord>
<gx:coord>-39.0201283 -14.1751267 -3.308</gx:coord>
<gx:coord>-39.0202083 -14.1753033 -4.608</gx:coord>
<gx:coord>-39.0203067 -14.17548 -6.008</gx:coord>
<gx:coord>-39.0204083 -14.1756433 -6.508</gx:coord>
<gx:coord>-39.0205 -14.1757917 -6.808</gx:coord>
<gx:coord>-39.0205867 -14.1759433 -7.108</gx:coord>
<gx:coord>-39.02068 -14.1761017 -6.708</gx:coord>
<gx:coord>-39.0207717 -14.1762467 -6.308</gx:coord>
<gx:coord>-39.020855 -14.1764033 -7.108</gx:coord>
<gx:coord>-39.020945 -14.1765583 -6.807</gx:coord>
<gx:coord>-39.0210267 -14.1767167 -8.107</gx:coord>
<gx:coord>-39.02113 -14.17689 -6.807</gx:coord>
<gx:coord>-39.0212233 -14.1770717 -7.107</gx:coord>
<gx:coord>-39.0213133 -14.1772383 -7.507</gx:coord>
<gx:coord>-39.0213883 -14.1773983 -7.207</gx:coord>
<gx:coord>-39.0214617 -14.1775283 -6.007</gx:coord>
<gx:coord>-39.0215383 -14.1776667 -6.607</gx:coord>
<gx:coord>-39.0216217 -14.1778117 -8.107</gx:coord>
<gx:coord>-39.0217217 -14.1779683 -7.707</gx:coord>
<gx:coord>-39.0218117 -14.1781433 -7.907</gx:coord>
<gx:coord>-39.021905 -14.1783117 -7.907</gx:coord>
<gx:coord>-39.0219967 -14.1784717 -8.406</gx:coord>
<gx:coord>-39.022095 -14.17864 -9.906</gx:coord>
<gx:coord>-39.022185 -14.1788067 -11.006</gx:coord>
<gx:coord>-39.0222817 -14.1789483 -11.906</gx:coord>
<gx:coord>-39.0223583 -14.1790883 -11.206</gx:coord>
<gx:coord>-39.02244 -14.17923 -10.306</gx:coord>
<gx:coord>-39.0225183 -14.179385 -8.906</gx:coord>
<gx:coord>-39.0226017 -14.1795333 -8.606</gx:coord>
<gx:coord>-39.0226917 -14.17968 -7.606</gx:coord>
<gx:coord>-39.0227817 -14.1798217 -7.606</gx:coord>
<gx:coord>-39.022865 -14.17996 -6.806</gx:coord>
<gx:coord>-39.02294 -14.18012 -5.806</gx:coord>
<gx:coord>-39.023015 -14.1802617 -4.106</gx:coord>
<gx:coord>-39.0231 -14.18039 -3.705</gx:coord>
<gx:coord>-39.02317 -14.180505 -4.305</gx:coord>
<gx:coord>-39.0232133 -14.1805883 -5.905</gx:coord>
<gx:coord>-39.0232517 -14.18067 -6.005</gx:coord>
<gx:coord>-39.0232933 -14.1807383 -5.705</gx:coord>
<gx:coord>-39.02334 -14.1808317 -5.705</gx:coord>
<gx:coord>-39.0234033 -14.1809567 -6.405</gx:coord>
<gx:coord>-39.0234867 -14.181115 -6.705</gx:coord>
<gx:coord>-39.0235733 -14.1812717 -7.205</gx:coord>
<gx:coord>-39.0236217 -14.1814083 -10.105</gx:coord>
<gx:coord>-39.0237033 -14.181555 -11.405</gx:coord>
<gx:coord>-39.0237917 -14.1816983 -12.205</gx:coord>
<gx:coord>-39.023885 -14.18185 -13.105</gx:coord>
<gx:coord>-39.02397 -14.1819917 -12.205</gx:coord>
<gx:coord>-39.02405 -14.1821283 -11.405</gx:coord>
<gx:coord>-39.0241267 -14.1822583 -11.405</gx:coord>
<gx:coord>-39.024205 -14.1823867 -11.204</gx:coord>
<gx:coord>-39.0242817 -14.1825183 -11.404</gx:coord>
<gx:coord>-39.0243567 -14.1826633 -11.104</gx:coord>
<gx:coord>-39.0244 -14.182815 -9.804</gx:coord>
<gx:coord>-39.024455 -14.18294 -9.104</gx:coord>
<gx:coord>-39.024545 -14.1830667 -10.404</gx:coord>
<gx:coord>-39.02464 -14.1832133 -11.404</gx:coord>
<gx:coord>-39.0247333 -14.1833433 -11.304</gx:coord>
<gx:coord>-39.0247983 -14.183455 -12.004</gx:coord>
<gx:coord>-39.0248517 -14.1835483 -12.404</gx:coord>
<gx:coord>-39.0249017 -14.1836583 -11.904</gx:coord>
<gx:coord>-39.0249483 -14.1837717 -12.304</gx:coord>
<gx:coord>-39.025005 -14.1838833 -12.704</gx:coord>
<gx:coord>-39.025075 -14.1840233 -13.004</gx:coord>
<gx:coord>-39.0251417 -14.1841667 -13.004</gx:coord>
<gx:coord>-39.0252133 -14.1843 -14.203</gx:coord>
<gx:coord>-39.0252933 -14.184425 -13.303</gx:coord>
<gx:coord>-39.0253683 -14.1845417 -13.903</gx:coord>
<gx:coord>-39.0254367 -14.1846483 -13.003</gx:coord>
<gx:coord>-39.0254817 -14.18472 -11.703</gx:coord>
<gx:coord>-39.025515 -14.1847867 -11.203</gx:coord>
<gx:coord>-39.02556 -14.1848833 -11.003</gx:coord>
<gx:coord>-39.02562 -14.185 -10.603</gx:coord>
<gx:coord>-39.0256917 -14.185125 -10.503</gx:coord>
<gx:coord>-39.0257633 -14.18526 -11.703</gx:coord>
<gx:coord>-39.0258467 -14.1853967 -12.803</gx:coord>
<gx:coord>-39.0259233 -14.1855417 -13.203</gx:coord>
<gx:coord>-39.0259967 -14.1856833 -11.803</gx:coord>
<gx:coord>-39.0260617 -14.1858267 -11.903</gx:coord>
<gx:coord>-39.026135 -14.1859717 -11.903</gx:coord>
<gx:coord>-39.026215 -14.1861117 -12.002</gx:coord>
<gx:coord>-39.0262967 -14.1862433 -12.102</gx:coord>
<gx:coord>-39.0263683 -14.1863667 -12.102</gx:coord>
<gx:coord>-39.0264367 -14.186495 -13.602</gx:coord>
<gx:coord>-39.0265017 -14.1866283 -14.402</gx:coord>
<gx:coord>-39.0265783 -14.1867583 -14.602</gx:coord>
<gx:coord>-39.026655 -14.18689 -14.402</gx:coord>
<gx:coord>-39.0267333 -14.18702 -14.102</gx:coord>
<gx:coord>-39.0268167 -14.187155 -14.002</gx:coord>
<gx:coord>-39.026895 -14.1872867 -13.602</gx:coord>
<gx:coord>-39.0269767 -14.187425 -14.002</gx:coord>
<gx:coord>-39.0270483 -14.1875533 -12.502</gx:coord>
<gx:coord>-39.0271217 -14.187685 -12.202</gx:coord>
<gx:coord>-39.0272033 -14.1878267 -12.002</gx:coord>
<gx:coord>-39.027295 -14.187975 -12.102</gx:coord>
<gx:coord>-39.0273867 -14.1881233 -11.901</gx:coord>
<gx:coord>-39.0274683 -14.1882617 -11.101</gx:coord>
<gx:coord>-39.027545 -14.1884033 -10.501</gx:coord>
<gx:coord>-39.0276267 -14.1885533 -10.101</gx:coord>
<gx:coord>-39.0277167 -14.1886933 -10.401</gx:coord>
<gx:coord>-39.0278083 -14.188835 -10.301</gx:coord>
<gx:coord>-39.02789 -14.1889783 -10.301</gx:coord>
<gx:coord>-39.0279583 -14.1891417 -9.901</gx:coord>
<gx:coord>-39.0280317 -14.1892883 -9.901</gx:coord>
<gx:coord>-39.0281283 -14.1894083 -10.301</gx:coord>
<gx:coord>-39.0282117 -14.189535 -9.701</gx:coord>
<gx:coord>-39.02828 -14.189685 -9.501</gx:coord>
<gx:coord>-39.028355 -14.1898383 -9.801</gx:coord>
<gx:coord>-39.02844 -14.18999 -10.101</gx:coord>
<gx:coord>-39.0285317 -14.1901467 -9.9</gx:coord>
<gx:coord>-39.0286233 -14.1903017 -9.1</gx:coord>
<gx:coord>-39.028705 -14.19046 -9.7</gx:coord>
<gx:coord>-39.0287733 -14.19062 -10.2</gx:coord>
<gx:coord>-39.028845 -14.190765 -11.1</gx:coord>
<gx:coord>-39.0289567 -14.1909 -11.2</gx:coord>
<gx:coord>-39.02906 -14.19104 -11.8</gx:coord>
<gx:coord>-39.02914 -14.1911967 -12.7</gx:coord>
<gx:coord>-39.0292167 -14.1913433 -12.7</gx:coord>
<gx:coord>-39.0292967 -14.19149 -12.0</gx:coord>
<gx:coord>-39.0293633 -14.191625 -12.9</gx:coord>
<gx:coord>-39.0294283 -14.19173 -12.1</gx:coord>
<gx:coord>-39.0294917 -14.19182 -9.7</gx:coord>
<gx:coord>-39.0295417 -14.1919067 -9.2</gx:coord>
<gx:coord>-39.0295967 -14.1920067 -8.999</gx:coord>
<gx:coord>-39.0296617 -14.1921133 -8.299</gx:coord>
<gx:coord>-39.0297267 -14.1922217 -7.899</gx:coord>
<gx:coord>-39.0297917 -14.192335 -7.299</gx:coord>
<gx:coord>-39.0298533 -14.1924517 -8.099</gx:coord>
<gx:coord>-39.0299217 -14.19257 -9.999</gx:coord>
<gx:coord>-39.029985 -14.192705 -10.999</gx:coord>
<gx:coord>-39.0300633 -14.1928317 -11.599</gx:coord>
<gx:coord>-39.0301483 -14.1929833 -12.099</gx:coord>
<gx:coord>-39.0302267 -14.1931467 -11.799</gx:coord>
<gx:coord>-39.0303083 -14.1933083 -12.599</gx:coord>
<gx:coord>-39.0303933 -14.1934783 -13.299</gx:coord>
<gx:coord>-39.03048 -14.1936317 -14.099</gx:coord>
<gx:coord>-39.0305633 -14.1937733 -14.299</gx:coord>
<gx:coord>-39.0306467 -14.1938983 -13.198</gx:coord>
<gx:coord>-39.030725 -14.19403 -12.098</gx:coord>
<gx:coord>-39.0308033 -14.19416 -11.598</gx:coord>
<gx:coord>-39.0308783 -14.1942883 -11.498</gx:coord>
<gx:coord>-39.030945 -14.1944167 -11.298</gx:coord>
<gx:coord>-39.031 -14.194545 -11.998</gx:coord>
<gx:coord>-39.0310633 -14.19467 -11.398</gx:coord>
<gx:coord>-39.0311317 -14.1948 -11.598</gx:coord>
<gx:coord>-39.03122 -14.1949367 -11.598</gx:coord>
<gx:coord>-39.03131 -14.1950617 -11.898</gx:coord>
<gx:coord>-39.0313867 -14.1951983 -11.798</gx:coord>
<gx:coord>-39.0314567 -14.1953317 -11.898</gx:coord>
<gx:coord>-39.03153 -14.1954533 -12.098</gx:coord>
<gx:coord>-39.0315983 -14.195575 -12.598</gx:coord>
<gx:coord>-39.0316783 -14.1957017 -11.698</gx:coord>
<gx:coord>-39.0317583 -14.19584 -11.297</gx:coord>
<gx:coord>-39.0318483 -14.1960067 -9.997</gx:coord>
<gx:coord>-39.0319367 -14.196175 -9.397</gx:coord>
<gx:coord>-39.0320267 -14.1963367 -8.697</gx:coord>
<gx:coord>-39.0321183 -14.1965 -7.997</gx:coord>
<gx:coord>-39.0322083 -14.1966667 -7.397</gx:coord>
<gx:coord>-39.0322867 -14.1968383 -6.697</gx:coord>
<gx:coord>-39.032365 -14.1970017 -6.597</gx:coord>
<gx:coord>-39.03243 -14.1971633 -7.797</gx:coord>
<gx:coord>-39.03249 -14.1973217 -7.697</gx:coord>
<gx:coord>-39.0325533 -14.1974783 -8.097</gx:coord>
<gx:coord>-39.032615 -14.1976383 -7.097</gx:coord>
<gx:coord>-39.0326783 -14.1977867 -6.396</gx:coord>
<gx:coord>-39.0327217 -14.1979467 -6.296</gx:coord>
<gx:coord>-39.032745 -14.19809 -5.596</gx:coord>
<gx:coord>-39.0327917 -14.198245 -5.996</gx:coord>
<gx:coord>-39.0328583 -14.19838 -6.896</gx:coord>
<gx:coord>-39.0329317 -14.1985183 -7.396</gx:coord>
<gx:coord>-39.0329883 -14.1986717 -8.896</gx:coord>
<gx:coord>-39.0330467 -14.1988333 -9.396</gx:coord>
<gx:coord>-39.0331067 -14.1989867 -9.196</gx:coord>
<gx:coord>-39.0331667 -14.199145 -8.696</gx:coord>
<gx:coord>-39.0332233 -14.1993133 -9.596</gx:coord>
<gx:coord>-39.0332783 -14.1994783 -9.095</gx:coord>
<gx:coord>-39.0333167 -14.1996383 -9.295</gx:coord>
<gx:coord>-39.0333767 -14.1997883 -8.195</gx:coord>
<gx:coord>-39.03345 -14.1999317 -5.895</gx:coord>
<gx:coord>-39.0335167 -14.2000733 -6.295</gx:coord>
<gx:coord>-39.0335717 -14.2002233 -7.095</gx:coord>
<gx:coord>-39.033625 -14.200365 -8.095</gx:coord>
<gx:coord>-39.033685 -14.20052 -8.895</gx:coord>
<gx:coord>-39.03375 -14.2006883 -9.395</gx:coord>
<gx:coord>-39.0338317 -14.20086 -7.995</gx:coord>
<gx:coord>-39.0338883 -14.2010283 -6.995</gx:coord>
<gx:coord>-39.0339467 -14.2012067 -6.494</gx:coord>
<gx:coord>-39.0340117 -14.2013883 -6.994</gx:coord>
<gx:coord>-39.0340783 -14.20156 -7.794</gx:coord>
<gx:coord>-39.0341383 -14.20172 -9.394</gx:coord>
<gx:coord>-39.0342 -14.2018717 -9.994</gx:coord>
<gx:coord>-39.0342633 -14.2020217 -10.194</gx:coord>
<gx:coord>-39.034335 -14.2021717 -10.094</gx:coord>
<gx:coord>-39.0344033 -14.2023217 -9.994</gx:coord>
<gx:coord>-39.034465 -14.202475 -10.094</gx:coord>
<gx:coord>-39.03453 -14.202635 -11.194</gx:coord>
<gx:coord>-39.0345983 -14.2027983 -10.994</gx:coord>
<gx:coord>-39.0346633 -14.20296 -10.594</gx:coord>
<gx:coord>-39.0347283 -14.2031283 -9.893</gx:coord>
<gx:coord>-39.03479 -14.2032833 -10.193</gx:coord>
<gx:coord>-39.034855 -14.2034317 -9.893</gx:coord>
<gx:coord>-39.0349217 -14.20357 -9.993</gx:coord>
<gx:coord>-39.034975 -14.2037217 -11.093</gx:coord>
<gx:coord>-39.0350317 -14.2038817 -11.893</gx:coord>
<gx:coord>-39.0350933 -14.2040433 -11.993</gx:coord>
<gx:coord>-39.0351517 -14.2042067 -12.093</gx:coord>
<gx:coord>-39.0352 -14.2043767 -13.193</gx:coord>
<gx:coord>-39.0352433 -14.204525 -13.393</gx:coord>
<gx:coord>-39.0352617 -14.20462 -13.193</gx:coord>
<gx:coord>-39.0352633 -14.2047067 -12.593</gx:coord>
<gx:coord>-39.0352867 -14.2047883 -12.992</gx:coord>
<gx:coord>-39.0353267 -14.2048917 -14.392</gx:coord>
<gx:coord>-39.0353617 -14.2050067 -15.092</gx:coord>
<gx:coord>-39.0354083 -14.2051333 -15.592</gx:coord>
<gx:coord>-39.035465 -14.20527 -14.392</gx:coord>
<gx:coord>-39.035535 -14.2053967 -13.992</gx:coord>
<gx:coord>-39.0356017 -14.20551 -14.692</gx:coord>
<gx:coord>-39.0356817 -14.2056517 -15.392</gx:coord>
<gx:coord>-39.0357483 -14.205825 -15.492</gx:coord>
<gx:coord>-39.0358083 -14.205955 -16.992</gx:coord>
<gx:coord>-39.03586 -14.2060883 -18.792</gx:coord>
<gx:coord>-39.0359233 -14.2062333 -19.692</gx:coord>
<gx:coord>-39.0360017 -14.2063583 -19.892</gx:coord>
<gx:coord>-39.0360733 -14.206475 -20.092</gx:coord>
<gx:coord>-39.0361283 -14.2065933 -20.091</gx:coord>
<gx:coord>-39.03622 -14.2066867 -18.891</gx:coord>
<gx:coord>-39.0363117 -14.2067733 -17.691</gx:coord>
<gx:coord>-39.0364117 -14.20687 -17.291</gx:coord>
<gx:coord>-39.036505 -14.2069667 -16.691</gx:coord>
<gx:coord>-39.0366133 -14.2070817 -14.891</gx:coord>
<gx:coord>-39.0367233 -14.2071933 -12.891</gx:coord>
<gx:coord>-39.0368417 -14.2073 -12.091</gx:coord>
<gx:coord>-39.0369417 -14.2074133 -13.391</gx:coord>
<gx:coord>-39.0370533 -14.207535 -13.491</gx:coord>
<gx:coord>-39.0371683 -14.2076467 -15.091</gx:coord>
<gx:coord>-39.0372817 -14.2077417 -15.891</gx:coord>
<gx:coord>-39.0373833 -14.2078283 -14.491</gx:coord>
<gx:coord>-39.037495 -14.207915 -12.891</gx:coord>
<gx:coord>-39.037615 -14.2080067 -13.091</gx:coord>
<gx:coord>-39.0377417 -14.2080817 -10.891</gx:coord>
<gx:coord>-39.037875 -14.2081767 -11.691</gx:coord>
<gx:coord>-39.0380067 -14.20825 -11.691</gx:coord>
<gx:coord>-39.03814 -14.2083167 -10.891</gx:coord>
<gx:coord>-39.0382883 -14.20839 -10.791</gx:coord>
<gx:coord>-39.0384267 -14.208445 -10.691</gx:coord>
<gx:coord>-39.0385433 -14.2084933 -10.891</gx:coord>
<gx:coord>-39.038645 -14.20854 -11.291</gx:coord>
<gx:coord>-39.038705 -14.2085717 -10.591</gx:coord>
<gx:coord>-39.0387783 -14.2085917 -9.891</gx:coord>
<gx:coord>-39.038845 -14.2086317 -8.091</gx:coord>
<gx:coord>-39.038925 -14.2086633 -6.991</gx:coord>
<gx:coord>-39.039005 -14.2086917 -8.191</gx:coord>
<gx:coord>-39.0390833 -14.2087183 -10.991</gx:coord>
<gx:coord>-39.0391483 -14.208745 -12.291</gx:coord>
<gx:coord>-39.039235 -14.2087683 -13.491</gx:coord>
<gx:coord>-39.039315 -14.2088083 -12.991</gx:coord>
<gx:coord>-39.039395 -14.2088483 -13.491</gx:coord>
<gx:coord>-39.039475 -14.2088733 -12.791</gx:coord>
<gx:coord>-39.0395383 -14.2088867 -12.391</gx:coord>
<gx:coord>-39.039585 -14.2089 -12.691</gx:coord>
<gx:coord>-39.0396417 -14.2089067 -12.991</gx:coord>
<gx:coord>-39.039715 -14.208915 -12.091</gx:coord>
<gx:coord>-39.039795 -14.2089267 -12.791</gx:coord>
<gx:coord>-39.03988 -14.208945 -13.791</gx:coord>
<gx:coord>-39.039965 -14.2089567 -14.291</gx:coord>
<gx:coord>-39.0400433 -14.2089717 -13.491</gx:coord>
<gx:coord>-39.04013 -14.208985 -11.591</gx:coord>
<gx:coord>-39.04024 -14.2089933 -11.591</gx:coord>
<gx:coord>-39.0403417 -14.2089917 -12.491</gx:coord>
<gx:coord>-39.040445 -14.2090017 -14.391</gx:coord>
<gx:coord>-39.0405667 -14.2090233 -15.391</gx:coord>
<gx:coord>-39.0406783 -14.2090283 -14.991</gx:coord>
<gx:coord>-39.04079 -14.2090367 -14.091</gx:coord>
<gx:coord>-39.04092 -14.2090383 -14.591</gx:coord>
<gx:coord>-39.041065 -14.209045 -14.591</gx:coord>
<gx:coord>-39.04122 -14.2090567 -15.491</gx:coord>
<gx:coord>-39.0413867 -14.2090733 -14.991</gx:coord>
<gx:coord>-39.041545 -14.209105 -14.891</gx:coord>
<gx:coord>-39.0417017 -14.2091233 -14.191</gx:coord>
<gx:coord>-39.0418533 -14.2091483 -14.891</gx:coord>
<gx:coord>-39.0420067 -14.20918 -15.391</gx:coord>
<gx:coord>-39.042145 -14.2092117 -14.891</gx:coord>
<gx:coord>-39.0422817 -14.2092283 -15.391</gx:coord>
<gx:coord>-39.04242 -14.2092533 -15.691</gx:coord>
<gx:coord>-39.04255 -14.2092933 -17.591</gx:coord>
<gx:coord>-39.0426933 -14.2093367 -15.091</gx:coord>
<gx:coord>-39.0428417 -14.2093867 -14.791</gx:coord>
<gx:coord>-39.0429883 -14.20942 -14.091</gx:coord>
<gx:coord>-39.04314 -14.2094517 -15.791</gx:coord>
<gx:coord>-39.043295 -14.2094683 -15.492</gx:coord>
<gx:coord>-39.04344 -14.2094767 -16.392</gx:coord>
<gx:coord>-39.04356 -14.20948 -16.992</gx:coord>
<gx:coord>-39.0436683 -14.2094783 -16.592</gx:coord>
<gx:coord>-39.0437933 -14.2094883 -15.492</gx:coord>
<gx:coord>-39.0439367 -14.2094933 -14.792</gx:coord>
<gx:coord>-39.0440967 -14.2094933 -14.592</gx:coord>
<gx:coord>-39.04426 -14.2094917 -15.792</gx:coord>
<gx:coord>-39.04442 -14.2094917 -15.692</gx:coord>
<gx:coord>-39.0445917 -14.2095017 -15.292</gx:coord>
<gx:coord>-39.0447567 -14.2095067 -15.692</gx:coord>
<gx:coord>-39.0449167 -14.2095133 -17.492</gx:coord>
<gx:coord>-39.0450733 -14.2095183 -17.792</gx:coord>
<gx:coord>-39.0452117 -14.209545 -18.192</gx:coord>
<gx:coord>-39.0453533 -14.20956 -18.092</gx:coord>
<gx:coord>-39.0454883 -14.2095717 -16.792</gx:coord>
<gx:coord>-39.0456383 -14.2095783 -17.392</gx:coord>
<gx:coord>-39.045805 -14.2095633 -14.492</gx:coord>
<gx:coord>-39.045975 -14.209575 -13.892</gx:coord>
<gx:coord>-39.04614 -14.2095983 -12.192</gx:coord>
<gx:coord>-39.046305 -14.2096017 -10.592</gx:coord>
<gx:coord>-39.0464633 -14.2096167 -11.192</gx:coord>
<gx:coord>-39.0466183 -14.2096217 -11.992</gx:coord>
<gx:coord>-39.0467617 -14.2096233 -14.292</gx:coord>
<gx:coord>-39.0469233 -14.2096283 -15.592</gx:coord>
<gx:coord>-39.0470667 -14.2096283 -16.892</gx:coord>
<gx:coord>-39.0472167 -14.2096233 -15.792</gx:coord>
<gx:coord>-39.0473733 -14.2096383 -14.993</gx:coord>
<gx:coord>-39.047535 -14.20966 -13.693</gx:coord>
<gx:coord>-39.0477033 -14.20968 -13.493</gx:coord>
<gx:coord>-39.0478717 -14.2096933 -12.293</gx:coord>
<gx:coord>-39.048045 -14.2097083 -11.593</gx:coord>
<gx:coord>-39.048215 -14.20972 -8.893</gx:coord>
<gx:coord>-39.04837 -14.2097333 -7.293</gx:coord>
<gx:coord>-39.0485333 -14.2097317 -9.093</gx:coord>
<gx:coord>-39.0486883 -14.2097317 -9.893</gx:coord>
<gx:coord>-39.0488467 -14.2097317 -11.093</gx:coord>
<gx:coord>-39.0490033 -14.2097483 -11.993</gx:coord>
<gx:coord>-39.049165 -14.2097767 -12.693</gx:coord>
<gx:coord>-39.049325 -14.2097933 -12.793</gx:coord>
<gx:coord>-39.0494733 -14.2098133 -11.593</gx:coord>
<gx:coord>-39.0495967 -14.2098617 -13.493</gx:coord>
<gx:coord>-39.0497467 -14.209915 -13.593</gx:coord>
<gx:coord>-39.0498933 -14.2099717 -15.193</gx:coord>
<gx:coord>-39.0500233 -14.2100617 -9.893</gx:coord>
<gx:coord>-39.050135 -14.2101417 -8.893</gx:coord>
<gx:coord>-39.0502633 -14.21022 -8.893</gx:coord>
<gx:coord>-39.0503867 -14.2102933 -5.793</gx:coord>
<gx:coord>-39.050505 -14.2103883 -6.093</gx:coord>
<gx:coord>-39.0506117 -14.210465 -8.493</gx:coord>
<gx:coord>-39.05071 -14.2105283 -8.693</gx:coord>
<gx:coord>-39.0508033 -14.2105767 -8.093</gx:coord>
<gx:coord>-39.0508683 -14.2106183 -11.493</gx:coord>
<gx:coord>-39.0509717 -14.2106667 -11.393</gx:coord>
<gx:coord>-39.0510883 -14.2107167 -10.693</gx:coord>
<gx:coord>-39.0511917 -14.21078 -10.593</gx:coord>
<gx:coord>-39.0513 -14.21084 -10.793</gx:coord>
<gx:coord>-39.05139 -14.210885 -10.393</gx:coord>
<gx:coord>-39.051485 -14.2109117 -10.393</gx:coord>
<gx:coord>-39.0515867 -14.21095 -10.793</gx:coord>
<gx:coord>-39.0516983 -14.2109733 -10.093</gx:coord>
<gx:coord>-39.0518117 -14.2110167 -10.293</gx:coord>
<gx:coord>-39.05193 -14.2110817 -11.293</gx:coord>
<gx:coord>-39.05203 -14.2111417 -11.193</gx:coord>
<gx:coord>-39.0521133 -14.211205 -11.893</gx:coord>
<gx:coord>-39.0522 -14.2112367 -12.593</gx:coord>
<gx:coord>-39.0523 -14.211275 -14.493</gx:coord>
<gx:coord>-39.05242 -14.2112983 -14.693</gx:coord>
<gx:coord>-39.0525483 -14.2113233 -14.593</gx:coord>
<gx:coord>-39.052675 -14.2113533 -14.093</gx:coord>
<gx:coord>-39.052805 -14.2114 -12.593</gx:coord>
<gx:coord>-39.0529283 -14.2114367 -11.593</gx:coord>
<gx:coord>-39.0530617 -14.21148 -10.193</gx:coord>
<gx:coord>-39.0532 -14.2115033 -10.693</gx:coord>
<gx:coord>-39.0533367 -14.211535 -10.793</gx:coord>
<gx:coord>-39.0534833 -14.2115867 -10.393</gx:coord>
<gx:coord>-39.0536317 -14.2116517 -11.693</gx:coord>
<gx:coord>-39.0537767 -14.2117117 -11.593</gx:coord>
<gx:coord>-39.05391 -14.2117733 -10.793</gx:coord>
<gx:coord>-39.054025 -14.21186 -10.993</gx:coord>
<gx:coord>-39.0541367 -14.21195 -12.793</gx:coord>
<gx:coord>-39.05426 -14.2120483 -11.393</gx:coord>
<gx:coord>-39.05436 -14.212145 -10.993</gx:coord>
<gx:coord>-39.054455 -14.212245 -11.593</gx:coord>
<gx:coord>-39.054545 -14.2123483 -11.793</gx:coord>
<gx:coord>-39.0546267 -14.212455 -12.693</gx:coord>
<gx:coord>-39.0547083 -14.2125517 -13.493</gx:coord>
<gx:coord>-39.0547983 -14.21264 -12.993</gx:coord>
<gx:coord>-39.0549 -14.2127283 -10.892</gx:coord>
<gx:coord>-39.0550217 -14.2128133 -10.392</gx:coord>
<gx:coord>-39.05515 -14.21289 -9.392</gx:coord>
<gx:coord>-39.055285 -14.2129417 -7.292</gx:coord>
<gx:coord>-39.0554183 -14.2129767 -9.792</gx:coord>
<gx:coord>-39.0555583 -14.2130083 -10.692</gx:coord>
<gx:coord>-39.0556933 -14.2130233 -11.193</gx:coord>
<gx:coord>-39.0558217 -14.21306 -10.893</gx:coord>
<gx:coord>-39.055935 -14.2130883 -10.293</gx:coord>
<gx:coord>-39.05606 -14.2131167 -9.793</gx:coord>
<gx:coord>-39.0561883 -14.2131483 -9.993</gx:coord>
<gx:coord>-39.05633 -14.213175 -10.993</gx:coord>
<gx:coord>-39.0564767 -14.2132133 -11.293</gx:coord>
<gx:coord>-39.05663 -14.2132533 -12.293</gx:coord>
<gx:coord>-39.0567867 -14.2132933 -11.793</gx:coord>
<gx:coord>-39.05693 -14.2133533 -12.093</gx:coord>
<gx:coord>-39.0570767 -14.213415 -13.993</gx:coord>
<gx:coord>-39.0572 -14.2134933 -15.093</gx:coord>
<gx:coord>-39.057305 -14.2135967 -16.393</gx:coord>
<gx:coord>-39.057395 -14.2137317 -13.593</gx:coord>
<gx:coord>-39.0575017 -14.21386 -13.392</gx:coord>
<gx:coord>-39.0576 -14.2139883 -13.892</gx:coord>
<gx:coord>-39.05769 -14.2140983 -13.692</gx:coord>
<gx:coord>-39.0577817 -14.2142117 -13.392</gx:coord>
<gx:coord>-39.0578533 -14.2142933 -14.192</gx:coord>
<gx:coord>-39.0579317 -14.214365 -17.692</gx:coord>
<gx:coord>-39.0580117 -14.21444 -15.492</gx:coord>
<gx:coord>-39.05809 -14.2145067 -15.092</gx:coord>
<gx:coord>-39.058165 -14.2145533 -14.092</gx:coord>
<gx:coord>-39.0582117 -14.2145883 -14.192</gx:coord>
<gx:coord>-39.058255 -14.21463 -13.692</gx:coord>
<gx:coord>-39.0583183 -14.2146733 -14.092</gx:coord>
<gx:coord>-39.0584033 -14.21472 -14.392</gx:coord>
<gx:coord>-39.0585083 -14.2147533 -14.792</gx:coord>
<gx:coord>-39.058595 -14.214785 -15.592</gx:coord>
<gx:coord>-39.05868 -14.2148083 -14.692</gx:coord>
<gx:coord>-39.05876 -14.2148317 -12.592</gx:coord>
<gx:coord>-39.05882 -14.2148567 -11.292</gx:coord>
<gx:coord>-39.058865 -14.2148683 -9.492</gx:coord>
<gx:coord>-39.058885 -14.214905 -5.992</gx:coord>
<gx:coord>-39.0588767 -14.21497 -4.492</gx:coord>
<gx:coord>-39.0588633 -14.2150383 -4.592</gx:coord>
<gx:coord>-39.05884 -14.21508 -5.392</gx:coord>
<gx:coord>-39.058805 -14.2151217 -4.792</gx:coord>
<gx:coord>-39.0587883 -14.2152083 -7.492</gx:coord>
<gx:coord>-39.0587817 -14.2152167 -7.392</gx:coord>
<gx:coord>-39.0587817 -14.2152167 -7.392</gx:coord>
<gx:coord>-39.0587817 -14.2152167 -7.392</gx:coord>
<gx:coord>-39.0587817 -14.2152167 -7.392</gx:coord>
<gx:coord>-39.0587817 -14.2152167 -7.392</gx:coord>
<gx:coord>-39.0587817 -14.2152167 -7.392</gx:coord>
<gx:coord>-39.0587817 -14.2152167 -7.392</gx:coord>
<gx:coord>-39.0587817 -14.2152167 -7.392</gx:coord>
<gx:coord>-39.0587817 -14.2152167 -7.392</gx:coord>
<gx:coord>-39.0587817 -14.2152167 -7.392</gx:coord>
<gx:coord>-39.0587817 -14.2152167 -7.392</gx:coord>
<gx:coord>-39.0587817 -14.2152167 -7.392</gx:coord>
<gx:coord>-39.0587817 -14.2152167 -7.392</gx:coord>
<gx:coord>-39.0587817 -14.2152167 -7.392</gx:coord>
<gx:coord>-39.0587817 -14.2152167 -7.392</gx:coord>
<gx:coord>-39.0587817 -14.2152167 -7.392</gx:coord>
<gx:coord>-39.0587817 -14.2152167 -7.392</gx:coord>
<gx:coord>-39.0587817 -14.2152167 -7.392</gx:coord>
<gx:coord>-39.0587817 -14.2152167 -7.392</gx:coord>
<gx:coord>-39.0587817 -14.2152167 -7.392</gx:coord>
<gx:coord>-39.0588417 -14.21515 -8.392</gx:coord>
<gx:coord>-39.058855 -14.215105 -8.592</gx:coord>
<gx:coord>-39.05888 -14.21507 -6.892</gx:coord>
<gx:coord>-39.0589283 -14.215085 -6.392</gx:coord>
<gx:coord>-39.05896 -14.21512 -7.892</gx:coord>
<gx:coord>-39.0589983 -14.2151467 -8.092</gx:coord>
<gx:coord>-39.0590233 -14.2151717 -11.292</gx:coord>
<gx:coord>-39.0590233 -14.2151717 -9.292</gx:coord>
<gx:coord>-39.0590233 -14.2151717 -9.292</gx:coord>
<gx:coord>-39.0590233 -14.2151717 -9.292</gx:coord>
<gx:coord>-39.0590233 -14.2151717 -9.292</gx:coord>
<gx:coord>-39.0590233 -14.2151717 -19.592</gx:coord>
<gx:coord>-39.0589833 -14.21516 -17.392</gx:coord>
<gx:coord>-39.05893 -14.2151567 -17.692</gx:coord>
<gx:coord>-39.0588933 -14.215135 -14.492</gx:coord>
<gx:coord>-39.058865 -14.215125 -10.592</gx:coord>
<gx:coord>-39.0588317 -14.2151383 -7.292</gx:coord>
<gx:coord>-39.0588317 -14.2151383 -8.392</gx:coord>
<gx:coord>-39.0588317 -14.2151383 -8.392</gx:coord>
<gx:coord>-39.0588317 -14.2151383 -7.992</gx:coord>
<gx:coord>-39.0588317 -14.2151383 -7.792</gx:coord>
<gx:coord>-39.0588317 -14.2151383 -7.592</gx:coord>
<gx:coord>-39.0588317 -14.2151383 -7.292</gx:coord>
<gx:coord>-39.0588317 -14.2151383 -7.292</gx:coord>
<gx:coord>-39.0588317 -14.2151383 -5.292</gx:coord>
<gx:coord>-39.0588317 -14.2151383 -5.892</gx:coord>
<gx:coord>-39.0588317 -14.2151383 -4.192</gx:coord>
<gx:coord>-39.0588317 -14.2151383 -4.392</gx:coord>
<gx:coord>-39.0588317 -14.2151383 -4.392</gx:coord>
<gx:coord>-39.0588317 -14.2151383 -4.392</gx:coord>
<gx:coord>-39.0588317 -14.2151383 -4.392</gx:coord>
<gx:coord>-39.0588317 -14.2151383 -4.392</gx:coord>
<gx:coord>-39.0588317 -14.2151383 -4.392</gx:coord>
<gx:coord>-39.0588317 -14.2151383 -4.392</gx:coord>
<gx:coord>-39.0588317 -14.2151383 -4.392</gx:coord>
<gx:coord>-39.0588317 -14.2151383 -4.392</gx:coord>
<gx:coord>-39.0588317 -14.2151383 -4.392</gx:coord>
<gx:coord>-39.0588317 -14.2151383 -4.392</gx:coord>
<gx:coord>-39.0588317 -14.2151383 -4.392</gx:coord>
<gx:coord>-39.0588317 -14.2151383 -3.892</gx:coord>
<gx:coord>-39.0588317 -14.2151383 -4.192</gx:coord>
<gx:coord>-39.0588383 -14.2151217 -3.592</gx:coord>
<gx:coord>-39.05885 -14.2150717 -3.392</gx:coord>
<gx:coord>-39.0588717 -14.21503 -4.292</gx:coord>
<gx:coord>-39.0588817 -14.2149817 -6.192</gx:coord>
<gx:coord>-39.0588867 -14.2149367 -7.292</gx:coord>
<gx:coord>-39.0588483 -14.2148983 -8.492</gx:coord>
<gx:coord>-39.058815 -14.214865 -9.892</gx:coord>
<gx:coord>-39.0587717 -14.2148433 -10.592</gx:coord>
<gx:coord>-39.0587233 -14.2148333 -11.392</gx:coord>
<gx:coord>-39.0586717 -14.2148067 -10.992</gx:coord>
<gx:coord>-39.05863 -14.214795 -8.592</gx:coord>
<gx:coord>-39.0585817 -14.214765 -7.892</gx:coord>
<gx:coord>-39.05855 -14.2147283 -5.792</gx:coord>
<gx:coord>-39.0585333 -14.214685 -4.392</gx:coord>
<gx:coord>-39.05852 -14.214635 -3.892</gx:coord>
<gx:coord>-39.05851 -14.2145933 -5.692</gx:coord>
<gx:coord>-39.0584667 -14.2145833 -7.392</gx:coord>
<gx:coord>-39.0584233 -14.2145633 -8.192</gx:coord>
<gx:coord>-39.0584017 -14.2145133 -7.392</gx:coord>
<gx:coord>-39.0584083 -14.2144583 -7.392</gx:coord>
<gx:coord>-39.05843 -14.2144183 -7.392</gx:coord>
<gx:coord>-39.058445 -14.214375 -7.792</gx:coord>
<gx:coord>-39.0584417 -14.214325 -7.292</gx:coord>
<gx:coord>-39.0584217 -14.21428 -6.992</gx:coord>
<gx:coord>-39.05842 -14.214225 -7.192</gx:coord>
<gx:coord>-39.058435 -14.2141817 -8.392</gx:coord>
<gx:coord>-39.0584533 -14.2141333 -9.393</gx:coord>
<gx:coord>-39.0584733 -14.2140917 -9.893</gx:coord>
<gx:coord>-39.0584917 -14.2140433 -10.993</gx:coord>
<gx:coord>-39.0584967 -14.2139983 -10.993</gx:coord>
<gx:coord>-39.0584867 -14.21395 -10.293</gx:coord>
<gx:coord>-39.0584833 -14.213935 -9.093</gx:coord>
<gx:coord>-39.0584833 -14.213935 -5.793</gx:coord>
<gx:coord>-39.0584533 -14.2139067 -4.593</gx:coord>
<gx:coord>-39.058405 -14.2139033 -4.893</gx:coord>
<gx:coord>-39.0583533 -14.2139083 -4.993</gx:coord>
<gx:coord>-39.05831 -14.213935 -5.493</gx:coord>
<gx:coord>-39.0582667 -14.2139517 -6.193</gx:coord>
<gx:coord>-39.0582133 -14.2139617 -5.893</gx:coord>
<gx:coord>-39.058165 -14.2139733 -4.893</gx:coord>
<gx:coord>-39.0581233 -14.2139867 -2.093</gx:coord>
<gx:coord>-39.0580767 -14.2139917 -0.593</gx:coord>
<gx:coord>-39.0580317 -14.213995 0.607</gx:coord>
<gx:coord>-39.05799 -14.21398 3.108</gx:coord>
<gx:coord>-39.0579567 -14.2139483 3.607</gx:coord>
<gx:coord>-39.0579333 -14.2139067 4.007</gx:coord>
<gx:coord>-39.057925 -14.2138533 4.707</gx:coord>
<gx:coord>-39.0579283 -14.2138083 5.007</gx:coord>
<gx:coord>-39.057925 -14.2137617 5.907</gx:coord>
<gx:coord>-39.0579183 -14.2137117 7.007</gx:coord>
<gx:coord>-39.05791 -14.213665 6.307</gx:coord>
<gx:coord>-39.057895 -14.2136283 9.107</gx:coord>
<gx:coord>-39.0578933 -14.2135883 11.807</gx:coord>
<gx:coord>-39.057895 -14.213545 14.207</gx:coord>
<gx:coord>-39.0578933 -14.2135017 16.707</gx:coord>
<gx:coord>-39.0578833 -14.2134233 19.707</gx:coord>
<gx:coord>-39.0578883 -14.21338 21.307</gx:coord>
<gx:coord>-39.0578817 -14.2133717 21.707</gx:coord>
<gx:coord>-39.0578817 -14.2133717 21.707</gx:coord>
<gx:coord>-39.0578817 -14.2133717 21.707</gx:coord>
<gx:coord>-39.0578817 -14.2133717 21.707</gx:coord>
<gx:coord>-39.0578817 -14.2133717 21.707</gx:coord>
<gx:coord>-39.0578817 -14.2133717 21.707</gx:coord>
<gx:coord>-39.0578817 -14.2133717 21.707</gx:coord>
<gx:coord>-39.0578817 -14.2133717 21.707</gx:coord>
<gx:coord>-39.0578817 -14.2133717 21.707</gx:coord>
<gx:coord>-39.0578817 -14.2133717 21.707</gx:coord>
<gx:coord>-39.0578817 -14.2133717 21.707</gx:coord>
<gx:coord>-39.0578817 -14.2133717 21.707</gx:coord>
<gx:coord>-39.0578817 -14.2133717 21.707</gx:coord>
<gx:coord>-39.0578817 -14.2133717 21.707</gx:coord>
<gx:coord>-39.0578817 -14.2133717 21.707</gx:coord>
<gx:coord>-39.0578817 -14.2133717 21.707</gx:coord>
<gx:coord>-39.0578817 -14.2133717 21.707</gx:coord>
<gx:coord>-39.0578817 -14.2133717 21.707</gx:coord>
<gx:coord>-39.0578817 -14.2133717 21.707</gx:coord>
<gx:coord>-39.0578817 -14.2133717 21.707</gx:coord>
<gx:coord>-39.0578817 -14.2133717 21.707</gx:coord>
<gx:coord>-39.0578817 -14.2133717 21.707</gx:coord>
<gx:coord>-39.0578817 -14.2133717 21.707</gx:coord>
<gx:coord>-39.0578817 -14.2133717 21.707</gx:coord>
<gx:coord>-39.0578817 -14.2133717 21.707</gx:coord>
<gx:coord>-39.0578817 -14.2133717 21.707</gx:coord>
<gx:coord>-39.0578817 -14.2133717 21.707</gx:coord>
<gx:coord>-39.0578817 -14.2133717 21.707</gx:coord>
<gx:coord>-39.0578817 -14.2133717 21.707</gx:coord>
<gx:coord>-39.0578817 -14.2133717 21.707</gx:coord>
<gx:coord>-39.0578817 -14.2133717 21.707</gx:coord>
<gx:coord>-39.0578817 -14.2133717 21.707</gx:coord>
<gx:coord>-39.0578817 -14.2133717 21.707</gx:coord>
<gx:coord>-39.0578817 -14.2133717 21.707</gx:coord>
<gx:coord>-39.0578817 -14.2133717 21.707</gx:coord>
<gx:coord>-39.0578817 -14.2133717 21.707</gx:coord>
<gx:coord>-39.0578817 -14.2133717 21.707</gx:coord>
<gx:coord>-39.0578817 -14.2133717 21.707</gx:coord>
<gx:coord>-39.0578817 -14.2133717 21.707</gx:coord>
<gx:coord>-39.0578817 -14.2133717 21.707</gx:coord>
<gx:coord>-39.0578633 -14.2133333 24.607</gx:coord>
<gx:coord>-39.0578633 -14.21327 24.107</gx:coord>
<gx:coord>-39.0578583 -14.2132217 23.907</gx:coord>
<gx:coord>-39.0578217 -14.2131883 24.707</gx:coord>
<gx:coord>-39.0577783 -14.2131717 25.007</gx:coord>
<gx:coord>-39.0577633 -14.21312 23.807</gx:coord>
<gx:coord>-39.057765 -14.2130717 23.107</gx:coord>
<gx:coord>-39.05778 -14.2130267 22.507</gx:coord>
<gx:coord>-39.0577683 -14.2129767 22.307</gx:coord>
<gx:coord>-39.0577333 -14.2129417 24.307</gx:coord>
<gx:coord>-39.0577383 -14.2128967 25.507</gx:coord>
<gx:coord>-39.0577233 -14.2128717 26.907</gx:coord>
<gx:coord>-39.0577417 -14.2128433 30.507</gx:coord>
<gx:coord>-39.0577717 -14.2128083 30.307</gx:coord>
<gx:coord>-39.0577917 -14.2127617 32.507</gx:coord>
<gx:coord>-39.057825 -14.212735 34.407</gx:coord>
<gx:coord>-39.057855 -14.2126983 35.307</gx:coord>
<gx:coord>-39.057905 -14.2126867 36.807</gx:coord>
<gx:coord>-39.0579483 -14.21271 37.707</gx:coord>
<gx:coord>-39.0579933 -14.2127267 37.907</gx:coord>
<gx:coord>-39.0580067 -14.2127617 41.007</gx:coord>
<gx:coord>-39.05803 -14.2128033 41.507</gx:coord>
<gx:coord>-39.058055 -14.212835 43.907</gx:coord>
<gx:coord>-39.0580967 -14.2128633 44.607</gx:coord>
<gx:coord>-39.0581317 -14.2128933 45.507</gx:coord>
<gx:coord>-39.0581833 -14.2128983 45.607</gx:coord>
<gx:coord>-39.0582167 -14.212935 45.407</gx:coord>
<gx:coord>-39.0582283 -14.2129817 45.807</gx:coord>
<gx:coord>-39.0582333 -14.2130283 45.907</gx:coord>
<gx:coord>-39.0582333 -14.2130283 46.207</gx:coord>
<gx:coord>-39.0582333 -14.2130283 50.107</gx:coord>
<gx:coord>-39.0582333 -14.2130283 50.607</gx:coord>
<gx:coord>-39.0582333 -14.2130283 50.607</gx:coord>
<gx:coord>-39.0582333 -14.2130283 50.607</gx:coord>
<gx:coord>-39.0582333 -14.2130283 51.407</gx:coord>
<gx:coord>-39.0582333 -14.2130283 51.407</gx:coord>
<gx:coord>-39.0582333 -14.2130283 52.807</gx:coord>
<gx:coord>-39.0582333 -14.2130283 52.407</gx:coord>
<gx:coord>-39.0582333 -14.2130283 50.507</gx:coord>
<gx:coord>-39.0582333 -14.2130283 50.507</gx:coord>
<gx:coord>-39.0582333 -14.2130283 50.507</gx:coord>
<gx:coord>-39.0582333 -14.2130283 50.507</gx:coord>
<gx:coord>-39.0582333 -14.2130283 49.907</gx:coord>
<gx:coord>-39.0582333 -14.2130283 49.907</gx:coord>
<gx:coord>-39.0582333 -14.2130283 49.307</gx:coord>
<gx:coord>-39.0582333 -14.2130283 49.307</gx:coord>
<gx:coord>-39.0582333 -14.2130283 49.307</gx:coord>
<gx:coord>-39.0582333 -14.2130283 49.307</gx:coord>
<gx:coord>-39.0582333 -14.2130283 51.607</gx:coord>
<gx:coord>-39.0582333 -14.2130283 51.607</gx:coord>
<gx:coord>-39.0582333 -14.2130283 51.607</gx:coord>
<gx:coord>-39.0582333 -14.2130283 51.607</gx:coord>
<gx:coord>-39.0582333 -14.2130283 51.607</gx:coord>
<gx:coord>-39.0582333 -14.2130283 51.607</gx:coord>
<gx:coord>-39.0582333 -14.2130283 51.607</gx:coord>
<gx:coord>-39.0582333 -14.2130283 51.607</gx:coord>
<gx:coord>-39.0582333 -14.2130283 51.607</gx:coord>
<gx:coord>-39.0582333 -14.2130283 51.607</gx:coord>
<gx:coord>-39.0582333 -14.2130283 51.607</gx:coord>
<gx:coord>-39.0582333 -14.2130283 51.607</gx:coord>
<gx:coord>-39.0582333 -14.2130283 51.607</gx:coord>
<gx:coord>-39.0582333 -14.2130283 51.607</gx:coord>
<gx:coord>-39.0582333 -14.2130283 51.007</gx:coord>
<gx:coord>-39.0582333 -14.2130283 51.007</gx:coord>
<gx:coord>-39.0582333 -14.2130283 51.007</gx:coord>
<gx:coord>-39.0582333 -14.2130283 51.007</gx:coord>
<gx:coord>-39.0582333 -14.2130283 51.007</gx:coord>
<gx:coord>-39.0582333 -14.2130283 51.007</gx:coord>
<gx:coord>-39.0582333 -14.2130283 51.007</gx:coord>
<gx:coord>-39.0582333 -14.2130283 51.007</gx:coord>
<gx:coord>-39.0582333 -14.2130283 51.007</gx:coord>
<gx:coord>-39.0582333 -14.2130283 51.007</gx:coord>
<gx:coord>-39.0582333 -14.2130283 52.007</gx:coord>
<gx:coord>-39.0582333 -14.2130283 52.507</gx:coord>
<gx:coord>-39.0582333 -14.2130283 51.507</gx:coord>
<gx:coord>-39.0582333 -14.2130283 50.907</gx:coord>
<gx:coord>-39.0582333 -14.2130283 50.907</gx:coord>
<gx:coord>-39.0582333 -14.2130283 50.907</gx:coord>
<gx:coord>-39.0582333 -14.2130283 50.907</gx:coord>
<gx:coord>-39.0582333 -14.2130283 50.907</gx:coord>
<gx:coord>-39.0582333 -14.2130283 50.907</gx:coord>
<gx:coord>-39.0582333 -14.2130283 50.907</gx:coord>
<gx:coord>-39.0582333 -14.2130283 50.907</gx:coord>
<gx:coord>-39.0582333 -14.2130283 50.907</gx:coord>
<gx:coord>-39.0582333 -14.2130283 50.907</gx:coord>
<gx:coord>-39.0582333 -14.2130283 50.907</gx:coord>
<gx:coord>-39.0582333 -14.2130283 50.907</gx:coord>
<gx:coord>-39.0582333 -14.2130283 50.907</gx:coord>
<gx:coord>-39.0582333 -14.2130283 50.907</gx:coord>
<gx:coord>-39.0582333 -14.2130283 50.907</gx:coord>
<gx:coord>-39.0582333 -14.2130283 50.907</gx:coord>
<gx:coord>-39.0582333 -14.2130283 50.907</gx:coord>
<gx:coord>-39.0582333 -14.2130283 50.907</gx:coord>
<gx:coord>-39.0582333 -14.2130283 50.907</gx:coord>
<gx:coord>-39.0582333 -14.2130283 50.907</gx:coord>
<gx:coord>-39.0582333 -14.2130283 50.907</gx:coord>
<gx:coord>-39.0582333 -14.2130283 50.907</gx:coord>
<gx:coord>-39.0582333 -14.2130283 50.907</gx:coord>
<gx:coord>-39.0582333 -14.2130283 50.907</gx:coord>
<gx:coord>-39.0582333 -14.2130283 50.907</gx:coord>
<gx:coord>-39.0582333 -14.2130283 50.907</gx:coord>
<gx:coord>-39.0582333 -14.2130283 50.907</gx:coord>
<gx:coord>-39.0582333 -14.2130283 50.907</gx:coord>
<gx:coord>-39.0582333 -14.2130283 50.907</gx:coord>
<gx:coord>-39.0582333 -14.2130283 50.907</gx:coord>
<gx:coord>-39.0582333 -14.2130283 50.907</gx:coord>
<gx:coord>-39.0582333 -14.2130283 50.907</gx:coord>
<gx:coord>-39.0582333 -14.2130283 50.907</gx:coord>
<gx:coord>-39.0582333 -14.2130283 50.907</gx:coord>
<gx:coord>-39.0582333 -14.2130283 50.907</gx:coord>
<gx:coord>-39.0582333 -14.2130283 50.907</gx:coord>
<gx:coord>-39.0582333 -14.2130283 50.907</gx:coord>
<gx:coord>-39.0582333 -14.2130283 50.907</gx:coord>
<gx:coord>-39.0582333 -14.2130283 50.907</gx:coord>
<gx:coord>-39.0582333 -14.2130283 50.907</gx:coord>
<gx:coord>-39.0582333 -14.2130283 50.907</gx:coord>
<gx:coord>-39.0582333 -14.2130283 50.907</gx:coord>
<gx:coord>-39.0582333 -14.2130283 49.807</gx:coord>
<gx:coord>-39.0582333 -14.2130283 50.207</gx:coord>
<gx:coord>-39.0582333 -14.2130283 50.607</gx:coord>
<gx:coord>-39.0582333 -14.2130283 50.607</gx:coord>
<gx:coord>-39.0582333 -14.2129933 47.907</gx:coord>
<gx:coord>-39.0582883 -14.2129817 46.207</gx:coord>
<gx:coord>-39.0583 -14.2129367 46.207</gx:coord>
<gx:coord>-39.058275 -14.2128967 46.407</gx:coord>
<gx:coord>-39.05823 -14.2129067 48.507</gx:coord>
<gx:coord>-39.0581817 -14.21291 49.707</gx:coord>
<gx:coord>-39.0581817 -14.21291 49.707</gx:coord>
<gx:coord>-39.0581817 -14.21291 53.107</gx:coord>
<gx:coord>-39.0581817 -14.21291 52.207</gx:coord>
<gx:coord>-39.0581817 -14.21291 52.207</gx:coord>
<gx:coord>-39.0581817 -14.21291 52.707</gx:coord>
<gx:coord>-39.0581817 -14.21291 51.807</gx:coord>
<gx:coord>-39.0581817 -14.21291 52.407</gx:coord>
<gx:coord>-39.0581817 -14.21291 52.407</gx:coord>
<gx:coord>-39.0581817 -14.21291 52.407</gx:coord>
<gx:coord>-39.0581817 -14.21291 55.607</gx:coord>
<gx:coord>-39.0581817 -14.21291 55.907</gx:coord>
<gx:coord>-39.0581817 -14.21291 55.907</gx:coord>
<gx:coord>-39.0581817 -14.21291 55.907</gx:coord>
<gx:coord>-39.0581817 -14.21291 55.907</gx:coord>
<gx:coord>-39.0581817 -14.21291 56.507</gx:coord>
<gx:coord>-39.0581817 -14.21291 56.507</gx:coord>
<gx:coord>-39.0581817 -14.21291 51.707</gx:coord>
<gx:coord>-39.0581817 -14.21291 51.907</gx:coord>
<gx:coord>-39.0581817 -14.21291 51.507</gx:coord>
<gx:coord>-39.05822 -14.2129283 51.307</gx:coord>
<gx:coord>-39.05822 -14.2129283 51.307</gx:coord>
<gx:coord>-39.05822 -14.2129283 51.307</gx:coord>
<gx:coord>-39.05822 -14.2129283 51.307</gx:coord>
<gx:coord>-39.05822 -14.2129283 51.307</gx:coord>
<gx:coord>-39.05822 -14.2129283 51.307</gx:coord>
<gx:coord>-39.05822 -14.2129283 51.307</gx:coord>
<gx:coord>-39.05822 -14.2129283 51.307</gx:coord>
<gx:coord>-39.05822 -14.2129283 51.307</gx:coord>
<gx:coord>-39.05822 -14.2129283 51.307</gx:coord>
<gx:coord>-39.05822 -14.2129283 51.307</gx:coord>
<gx:coord>-39.0583033 -14.2129433 50.607</gx:coord>
<gx:coord>-39.0583017 -14.2129917 52.207</gx:coord>
<gx:coord>-39.0582633 -14.2130233 52.307</gx:coord>
<gx:coord>-39.05824 -14.213065 51.707</gx:coord>
<gx:coord>-39.0582217 -14.213075 50.907</gx:coord>
<gx:coord>-39.0582217 -14.213075 50.907</gx:coord>
<gx:coord>-39.0582217 -14.213075 50.907</gx:coord>
<gx:coord>-39.0582217 -14.213075 50.907</gx:coord>
<gx:coord>-39.0582217 -14.213075 50.907</gx:coord>
<gx:coord>-39.0582217 -14.213075 50.907</gx:coord>
<gx:coord>-39.0582217 -14.213075 50.907</gx:coord>
<gx:coord>-39.0582217 -14.213075 50.907</gx:coord>
<gx:coord>-39.0582217 -14.213075 50.907</gx:coord>
<gx:coord>-39.0582217 -14.213075 50.907</gx:coord>
<gx:coord>-39.0582217 -14.213075 50.907</gx:coord>
<gx:coord>-39.0582217 -14.213075 50.907</gx:coord>
<gx:coord>-39.0582217 -14.213075 50.907</gx:coord>
<gx:coord>-39.0582217 -14.213075 50.907</gx:coord>
<gx:coord>-39.0582217 -14.213075 50.907</gx:coord>
<gx:coord>-39.0582217 -14.213075 50.907</gx:coord>
<gx:coord>-39.0582217 -14.213075 50.907</gx:coord>
<gx:coord>-39.0582217 -14.213075 50.907</gx:coord>
<gx:coord>-39.0582217 -14.213075 50.907</gx:coord>
<gx:coord>-39.0582217 -14.213075 50.907</gx:coord>
<gx:coord>-39.0582183 -14.2130767 50.007</gx:coord>
<gx:coord>-39.0582183 -14.2130767 50.007</gx:coord>
<gx:coord>-39.05818 -14.2130767 49.307</gx:coord>
<gx:coord>-39.05818 -14.2130767 49.307</gx:coord>
<gx:coord>-39.05818 -14.2130767 49.307</gx:coord>
<gx:coord>-39.05818 -14.2130767 49.307</gx:coord>
<gx:coord>-39.05818 -14.2130767 49.307</gx:coord>
<gx:coord>-39.05818 -14.2130767 49.307</gx:coord>
<gx:coord>-39.058165 -14.2130783 47.307</gx:coord>
<gx:coord>-39.058165 -14.2130783 47.307</gx:coord>
<gx:coord>-39.058165 -14.2130783 47.307</gx:coord>
<gx:coord>-39.058165 -14.2130783 47.307</gx:coord>
<gx:coord>-39.058165 -14.2130783 47.307</gx:coord>
<gx:coord>-39.058165 -14.2130783 48.607</gx:coord>
<gx:coord>-39.058165 -14.2130783 43.607</gx:coord>
<gx:coord>-39.058165 -14.2130783 42.507</gx:coord>
<gx:coord>-39.058165 -14.2130783 43.107</gx:coord>
<gx:coord>-39.058165 -14.2130783 42.507</gx:coord>
<gx:coord>-39.058165 -14.2130783 42.507</gx:coord>
<gx:coord>-39.058165 -14.2130783 44.207</gx:coord>
<gx:coord>-39.058165 -14.2130783 44.207</gx:coord>
<gx:coord>-39.058165 -14.2130783 42.507</gx:coord>
<gx:coord>-39.058165 -14.2130783 42.907</gx:coord>
<gx:coord>-39.058165 -14.2130783 42.607</gx:coord>
<gx:coord>-39.058165 -14.2130783 42.607</gx:coord>
<gx:coord>-39.058165 -14.2130783 42.707</gx:coord>
<gx:coord>-39.058165 -14.2130783 49.507</gx:coord>
<gx:coord>-39.058165 -14.2130783 46.307</gx:coord>
<gx:coord>-39.058165 -14.2130783 46.307</gx:coord>
<gx:coord>-39.058165 -14.2130783 48.307</gx:coord>
<gx:coord>-39.058165 -14.2130783 49.707</gx:coord>
<gx:coord>-39.058165 -14.2130783 49.807</gx:coord>
<gx:coord>-39.058165 -14.2130783 49.807</gx:coord>
<gx:coord>-39.058165 -14.2130783 49.807</gx:coord>
<gx:coord>-39.058165 -14.2130783 49.807</gx:coord>
<gx:coord>-39.058165 -14.2130783 49.807</gx:coord>
<gx:coord>-39.058165 -14.2130783 49.807</gx:coord>
<gx:coord>-39.058165 -14.2130783 49.807</gx:coord>
<gx:coord>-39.058165 -14.2130783 47.307</gx:coord>
<gx:coord>-39.058165 -14.2130783 47.207</gx:coord>
<gx:coord>-39.058165 -14.2130783 47.207</gx:coord>
<gx:coord>-39.058165 -14.2130783 47.207</gx:coord>
<gx:coord>-39.058165 -14.2130783 47.207</gx:coord>
<gx:coord>-39.058165 -14.2130783 49.707</gx:coord>
<gx:coord>-39.058165 -14.2130783 49.707</gx:coord>
<gx:coord>-39.058165 -14.2130783 49.707</gx:coord>
<gx:coord>-39.058165 -14.2130783 49.007</gx:coord>
<gx:coord>-39.058165 -14.2130783 49.107</gx:coord>
<gx:coord>-39.058165 -14.2130783 49.207</gx:coord>
<gx:coord>-39.058165 -14.2130783 48.907</gx:coord>
<gx:coord>-39.058165 -14.2130783 48.907</gx:coord>
<gx:coord>-39.058165 -14.2130783 48.907</gx:coord>
<gx:coord>-39.058165 -14.2130783 48.907</gx:coord>
<gx:coord>-39.058165 -14.2130783 48.907</gx:coord>
<gx:coord>-39.058165 -14.2130783 48.907</gx:coord>
<gx:coord>-39.058165 -14.2130783 48.907</gx:coord>
<gx:coord>-39.058165 -14.2130783 48.907</gx:coord>
<gx:coord>-39.058165 -14.2130783 48.907</gx:coord>
<gx:coord>-39.058165 -14.2130783 48.907</gx:coord>
<gx:coord>-39.058165 -14.2130783 48.907</gx:coord>
<gx:coord>-39.058165 -14.2130783 48.907</gx:coord>
<gx:coord>-39.058165 -14.2130783 48.907</gx:coord>
<gx:coord>-39.058165 -14.2130783 48.907</gx:coord>
<gx:coord>-39.058165 -14.2130783 48.907</gx:coord>
<gx:coord>-39.058165 -14.2130783 48.907</gx:coord>
<gx:coord>-39.058165 -14.2130783 48.907</gx:coord>
<gx:coord>-39.058165 -14.2130783 48.907</gx:coord>
<gx:coord>-39.058165 -14.2130783 48.907</gx:coord>
<gx:coord>-39.058165 -14.2130783 48.907</gx:coord>
<gx:coord>-39.058165 -14.2130783 48.907</gx:coord>
<gx:coord>-39.058165 -14.2130783 48.907</gx:coord>
<gx:coord>-39.058165 -14.2130783 48.907</gx:coord>
<gx:coord>-39.058165 -14.2130783 50.907</gx:coord>
<gx:coord>-39.058165 -14.2130783 50.907</gx:coord>
<gx:coord>-39.058165 -14.2130783 50.907</gx:coord>
<gx:coord>-39.058165 -14.2130783 50.907</gx:coord>
<gx:coord>-39.058165 -14.2130783 50.907</gx:coord>
<gx:coord>-39.058165 -14.2130783 50.907</gx:coord>
<gx:coord>-39.058165 -14.2130783 50.907</gx:coord>
<gx:coord>-39.058165 -14.2130783 50.907</gx:coord>
<gx:coord>-39.058165 -14.2130783 50.907</gx:coord>
<gx:coord>-39.058165 -14.2130783 50.907</gx:coord>
<gx:coord>-39.058165 -14.2130783 50.907</gx:coord>
<gx:coord>-39.058165 -14.2130783 50.907</gx:coord>
<gx:coord>-39.058165 -14.2130783 47.607</gx:coord>
<gx:coord>-39.058165 -14.2130783 47.307</gx:coord>
<gx:coord>-39.058165 -14.2130783 47.307</gx:coord>
<gx:coord>-39.058165 -14.2130783 47.307</gx:coord>
<gx:coord>-39.058165 -14.2130783 47.307</gx:coord>
<gx:coord>-39.058165 -14.2130783 47.307</gx:coord>
<gx:coord>-39.058165 -14.2130783 47.307</gx:coord>
<gx:coord>-39.058165 -14.2130783 47.307</gx:coord>
<gx:coord>-39.058165 -14.2130783 47.307</gx:coord>
<gx:coord>-39.058165 -14.2130783 47.307</gx:coord>
<gx:coord>-39.058165 -14.2130783 47.307</gx:coord>
<gx:coord>-39.058165 -14.2130783 49.107</gx:coord>
<gx:coord>-39.058165 -14.2130783 49.507</gx:coord>
<gx:coord>-39.058165 -14.2130783 49.507</gx:coord>
<gx:coord>-39.058165 -14.2130783 49.507</gx:coord>
<gx:coord>-39.058165 -14.2130783 48.107</gx:coord>
<gx:coord>-39.058165 -14.2130783 49.107</gx:coord>
<gx:coord>-39.058165 -14.2130783 49.107</gx:coord>
<gx:coord>-39.058165 -14.2130783 49.607</gx:coord>
<gx:coord>-39.058165 -14.2130783 50.607</gx:coord>
<gx:coord>-39.058165 -14.2130783 50.607</gx:coord>
<gx:coord>-39.058165 -14.2130783 48.707</gx:coord>
<gx:coord>-39.058165 -14.2130783 48.307</gx:coord>
<gx:coord>-39.058165 -14.2130783 48.307</gx:coord>
<gx:coord>-39.058165 -14.2130783 48.307</gx:coord>
<gx:coord>-39.058165 -14.2130783 48.307</gx:coord>
<gx:coord>-39.058165 -14.2130783 48.307</gx:coord>
<gx:coord>-39.058165 -14.2130783 49.007</gx:coord>
<gx:coord>-39.058165 -14.2130783 49.007</gx:coord>
<gx:coord>-39.058165 -14.2130783 49.007</gx:coord>
<gx:coord>-39.058165 -14.2130783 46.807</gx:coord>
<gx:coord>-39.058165 -14.2130783 47.407</gx:coord>
<gx:coord>-39.058165 -14.2130783 47.407</gx:coord>
<gx:coord>-39.058165 -14.2130783 47.407</gx:coord>
<gx:coord>-39.058165 -14.2130783 47.407</gx:coord>
<gx:coord>-39.058165 -14.2130783 47.407</gx:coord>
<gx:coord>-39.058165 -14.2130783 47.407</gx:coord>
<gx:coord>-39.058165 -14.2130783 47.407</gx:coord>
<gx:coord>-39.058165 -14.2130783 47.407</gx:coord>
<gx:coord>-39.058165 -14.2130783 47.407</gx:coord>
<gx:coord>-39.058165 -14.2130783 47.407</gx:coord>
<gx:coord>-39.058165 -14.2130783 47.407</gx:coord>
<gx:coord>-39.058165 -14.2130783 47.407</gx:coord>
<gx:coord>-39.058165 -14.2130783 47.407</gx:coord>
<gx:coord>-39.058165 -14.2130783 47.407</gx:coord>
<gx:coord>-39.058165 -14.2130783 47.407</gx:coord>
<gx:coord>-39.058165 -14.2130783 47.407</gx:coord>
<gx:coord>-39.058165 -14.2130783 47.407</gx:coord>
<gx:coord>-39.058165 -14.2130783 47.407</gx:coord>
<gx:coord>-39.058165 -14.2130783 50.007</gx:coord>
<gx:coord>-39.058165 -14.2130783 50.007</gx:coord>
<gx:coord>-39.058165 -14.2130783 50.007</gx:coord>
<gx:coord>-39.058165 -14.2130783 50.007</gx:coord>
<gx:coord>-39.058165 -14.2130783 50.007</gx:coord>
<gx:coord>-39.058165 -14.2130783 48.407</gx:coord>
<gx:coord>-39.058165 -14.2130783 48.207</gx:coord>
<gx:coord>-39.058165 -14.2130783 48.207</gx:coord>
<gx:coord>-39.058165 -14.2130783 48.207</gx:coord>
<gx:coord>-39.058165 -14.2130783 48.207</gx:coord>
<gx:coord>-39.058165 -14.2130783 48.207</gx:coord>
<gx:coord>-39.058165 -14.2130783 51.107</gx:coord>
<gx:coord>-39.058165 -14.2130783 51.107</gx:coord>
<gx:coord>-39.058165 -14.2130783 49.307</gx:coord>
<gx:coord>-39.058165 -14.2130783 49.307</gx:coord>
<gx:coord>-39.058165 -14.2130783 49.307</gx:coord>
<gx:coord>-39.058165 -14.2130783 49.307</gx:coord>
<gx:coord>-39.058165 -14.2130783 49.307</gx:coord>
<gx:coord>-39.058165 -14.2130783 49.307</gx:coord>
<gx:coord>-39.058165 -14.2130783 49.307</gx:coord>
<gx:coord>-39.058165 -14.2130783 49.307</gx:coord>
<gx:coord>-39.058165 -14.2130783 49.307</gx:coord>
<gx:coord>-39.058165 -14.2130783 49.307</gx:coord>
<gx:coord>-39.058165 -14.2130783 49.307</gx:coord>
<gx:coord>-39.058165 -14.2130783 49.307</gx:coord>
<gx:coord>-39.058165 -14.2130783 49.307</gx:coord>
<gx:coord>-39.058165 -14.2130783 49.307</gx:coord>
<gx:coord>-39.058165 -14.2130783 48.907</gx:coord>
<gx:coord>-39.058165 -14.2130783 48.907</gx:coord>
<gx:coord>-39.058165 -14.2130783 48.907</gx:coord>
<gx:coord>-39.058165 -14.2130783 48.907</gx:coord>
<gx:coord>-39.058165 -14.2130783 48.907</gx:coord>
<gx:coord>-39.058165 -14.2130783 48.907</gx:coord>
<gx:coord>-39.058165 -14.2130783 48.907</gx:coord>
<gx:coord>-39.058165 -14.2130783 48.907</gx:coord>
<gx:coord>-39.058165 -14.2130783 48.907</gx:coord>
<gx:coord>-39.058165 -14.2130783 48.907</gx:coord>
<gx:coord>-39.058165 -14.2130783 48.907</gx:coord>
<gx:coord>-39.058165 -14.2130783 47.607</gx:coord>
<gx:coord>-39.058165 -14.2130783 47.607</gx:coord>
<gx:coord>-39.058165 -14.2130783 46.807</gx:coord>
<gx:coord>-39.058165 -14.2130783 46.807</gx:coord>
<gx:coord>-39.058165 -14.2130783 46.107</gx:coord>
<gx:coord>-39.058165 -14.2130783 46.107</gx:coord>
<gx:coord>-39.058165 -14.2130783 44.507</gx:coord>
<gx:coord>-39.058165 -14.2130783 44.707</gx:coord>
<gx:coord>-39.058165 -14.2130783 44.707</gx:coord>
<gx:coord>-39.058165 -14.2130783 44.707</gx:coord>
<gx:coord>-39.058165 -14.2130783 44.707</gx:coord>
<gx:coord>-39.058165 -14.2130783 44.707</gx:coord>
<gx:coord>-39.058165 -14.2130783 44.707</gx:coord>
<gx:coord>-39.058165 -14.2130783 44.707</gx:coord>
<gx:coord>-39.058165 -14.2130783 44.707</gx:coord>
<gx:coord>-39.058165 -14.2130783 44.707</gx:coord>
<gx:coord>-39.058165 -14.2130783 47.407</gx:coord>
<gx:coord>-39.058165 -14.2130783 46.907</gx:coord>
<gx:coord>-39.058165 -14.2130783 46.907</gx:coord>
<gx:coord>-39.058165 -14.2130783 46.907</gx:coord>
<gx:coord>-39.058165 -14.2130783 46.907</gx:coord>
<gx:coord>-39.058165 -14.2130783 46.907</gx:coord>
<gx:coord>-39.058165 -14.2130783 46.907</gx:coord>
<gx:coord>-39.058165 -14.2130783 46.907</gx:coord>
<gx:coord>-39.058165 -14.2130783 46.907</gx:coord>
<gx:coord>-39.058165 -14.2130783 46.907</gx:coord>
<gx:coord>-39.058165 -14.2130783 45.607</gx:coord>
<gx:coord>-39.0581817 -14.2130433 46.507</gx:coord>
<gx:coord>-39.0581817 -14.2130433 46.507</gx:coord>
<gx:coord>-39.0581817 -14.2130433 46.507</gx:coord>
<gx:coord>-39.0581817 -14.2130433 46.507</gx:coord>
<gx:coord>-39.0581817 -14.2130433 46.507</gx:coord>
<gx:coord>-39.0581817 -14.2130433 46.507</gx:coord>
<gx:coord>-39.0581817 -14.2130433 46.507</gx:coord>
<gx:coord>-39.0581817 -14.2130433 46.507</gx:coord>
<gx:coord>-39.0581817 -14.2130433 46.507</gx:coord>
<gx:coord>-39.0581817 -14.2130433 46.507</gx:coord>
<gx:coord>-39.0581817 -14.2130433 46.507</gx:coord>
<gx:coord>-39.0581817 -14.2130433 46.507</gx:coord>
<gx:coord>-39.0581817 -14.2130433 46.507</gx:coord>
<gx:coord>-39.0581817 -14.2130433 46.507</gx:coord>
<gx:coord>-39.0581817 -14.2130433 46.507</gx:coord>
<gx:coord>-39.0581817 -14.2130433 46.507</gx:coord>
<gx:coord>-39.0581817 -14.2130433 46.507</gx:coord>
<gx:coord>-39.0581817 -14.2130433 46.507</gx:coord>
<gx:coord>-39.0581817 -14.2130433 46.507</gx:coord>
<gx:coord>-39.0581817 -14.2130433 46.507</gx:coord>
<gx:coord>-39.0581817 -14.2130433 46.507</gx:coord>
<gx:coord>-39.0581817 -14.2130433 46.507</gx:coord>
<gx:coord>-39.0581817 -14.2130433 46.507</gx:coord>
<gx:coord>-39.0581817 -14.2130433 46.507</gx:coord>
<gx:coord>-39.0581817 -14.2130433 46.507</gx:coord>
<gx:coord>-39.0581833 -14.2129967 47.107</gx:coord>
<gx:coord>-39.058205 -14.21295 47.007</gx:coord>
<gx:coord>-39.0582083 -14.2129 46.407</gx:coord>
<gx:coord>-39.058215 -14.212885 45.507</gx:coord>
<gx:coord>-39.058215 -14.212885 45.507</gx:coord>
<gx:coord>-39.0582467 -14.2129083 48.207</gx:coord>
<gx:coord>-39.0582533 -14.21293 49.007</gx:coord>
<gx:coord>-39.0582683 -14.2129617 50.807</gx:coord>
<gx:coord>-39.058285 -14.2130033 49.607</gx:coord>
<gx:coord>-39.0582783 -14.2130067 48.607</gx:coord>
<gx:coord>-39.0582783 -14.2130067 48.607</gx:coord>
<gx:coord>-39.0582783 -14.2130067 48.607</gx:coord>
<gx:coord>-39.0582783 -14.2130067 48.607</gx:coord>
<gx:coord>-39.0582683 -14.2130067 47.307</gx:coord>
<gx:coord>-39.0582683 -14.2130067 47.307</gx:coord>
<gx:coord>-39.0582683 -14.2130067 47.307</gx:coord>
<gx:coord>-39.0582683 -14.2130067 47.307</gx:coord>
<gx:coord>-39.0582683 -14.2130067 47.307</gx:coord>
<gx:coord>-39.0582383 -14.21295 45.907</gx:coord>
<gx:coord>-39.0582383 -14.21295 46.707</gx:coord>
<gx:coord>-39.0582383 -14.21295 46.707</gx:coord>
<gx:coord>-39.0582383 -14.21295 46.707</gx:coord>
<gx:coord>-39.0582383 -14.21295 47.207</gx:coord>
<gx:coord>-39.0582383 -14.21295 47.107</gx:coord>
<gx:coord>-39.0582383 -14.21295 47.407</gx:coord>
<gx:coord>-39.0582383 -14.21295 49.007</gx:coord>
<gx:coord>-39.0582383 -14.21295 48.707</gx:coord>
<gx:coord>-39.0582383 -14.21295 49.707</gx:coord>
<gx:coord>-39.0582383 -14.21295 48.407</gx:coord>
<gx:coord>-39.0582383 -14.21295 47.907</gx:coord>
<gx:coord>-39.0582383 -14.21295 48.307</gx:coord>
<gx:coord>-39.0582383 -14.21295 48.307</gx:coord>
<gx:coord>-39.0582383 -14.21295 48.307</gx:coord>
<gx:coord>-39.0582383 -14.21295 48.307</gx:coord>
<gx:coord>-39.0582383 -14.21295 48.307</gx:coord>
<gx:coord>-39.0582383 -14.21295 48.307</gx:coord>
<gx:coord>-39.0582383 -14.21295 48.307</gx:coord>
<gx:coord>-39.0582383 -14.21295 48.307</gx:coord>
<gx:coord>-39.0582383 -14.21295 48.307</gx:coord>
<gx:coord>-39.0582383 -14.21295 48.307</gx:coord>
<gx:coord>-39.0582383 -14.21295 48.307</gx:coord>
<gx:coord>-39.0582383 -14.21295 48.307</gx:coord>
<gx:coord>-39.0582383 -14.21295 48.307</gx:coord>
<gx:coord>-39.0582383 -14.21295 48.307</gx:coord>
<gx:coord>-39.0582383 -14.21295 48.307</gx:coord>
<gx:coord>-39.0582383 -14.21295 49.907</gx:coord>
<gx:coord>-39.0582383 -14.21295 49.207</gx:coord>
<gx:coord>-39.0582383 -14.21295 49.207</gx:coord>
<gx:coord>-39.0582383 -14.21295 54.307</gx:coord>
<gx:coord>-39.0582383 -14.21295 55.707</gx:coord>
<gx:coord>-39.0582383 -14.21295 55.707</gx:coord>
<gx:coord>-39.0582383 -14.21295 55.707</gx:coord>
<gx:coord>-39.0582383 -14.21295 55.707</gx:coord>
<gx:coord>-39.0582383 -14.21295 55.707</gx:coord>
<gx:coord>-39.0582383 -14.21295 55.707</gx:coord>
<gx:coord>-39.0582383 -14.21295 55.707</gx:coord>
<gx:coord>-39.0582383 -14.21295 55.707</gx:coord>
<gx:coord>-39.0582383 -14.21295 55.707</gx:coord>
<gx:coord>-39.0582383 -14.21295 55.707</gx:coord>
<gx:coord>-39.0582383 -14.21295 55.707</gx:coord>
<gx:coord>-39.0582383 -14.21295 55.707</gx:coord>
<gx:coord>-39.0582383 -14.21295 54.807</gx:coord>
<gx:coord>-39.0582383 -14.21295 54.607</gx:coord>
<gx:coord>-39.0582383 -14.21295 55.307</gx:coord>
<gx:coord>-39.0582383 -14.21295 55.207</gx:coord>
<gx:coord>-39.0582383 -14.21295 55.207</gx:coord>
<gx:coord>-39.0582383 -14.21295 55.207</gx:coord>
<gx:coord>-39.0582383 -14.21295 55.207</gx:coord>
<gx:coord>-39.0582383 -14.21295 55.207</gx:coord>
<gx:coord>-39.0582383 -14.21295 55.207</gx:coord>
<gx:coord>-39.0582383 -14.21295 55.207</gx:coord>
<gx:coord>-39.0582383 -14.21295 55.207</gx:coord>
<gx:coord>-39.0582383 -14.21295 55.207</gx:coord>
<gx:coord>-39.0582383 -14.21295 55.207</gx:coord>
<gx:coord>-39.0582383 -14.21295 55.207</gx:coord>
<gx:coord>-39.0582383 -14.21295 55.207</gx:coord>
<gx:coord>-39.0582383 -14.21295 55.207</gx:coord>
<gx:coord>-39.0582383 -14.21295 52.907</gx:coord>
<gx:coord>-39.0582383 -14.21295 58.107</gx:coord>
<gx:coord>-39.0582383 -14.21295 56.507</gx:coord>
<gx:coord>-39.0582383 -14.21295 56.507</gx:coord>
<gx:coord>-39.0582383 -14.21295 51.707</gx:coord>
<gx:coord>-39.0582383 -14.21295 51.507</gx:coord>
<gx:coord>-39.0582383 -14.21295 52.907</gx:coord>
<gx:coord>-39.0582383 -14.21295 52.907</gx:coord>
<gx:coord>-39.0582383 -14.21295 52.907</gx:coord>
<gx:coord>-39.0582383 -14.21295 52.907</gx:coord>
<gx:coord>-39.0582383 -14.21295 52.907</gx:coord>
<gx:coord>-39.0582383 -14.21295 52.907</gx:coord>
<gx:coord>-39.0582383 -14.21295 52.907</gx:coord>
<gx:coord>-39.0582383 -14.21295 52.907</gx:coord>
<gx:coord>-39.0582383 -14.21295 52.907</gx:coord>
<gx:coord>-39.0582383 -14.21295 52.907</gx:coord>
<gx:coord>-39.0582383 -14.21295 52.907</gx:coord>
<gx:coord>-39.0582383 -14.21295 52.007</gx:coord>
<gx:coord>-39.0582383 -14.21295 52.207</gx:coord>
<gx:coord>-39.0582383 -14.21295 51.007</gx:coord>
<gx:coord>-39.0582383 -14.21295 48.707</gx:coord>
<gx:coord>-39.0582383 -14.21295 48.307</gx:coord>
<gx:coord>-39.0582383 -14.21295 48.307</gx:coord>
<gx:coord>-39.0582383 -14.21295 45.707</gx:coord>
<gx:coord>-39.0582383 -14.21295 47.807</gx:coord>
<gx:coord>-39.0582383 -14.21295 47.807</gx:coord>
<gx:coord>-39.0582383 -14.21295 47.807</gx:coord>
<gx:coord>-39.0582383 -14.21295 47.807</gx:coord>
<gx:coord>-39.0582383 -14.21295 47.807</gx:coord>
<gx:coord>-39.0582383 -14.21295 47.807</gx:coord>
<gx:coord>-39.0582383 -14.21295 47.807</gx:coord>
<gx:coord>-39.0582383 -14.21295 47.807</gx:coord>
<gx:coord>-39.0582383 -14.21295 47.807</gx:coord>
<gx:coord>-39.0582383 -14.21295 47.807</gx:coord>
<gx:coord>-39.0582383 -14.21295 47.807</gx:coord>
<gx:coord>-39.0582383 -14.21295 47.807</gx:coord>
<gx:coord>-39.0582383 -14.21295 47.807</gx:coord>
<gx:coord>-39.0582383 -14.21295 47.807</gx:coord>
<gx:coord>-39.0582383 -14.21295 47.807</gx:coord>
<gx:coord>-39.0582383 -14.21295 47.807</gx:coord>
<gx:coord>-39.0582383 -14.21295 47.807</gx:coord>
<gx:coord>-39.0582383 -14.21295 47.807</gx:coord>
<gx:coord>-39.0582383 -14.21295 47.807</gx:coord>
<gx:coord>-39.0582383 -14.21295 47.807</gx:coord>
<gx:coord>-39.0582383 -14.21295 47.807</gx:coord>
<gx:coord>-39.0582383 -14.21295 47.807</gx:coord>
<gx:coord>-39.0582383 -14.21295 47.807</gx:coord>
<gx:coord>-39.0582383 -14.21295 53.207</gx:coord>
<gx:coord>-39.0582383 -14.21295 52.707</gx:coord>
<gx:coord>-39.0582383 -14.21295 52.707</gx:coord>
<gx:coord>-39.0582383 -14.21295 52.707</gx:coord>
<gx:coord>-39.0582383 -14.21295 52.707</gx:coord>
<gx:coord>-39.0582383 -14.21295 52.707</gx:coord>
<gx:coord>-39.0582383 -14.21295 52.707</gx:coord>
<gx:coord>-39.0582383 -14.21295 52.707</gx:coord>
<gx:coord>-39.0582383 -14.21295 52.707</gx:coord>
<gx:coord>-39.0582383 -14.21295 52.707</gx:coord>
<gx:coord>-39.0582383 -14.21295 52.707</gx:coord>
<gx:coord>-39.0582383 -14.21295 52.707</gx:coord>
<gx:coord>-39.0582383 -14.21295 50.007</gx:coord>
<gx:coord>-39.0582383 -14.21295 50.007</gx:coord>
<gx:coord>-39.0582383 -14.21295 49.407</gx:coord>
<gx:coord>-39.0582383 -14.21295 49.207</gx:coord>
<gx:coord>-39.0582383 -14.21295 49.207</gx:coord>
<gx:coord>-39.0582383 -14.21295 49.207</gx:coord>
<gx:coord>-39.0582383 -14.21295 49.207</gx:coord>
<gx:coord>-39.0582383 -14.21295 49.207</gx:coord>
<gx:coord>-39.0582383 -14.21295 49.207</gx:coord>
<gx:coord>-39.0582383 -14.21295 49.207</gx:coord>
<gx:coord>-39.0582383 -14.21295 49.207</gx:coord>
<gx:coord>-39.0582383 -14.21295 46.707</gx:coord>
<gx:coord>-39.0582383 -14.21295 46.707</gx:coord>
<gx:coord>-39.0582383 -14.21295 47.407</gx:coord>
<gx:coord>-39.0582383 -14.21295 46.707</gx:coord>
<gx:coord>-39.0582383 -14.21295 46.507</gx:coord>
<gx:coord>-39.0582383 -14.21295 46.507</gx:coord>
<gx:coord>-39.0582383 -14.21295 46.507</gx:coord>
<gx:coord>-39.0582383 -14.21295 46.507</gx:coord>
<gx:coord>-39.0582383 -14.21295 46.507</gx:coord>
<gx:coord>-39.0582383 -14.21295 46.507</gx:coord>
<gx:coord>-39.0582383 -14.21295 46.507</gx:coord>
<gx:coord>-39.0582383 -14.21295 46.507</gx:coord>
<gx:coord>-39.0582383 -14.21295 46.507</gx:coord>
<gx:coord>-39.0582383 -14.21295 46.507</gx:coord>
<gx:coord>-39.0582383 -14.21295 46.507</gx:coord>
<gx:coord>-39.0582383 -14.21295 46.507</gx:coord>
<gx:coord>-39.0582383 -14.21295 46.507</gx:coord>
<gx:coord>-39.0582383 -14.21295 46.507</gx:coord>
<gx:coord>-39.0582383 -14.21295 46.507</gx:coord>
<gx:coord>-39.0582383 -14.21295 46.507</gx:coord>
<gx:coord>-39.0582383 -14.21295 46.507</gx:coord>
<gx:coord>-39.0582383 -14.21295 46.507</gx:coord>
<gx:coord>-39.0582383 -14.21295 48.407</gx:coord>
<gx:coord>-39.0582383 -14.21295 48.307</gx:coord>
<gx:coord>-39.0582383 -14.21295 47.507</gx:coord>
<gx:coord>-39.0582383 -14.21295 47.507</gx:coord>
<gx:coord>-39.0582383 -14.21295 47.807</gx:coord>
<gx:coord>-39.0582383 -14.21295 47.807</gx:coord>
<gx:coord>-39.0582383 -14.21295 47.807</gx:coord>
<gx:coord>-39.0582383 -14.21295 49.607</gx:coord>
<gx:coord>-39.0582383 -14.21295 49.507</gx:coord>
<gx:coord>-39.0582383 -14.21295 49.807</gx:coord>
<gx:coord>-39.0582383 -14.21295 49.807</gx:coord>
<gx:coord>-39.0582383 -14.21295 49.807</gx:coord>
<gx:coord>-39.0582383 -14.21295 49.807</gx:coord>
<gx:coord>-39.0582383 -14.21295 49.807</gx:coord>
<gx:coord>-39.0582383 -14.21295 49.807</gx:coord>
<gx:coord>-39.0582383 -14.21295 49.807</gx:coord>
<gx:coord>-39.0582383 -14.21295 49.807</gx:coord>
<gx:coord>-39.0582383 -14.21295 49.807</gx:coord>
<gx:coord>-39.0582383 -14.21295 49.807</gx:coord>
<gx:coord>-39.0582383 -14.21295 49.807</gx:coord>
<gx:coord>-39.0582383 -14.21295 49.807</gx:coord>
<gx:coord>-39.0582383 -14.21295 49.807</gx:coord>
<gx:coord>-39.0582383 -14.21295 47.707</gx:coord>
<gx:coord>-39.0582383 -14.21295 49.707</gx:coord>
<gx:coord>-39.0582383 -14.21295 49.707</gx:coord>
<gx:coord>-39.0582383 -14.21295 49.707</gx:coord>
<gx:coord>-39.0582383 -14.21295 52.707</gx:coord>
<gx:coord>-39.0582383 -14.21295 52.907</gx:coord>
<gx:coord>-39.0582383 -14.21295 52.907</gx:coord>
<gx:coord>-39.0582383 -14.21295 48.107</gx:coord>
<gx:coord>-39.0582383 -14.21295 48.007</gx:coord>
<gx:coord>-39.0582383 -14.21295 47.907</gx:coord>
<gx:coord>-39.0582383 -14.21295 47.907</gx:coord>
<gx:coord>-39.0582383 -14.21295 47.907</gx:coord>
<gx:coord>-39.0582383 -14.21295 49.507</gx:coord>
<gx:coord>-39.0582383 -14.21295 49.607</gx:coord>
<gx:coord>-39.0582383 -14.21295 49.607</gx:coord>
<gx:coord>-39.0582383 -14.21295 49.607</gx:coord>
<gx:coord>-39.0582383 -14.21295 49.207</gx:coord>
<gx:coord>-39.0582383 -14.21295 49.307</gx:coord>
<gx:coord>-39.0582383 -14.21295 51.007</gx:coord>
<gx:coord>-39.0582083 -14.212965 51.307</gx:coord>
<gx:coord>-39.0582167 -14.2130133 50.107</gx:coord>
<gx:coord>-39.0582183 -14.2130617 49.307</gx:coord>
<gx:coord>-39.0582133 -14.2130917 47.507</gx:coord>
<gx:coord>-39.0582133 -14.2130917 47.507</gx:coord>
<gx:coord>-39.0582133 -14.2130917 47.507</gx:coord>
<gx:coord>-39.0582133 -14.2130917 47.507</gx:coord>
<gx:coord>-39.05822 -14.2129917 47.107</gx:coord>
<gx:coord>-39.0582267 -14.21299 47.007</gx:coord>
<gx:coord>-39.05823 -14.2129417 46.907</gx:coord>
<gx:coord>-39.0582 -14.2128983 47.807</gx:coord>
<gx:coord>-39.0581933 -14.212885 47.607</gx:coord>
<gx:coord>-39.0581117 -14.2128417 47.507</gx:coord>
<gx:coord>-39.0580933 -14.2128133 46.507</gx:coord>
<gx:coord>-39.05809 -14.2128133 46.407</gx:coord>
<gx:coord>-39.05809 -14.2128133 46.407</gx:coord>
<gx:coord>-39.058035 -14.21275 44.407</gx:coord>
<gx:coord>-39.0579867 -14.2127417 42.607</gx:coord>
<gx:coord>-39.05794 -14.21273 42.107</gx:coord>
<gx:coord>-39.05794 -14.21273 42.007</gx:coord>
<gx:coord>-39.05794 -14.21273 40.907</gx:coord>
<gx:coord>-39.057905 -14.2127333 39.007</gx:coord>
<gx:coord>-39.057855 -14.2127117 39.107</gx:coord>
<gx:coord>-39.0578067 -14.2127017 38.707</gx:coord>
<gx:coord>-39.05776 -14.2127083 38.807</gx:coord>
<gx:coord>-39.0577517 -14.21276 38.607</gx:coord>
<gx:coord>-39.057715 -14.212805 40.207</gx:coord>
<gx:coord>-39.0576817 -14.2128367 40.107</gx:coord>
<gx:coord>-39.0576717 -14.2128883 40.607</gx:coord>
<gx:coord>-39.05771 -14.2129183 38.707</gx:coord>
<gx:coord>-39.0577083 -14.21296 35.407</gx:coord>
<gx:coord>-39.05771 -14.213005 33.907</gx:coord>
<gx:coord>-39.05771 -14.213005 35.007</gx:coord>
<gx:coord>-39.05771 -14.213005 34.707</gx:coord>
<gx:coord>-39.05771 -14.213005 34.707</gx:coord>
<gx:coord>-39.05771 -14.213005 34.707</gx:coord>
<gx:coord>-39.057755 -14.2130033 30.207</gx:coord>
<gx:coord>-39.0577667 -14.2130483 29.307</gx:coord>
<gx:coord>-39.0577667 -14.213095 28.507</gx:coord>
<gx:coord>-39.05779 -14.2131017 27.407</gx:coord>
<gx:coord>-39.05779 -14.2131017 27.407</gx:coord>
<gx:coord>-39.05779 -14.2131017 27.407</gx:coord>
<gx:coord>-39.0577783 -14.2131333 24.007</gx:coord>
<gx:coord>-39.0577767 -14.21318 24.407</gx:coord>
<gx:coord>-39.0578033 -14.2132183 23.407</gx:coord>
<gx:coord>-39.05785 -14.2132333 22.307</gx:coord>
<gx:coord>-39.0578983 -14.2132333 21.407</gx:coord>
<gx:coord>-39.0579333 -14.2132667 22.407</gx:coord>
<gx:coord>-39.0579733 -14.2132867 24.307</gx:coord>
<gx:coord>-39.057985 -14.213305 27.507</gx:coord>
<gx:coord>-39.057935 -14.2133217 27.907</gx:coord>
<gx:coord>-39.0578933 -14.21335 28.007</gx:coord>
<gx:coord>-39.0578583 -14.2133767 26.007</gx:coord>
<gx:coord>-39.0578583 -14.213385 25.707</gx:coord>
<gx:coord>-39.0578833 -14.213425 24.007</gx:coord>
<gx:coord>-39.05787 -14.2134683 23.107</gx:coord>
<gx:coord>-39.0578667 -14.2135133 21.807</gx:coord>
<gx:coord>-39.057885 -14.2135467 19.007</gx:coord>
<gx:coord>-39.0578883 -14.2135967 17.207</gx:coord>
<gx:coord>-39.0578967 -14.2136133 14.907</gx:coord>
<gx:coord>-39.0578983 -14.213665 14.207</gx:coord>
<gx:coord>-39.0579067 -14.2137167 12.507</gx:coord>
<gx:coord>-39.0579183 -14.2137683 11.807</gx:coord>
<gx:coord>-39.0579233 -14.2138167 12.007</gx:coord>
<gx:coord>-39.0579183 -14.2138633 11.307</gx:coord>
<gx:coord>-39.0579183 -14.2139067 9.307</gx:coord>
<gx:coord>-39.0579417 -14.2139483 7.907</gx:coord>
<gx:coord>-39.0579833 -14.2139867 7.408</gx:coord>
<gx:coord>-39.05803 -14.213995 6.507</gx:coord>
<gx:coord>-39.05808 -14.2139933 3.707</gx:coord>
<gx:coord>-39.0581233 -14.2139833 0.807</gx:coord>
<gx:coord>-39.0581733 -14.2139767 -2.093</gx:coord>
<gx:coord>-39.05822 -14.2139583 -3.093</gx:coord>
<gx:coord>-39.0582367 -14.2139933 -5.793</gx:coord>
<gx:coord>-39.0582667 -14.2140267 -7.593</gx:coord>
<gx:coord>-39.0583067 -14.2140617 -8.693</gx:coord>
<gx:coord>-39.058355 -14.2140917 -7.793</gx:coord>
<gx:coord>-39.0583833 -14.21414 -8.092</gx:coord>
<gx:coord>-39.058395 -14.2141917 -8.092</gx:coord>
<gx:coord>-39.0584017 -14.2142367 -8.092</gx:coord>
<gx:coord>-39.0584117 -14.2142883 -8.092</gx:coord>
<gx:coord>-39.0584283 -14.2143367 -7.692</gx:coord>
<gx:coord>-39.0584367 -14.214385 -6.792</gx:coord>
<gx:coord>-39.0584483 -14.2144283 -5.792</gx:coord>
<gx:coord>-39.05845 -14.21448 -5.992</gx:coord>
<gx:coord>-39.058475 -14.2145217 -5.592</gx:coord>
<gx:coord>-39.05851 -14.2145633 -5.092</gx:coord>
<gx:coord>-39.058535 -14.2146167 -4.692</gx:coord>
<gx:coord>-39.0585567 -14.214665 -4.392</gx:coord>
<gx:coord>-39.05858 -14.2147067 -5.392</gx:coord>
<gx:coord>-39.0586133 -14.2147383 -7.092</gx:coord>
<gx:coord>-39.0586567 -14.2147683 -7.592</gx:coord>
<gx:coord>-39.0586983 -14.2147983 -8.392</gx:coord>
<gx:coord>-39.0587283 -14.214835 -8.692</gx:coord>
<gx:coord>-39.0587733 -14.214865 -7.892</gx:coord>
<gx:coord>-39.0588 -14.2149083 -7.292</gx:coord>
<gx:coord>-39.0587967 -14.2149567 -7.292</gx:coord>
<gx:coord>-39.0588117 -14.215005 -5.992</gx:coord>
<gx:coord>-39.0588067 -14.2149917 -4.392</gx:coord>
<gx:coord>-39.0588 -14.2149683 -6.392</gx:coord>
<gx:coord>-39.0588483 -14.2149283 -6.192</gx:coord>
<gx:coord>-39.0588917 -14.2149117 -6.492</gx:coord>
<gx:coord>-39.0589583 -14.2148933 -5.892</gx:coord>
<gx:coord>-39.0590483 -14.2148967 -6.192</gx:coord>
<gx:coord>-39.05912 -14.21489 -7.092</gx:coord>
<gx:coord>-39.05921 -14.2148917 -8.192</gx:coord>
<gx:coord>-39.059305 -14.214905 -6.892</gx:coord>
<gx:coord>-39.05941 -14.2149233 -4.792</gx:coord>
<gx:coord>-39.0595733 -14.2149433 -6.192</gx:coord>
<gx:coord>-39.05974 -14.2149767 -7.992</gx:coord>
<gx:coord>-39.0599217 -14.2150133 -10.792</gx:coord>
<gx:coord>-39.060095 -14.21505 -11.392</gx:coord>
<gx:coord>-39.0602583 -14.2150933 -11.892</gx:coord>
<gx:coord>-39.0604317 -14.215135 -11.792</gx:coord>
<gx:coord>-39.0606267 -14.215245 -8.692</gx:coord>
<gx:coord>-39.06084 -14.2152717 -9.692</gx:coord>
<gx:coord>-39.0610367 -14.2152683 -12.292</gx:coord>
<gx:coord>-39.0612033 -14.2153017 -16.292</gx:coord>
<gx:coord>-39.061325 -14.21532 -18.293</gx:coord>
<gx:coord>-39.0613633 -14.2153583 -12.392</gx:coord>
<gx:coord>-39.0614183 -14.2153717 -11.793</gx:coord>
<gx:coord>-39.0614783 -14.2153767 -10.993</gx:coord>
<gx:coord>-39.061555 -14.2154067 -11.593</gx:coord>
<gx:coord>-39.06166 -14.2154367 -11.493</gx:coord>
<gx:coord>-39.0617767 -14.2154833 -10.893</gx:coord>
<gx:coord>-39.0618867 -14.2155217 -9.093</gx:coord>
<gx:coord>-39.0619883 -14.2155783 -8.893</gx:coord>
<gx:coord>-39.062095 -14.2156617 -9.192</gx:coord>
<gx:coord>-39.06219 -14.2157433 -9.792</gx:coord>
<gx:coord>-39.06229 -14.2158183 -9.192</gx:coord>
<gx:coord>-39.0624217 -14.2158817 -8.592</gx:coord>
<gx:coord>-39.06257 -14.2159583 -8.392</gx:coord>
<gx:coord>-39.0627367 -14.2160117 -9.292</gx:coord>
<gx:coord>-39.0629067 -14.2160633 -7.092</gx:coord>
<gx:coord>-39.063065 -14.216105 -4.092</gx:coord>
<gx:coord>-39.0632667 -14.2161517 -4.192</gx:coord>
<gx:coord>-39.063475 -14.2162033 -1.393</gx:coord>
<gx:coord>-39.0637 -14.2162983 -0.793</gx:coord>
<gx:coord>-39.0639217 -14.2163733 0.307</gx:coord>
<gx:coord>-39.0641233 -14.2164433 2.907</gx:coord>
<gx:coord>-39.064325 -14.2165217 5.807</gx:coord>
<gx:coord>-39.064505 -14.21658 5.107</gx:coord>
<gx:coord>-39.0646417 -14.216625 4.707</gx:coord>
<gx:coord>-39.06477 -14.21666 4.707</gx:coord>
<gx:coord>-39.0648867 -14.2167 5.607</gx:coord>
<gx:coord>-39.0650117 -14.216745 6.307</gx:coord>
<gx:coord>-39.0651167 -14.216785 6.707</gx:coord>
<gx:coord>-39.0652217 -14.216825 6.207</gx:coord>
<gx:coord>-39.0653267 -14.2168633 6.207</gx:coord>
<gx:coord>-39.065445 -14.216905 7.007</gx:coord>
<gx:coord>-39.065555 -14.2169333 8.707</gx:coord>
<gx:coord>-39.06566 -14.2169667 9.307</gx:coord>
<gx:coord>-39.0657917 -14.2170117 11.807</gx:coord>
<gx:coord>-39.06592 -14.217065 13.207</gx:coord>
<gx:coord>-39.066045 -14.21711 13.207</gx:coord>
<gx:coord>-39.0661767 -14.2171533 14.207</gx:coord>
<gx:coord>-39.0663167 -14.217195 15.307</gx:coord>
<gx:coord>-39.0664417 -14.2172383 16.307</gx:coord>
<gx:coord>-39.0665333 -14.2172633 14.807</gx:coord>
<gx:coord>-39.0666117 -14.21728 12.107</gx:coord>
<gx:coord>-39.066695 -14.2172917 10.707</gx:coord>
<gx:coord>-39.0668067 -14.2173083 11.707</gx:coord>
<gx:coord>-39.0669483 -14.2173117 9.507</gx:coord>
<gx:coord>-39.0671017 -14.2173083 3.807</gx:coord>
<gx:coord>-39.0672517 -14.2173217 3.707</gx:coord>
<gx:coord>-39.0673817 -14.2173883 2.607</gx:coord>
<gx:coord>-39.067535 -14.2174217 2.807</gx:coord>
<gx:coord>-39.0676733 -14.217475 6.107</gx:coord>
<gx:coord>-39.067795 -14.217515 6.207</gx:coord>
<gx:coord>-39.0678933 -14.2175417 6.307</gx:coord>
<gx:coord>-39.0680517 -14.2175383 8.107</gx:coord>
<gx:coord>-39.0682083 -14.2175417 8.507</gx:coord>
<gx:coord>-39.0684233 -14.2176217 9.007</gx:coord>
<gx:coord>-39.06858 -14.2176917 9.607</gx:coord>
<gx:coord>-39.0687483 -14.21775 9.507</gx:coord>
<gx:coord>-39.068925 -14.21778 9.507</gx:coord>
<gx:coord>-39.0691017 -14.2177617 9.507</gx:coord>
<gx:coord>-39.0692817 -14.2177783 9.507</gx:coord>
<gx:coord>-39.069445 -14.2177967 9.607</gx:coord>
<gx:coord>-39.069605 -14.21785 9.607</gx:coord>
<gx:coord>-39.0701283 -14.2181767 10.007</gx:coord>
<gx:coord>-39.07 -14.2184017 10.407</gx:coord>
<gx:coord>-39.070075 -14.2183733 11.007</gx:coord>
<gx:coord>-39.070175 -14.21837 11.107</gx:coord>
<gx:coord>-39.0702917 -14.2183367 11.607</gx:coord>
<gx:coord>-39.0704067 -14.2183283 11.607</gx:coord>
<gx:coord>-39.0705267 -14.21836 12.007</gx:coord>
<gx:coord>-39.0706367 -14.218405 11.607</gx:coord>
<gx:coord>-39.0707483 -14.2184667 11.507</gx:coord>
<gx:coord>-39.0708383 -14.2185683 13.007</gx:coord>
<gx:coord>-39.0709083 -14.2186733 12.507</gx:coord>
<gx:coord>-39.0709733 -14.218785 10.907</gx:coord>
<gx:coord>-39.0710283 -14.21886 10.407</gx:coord>
<gx:coord>-39.0710983 -14.218925 19.407</gx:coord>
<gx:coord>-39.0712267 -14.2189583 24.607</gx:coord>
<gx:coord>-39.07138 -14.2189733 28.807</gx:coord>
<gx:coord>-39.0715317 -14.2190333 29.007</gx:coord>
<gx:coord>-39.0716817 -14.2191017 28.207</gx:coord>
<gx:coord>-39.07185 -14.2191733 26.007</gx:coord>
<gx:coord>-39.0720083 -14.219245 22.607</gx:coord>
<gx:coord>-39.07216 -14.219295 21.507</gx:coord>
<gx:coord>-39.0723133 -14.21935 20.907</gx:coord>
<gx:coord>-39.07248 -14.2194017 20.107</gx:coord>
<gx:coord>-39.07264 -14.2194533 19.607</gx:coord>
<gx:coord>-39.0727817 -14.2195083 20.607</gx:coord>
<gx:coord>-39.0729133 -14.2195517 20.907</gx:coord>
<gx:coord>-39.0730367 -14.219595 20.407</gx:coord>
<gx:coord>-39.073175 -14.2196517 21.707</gx:coord>
<gx:coord>-39.0733267 -14.2196983 23.107</gx:coord>
<gx:coord>-39.0735083 -14.2197517 23.507</gx:coord>
<gx:coord>-39.073665 -14.2197983 23.807</gx:coord>
<gx:coord>-39.0738133 -14.2198733 21.607</gx:coord>
<gx:coord>-39.0739483 -14.21994 20.807</gx:coord>
<gx:coord>-39.0740917 -14.2199917 22.107</gx:coord>
<gx:coord>-39.0742433 -14.220045 24.107</gx:coord>
<gx:coord>-39.0744017 -14.2201017 23.407</gx:coord>
<gx:coord>-39.07456 -14.2201583 23.007</gx:coord>
<gx:coord>-39.0747283 -14.2202233 23.407</gx:coord>
<gx:coord>-39.0748833 -14.22031 22.307</gx:coord>
<gx:coord>-39.0750233 -14.220425 23.707</gx:coord>
<gx:coord>-39.0751917 -14.22053 24.707</gx:coord>
<gx:coord>-39.075365 -14.2206317 23.907</gx:coord>
<gx:coord>-39.07554 -14.22076 23.907</gx:coord>
<gx:coord>-39.0756967 -14.2208833 24.707</gx:coord>
<gx:coord>-39.0758483 -14.2210083 25.107</gx:coord>
<gx:coord>-39.0760133 -14.2211233 25.107</gx:coord>
<gx:coord>-39.0761833 -14.2212383 24.207</gx:coord>
<gx:coord>-39.0763267 -14.2213417 25.307</gx:coord>
<gx:coord>-39.076435 -14.221425 25.707</gx:coord>
<gx:coord>-39.0765217 -14.2215167 25.407</gx:coord>
<gx:coord>-39.076625 -14.2216017 25.108</gx:coord>
<gx:coord>-39.076735 -14.221685 25.808</gx:coord>
<gx:coord>-39.07686 -14.2217617 26.008</gx:coord>
<gx:coord>-39.077035 -14.22189 20.308</gx:coord>
<gx:coord>-39.0771983 -14.2220083 20.908</gx:coord>
<gx:coord>-39.07737 -14.2221167 21.308</gx:coord>
<gx:coord>-39.0775483 -14.2222067 18.808</gx:coord>
<gx:coord>-39.0777317 -14.2222783 18.408</gx:coord>
<gx:coord>-39.077915 -14.2223367 19.008</gx:coord>
<gx:coord>-39.07809 -14.2223533 16.908</gx:coord>
<gx:coord>-39.0782633 -14.22241 18.808</gx:coord>
<gx:coord>-39.0784467 -14.222445 19.508</gx:coord>
<gx:coord>-39.07864 -14.2224367 20.008</gx:coord>
<gx:coord>-39.0788333 -14.2223767 20.307</gx:coord>
<gx:coord>-39.07901 -14.222295 19.907</gx:coord>
<gx:coord>-39.07918 -14.2222267 19.707</gx:coord>
<gx:coord>-39.0793467 -14.2221517 18.707</gx:coord>
<gx:coord>-39.0795217 -14.22206 15.807</gx:coord>
<gx:coord>-39.0796867 -14.22198 13.607</gx:coord>
<gx:coord>-39.07983 -14.2219183 11.907</gx:coord>
<gx:coord>-39.079975 -14.221845 12.007</gx:coord>
<gx:coord>-39.080125 -14.22179 13.607</gx:coord>
<gx:coord>-39.0802617 -14.221715 13.007</gx:coord>
<gx:coord>-39.0803833 -14.221655 11.207</gx:coord>
<gx:coord>-39.0804983 -14.2216117 8.506</gx:coord>
<gx:coord>-39.0806267 -14.2215433 8.006</gx:coord>
<gx:coord>-39.0807767 -14.2214667 7.806</gx:coord>
<gx:coord>-39.080925 -14.221385 7.406</gx:coord>
<gx:coord>-39.0810767 -14.2213133 8.206</gx:coord>
<gx:coord>-39.081225 -14.221255 9.106</gx:coord>
<gx:coord>-39.0813683 -14.2212 13.206</gx:coord>
<gx:coord>-39.081505 -14.2211267 14.906</gx:coord>
<gx:coord>-39.081625 -14.221045 16.606</gx:coord>
<gx:coord>-39.0817483 -14.2209417 17.406</gx:coord>
<gx:coord>-39.0818367 -14.2208267 18.206</gx:coord>
<gx:coord>-39.0819217 -14.2206767 17.905</gx:coord>
<gx:coord>-39.082005 -14.2205267 16.905</gx:coord>
<gx:coord>-39.0820867 -14.2203783 17.205</gx:coord>
<gx:coord>-39.0821633 -14.22023 17.705</gx:coord>
<gx:coord>-39.082245 -14.2200933 18.805</gx:coord>
<gx:coord>-39.0823433 -14.2199767 19.705</gx:coord>
<gx:coord>-39.0824467 -14.2198633 19.905</gx:coord>
<gx:coord>-39.0825633 -14.2197617 19.905</gx:coord>
<gx:coord>-39.08269 -14.21969 20.805</gx:coord>
<gx:coord>-39.0828183 -14.2196217 23.805</gx:coord>
<gx:coord>-39.0829517 -14.219545 27.404</gx:coord>
<gx:coord>-39.0830833 -14.2194833 30.304</gx:coord>
<gx:coord>-39.0832033 -14.21941 29.304</gx:coord>
<gx:coord>-39.0833317 -14.21935 27.804</gx:coord>
<gx:coord>-39.0834667 -14.2192817 22.404</gx:coord>
<gx:coord>-39.083605 -14.219195 19.804</gx:coord>
<gx:coord>-39.0837417 -14.21913 21.004</gx:coord>
<gx:coord>-39.0838833 -14.2190683 21.304</gx:coord>
<gx:coord>-39.08404 -14.2190133 21.004</gx:coord>
<gx:coord>-39.084195 -14.2189617 20.204</gx:coord>
<gx:coord>-39.0843583 -14.218935 20.404</gx:coord>
<gx:coord>-39.0845267 -14.218925 21.404</gx:coord>
<gx:coord>-39.084665 -14.2189133 24.404</gx:coord>
<gx:coord>-39.084815 -14.2189017 24.003</gx:coord>
<gx:coord>-39.084945 -14.2188933 24.703</gx:coord>
<gx:coord>-39.0850933 -14.2188817 25.603</gx:coord>
<gx:coord>-39.0852417 -14.218865 26.403</gx:coord>
<gx:coord>-39.0853917 -14.2188533 27.803</gx:coord>
<gx:coord>-39.0855467 -14.2188433 26.003</gx:coord>
<gx:coord>-39.0857117 -14.2188317 26.403</gx:coord>
<gx:coord>-39.08587 -14.2188267 24.303</gx:coord>
<gx:coord>-39.0860317 -14.2188267 22.503</gx:coord>
<gx:coord>-39.0862017 -14.2188267 21.903</gx:coord>
<gx:coord>-39.0863733 -14.2188217 21.303</gx:coord>
<gx:coord>-39.0865567 -14.2188167 21.803</gx:coord>
<gx:coord>-39.08675 -14.2188033 22.203</gx:coord>
<gx:coord>-39.0869433 -14.2187883 21.003</gx:coord>
<gx:coord>-39.0871183 -14.2187783 21.703</gx:coord>
<gx:coord>-39.087285 -14.2187717 22.303</gx:coord>
<gx:coord>-39.0874167 -14.2187667 21.703</gx:coord>
<gx:coord>-39.0875467 -14.2187733 21.003</gx:coord>
<gx:coord>-39.0876833 -14.2187667 20.203</gx:coord>
<gx:coord>-39.0878217 -14.2187567 20.303</gx:coord>
<gx:coord>-39.087965 -14.2187433 19.703</gx:coord>
<gx:coord>-39.08812 -14.2187383 19.102</gx:coord>
<gx:coord>-39.0882467 -14.2187267 15.502</gx:coord>
<gx:coord>-39.0883517 -14.2187283 13.702</gx:coord>
<gx:coord>-39.08847 -14.2187617 13.802</gx:coord>
<gx:coord>-39.088585 -14.21882 12.402</gx:coord>
<gx:coord>-39.088695 -14.218885 12.402</gx:coord>
<gx:coord>-39.08881 -14.2189617 14.502</gx:coord>
<gx:coord>-39.0889233 -14.2190517 16.402</gx:coord>
<gx:coord>-39.089025 -14.2191433 18.002</gx:coord>
<gx:coord>-39.089125 -14.21924 20.903</gx:coord>
<gx:coord>-39.0892283 -14.2193117 23.603</gx:coord>
<gx:coord>-39.0893233 -14.21937 24.303</gx:coord>
<gx:coord>-39.08942 -14.2194167 24.303</gx:coord>
<gx:coord>-39.0895067 -14.2194667 25.003</gx:coord>
<gx:coord>-39.08959 -14.21952 25.303</gx:coord>
<gx:coord>-39.0896617 -14.2195683 26.203</gx:coord>
<gx:coord>-39.0897183 -14.2196117 30.503</gx:coord>
<gx:coord>-39.0897833 -14.2196533 31.803</gx:coord>
<gx:coord>-39.0898233 -14.219675 33.003</gx:coord>
<gx:coord>-39.089855 -14.219725 33.503</gx:coord>
<gx:coord>-39.08991 -14.2197733 33.803</gx:coord>
<gx:coord>-39.08996 -14.2198217 33.603</gx:coord>
<gx:coord>-39.0900233 -14.21987 34.203</gx:coord>
<gx:coord>-39.0900767 -14.2199117 36.103</gx:coord>
<gx:coord>-39.0901167 -14.219945 38.003</gx:coord>
<gx:coord>-39.0901883 -14.219985 39.203</gx:coord>
<gx:coord>-39.09025 -14.22002 39.803</gx:coord>
<gx:coord>-39.0903383 -14.22006 40.703</gx:coord>
<gx:coord>-39.09051 -14.2200917 42.303</gx:coord>
<gx:coord>-39.090585 -14.2201133 43.003</gx:coord>
<gx:coord>-39.0906567 -14.2201283 42.403</gx:coord>
<gx:coord>-39.0907417 -14.2201383 41.503</gx:coord>
<gx:coord>-39.0908833 -14.2201483 35.103</gx:coord>
<gx:coord>-39.090945 -14.2201583 36.903</gx:coord>
<gx:coord>-39.0910217 -14.220165 39.303</gx:coord>
<gx:coord>-39.0911183 -14.2201633 40.603</gx:coord>
<gx:coord>-39.091225 -14.2201683 42.403</gx:coord>
<gx:coord>-39.0913367 -14.220175 44.103</gx:coord>
<gx:coord>-39.09145 -14.22017 46.403</gx:coord>
<gx:coord>-39.0915617 -14.2201517 47.902</gx:coord>
<gx:coord>-39.0916833 -14.22014 49.302</gx:coord>
<gx:coord>-39.0918133 -14.2201533 48.202</gx:coord>
<gx:coord>-39.091935 -14.2201667 46.702</gx:coord>
<gx:coord>-39.09205 -14.2201917 45.802</gx:coord>
<gx:coord>-39.092165 -14.2202383 45.402</gx:coord>
<gx:coord>-39.0922667 -14.2203017 45.902</gx:coord>
<gx:coord>-39.0923767 -14.22038 48.002</gx:coord>
<gx:coord>-39.09247 -14.22046 48.802</gx:coord>
<gx:coord>-39.09254 -14.22055 50.802</gx:coord>
<gx:coord>-39.0926067 -14.2206433 54.303</gx:coord>
<gx:coord>-39.0926633 -14.2207467 57.403</gx:coord>
<gx:coord>-39.0927117 -14.22085 58.203</gx:coord>
<gx:coord>-39.092765 -14.22095 57.403</gx:coord>
<gx:coord>-39.0928167 -14.2210517 59.703</gx:coord>
<gx:coord>-39.0928683 -14.221155 61.803</gx:coord>
<gx:coord>-39.092915 -14.2212517 62.303</gx:coord>
<gx:coord>-39.0929783 -14.221365 63.103</gx:coord>
<gx:coord>-39.093035 -14.221475 63.603</gx:coord>
<gx:coord>-39.09309 -14.221585 64.203</gx:coord>
<gx:coord>-39.09314 -14.2216933 64.903</gx:coord>
<gx:coord>-39.0931883 -14.2218017 65.103</gx:coord>
<gx:coord>-39.0932233 -14.2219083 65.803</gx:coord>
<gx:coord>-39.0932383 -14.2220167 66.703</gx:coord>
<gx:coord>-39.09324 -14.222135 64.803</gx:coord>
<gx:coord>-39.0932233 -14.2222717 62.103</gx:coord>
<gx:coord>-39.0931967 -14.2224017 60.404</gx:coord>
<gx:coord>-39.093165 -14.222545 61.204</gx:coord>
<gx:coord>-39.09313 -14.2226883 60.704</gx:coord>
<gx:coord>-39.093095 -14.222825 60.204</gx:coord>
<gx:coord>-39.0930483 -14.2229667 59.104</gx:coord>
<gx:coord>-39.09301 -14.2230833 58.204</gx:coord>
<gx:coord>-39.0929867 -14.2232033 58.604</gx:coord>
<gx:coord>-39.0929967 -14.2233233 56.804</gx:coord>
<gx:coord>-39.0930033 -14.2234367 56.304</gx:coord>
<gx:coord>-39.093025 -14.2235517 56.804</gx:coord>
<gx:coord>-39.093055 -14.22367 55.904</gx:coord>
<gx:coord>-39.093075 -14.2237867 53.805</gx:coord>
<gx:coord>-39.0931133 -14.2239133 54.505</gx:coord>
<gx:coord>-39.09317 -14.2240333 54.505</gx:coord>
<gx:coord>-39.0932383 -14.2241517 55.605</gx:coord>
<gx:coord>-39.0932967 -14.2242633 55.805</gx:coord>
<gx:coord>-39.0933567 -14.224365 56.805</gx:coord>
<gx:coord>-39.09341 -14.2244667 59.805</gx:coord>
<gx:coord>-39.0934467 -14.2245783 59.705</gx:coord>
<gx:coord>-39.0934767 -14.2246917 59.305</gx:coord>
<gx:coord>-39.0935233 -14.2248133 60.505</gx:coord>
<gx:coord>-39.0935733 -14.22493 61.305</gx:coord>
<gx:coord>-39.0936233 -14.22505 61.305</gx:coord>
<gx:coord>-39.0936717 -14.2251733 61.705</gx:coord>
<gx:coord>-39.0936783 -14.2252933 59.405</gx:coord>
<gx:coord>-39.0936883 -14.2254117 56.505</gx:coord>
<gx:coord>-39.0936667 -14.2255367 55.706</gx:coord>
<gx:coord>-39.09363 -14.22566 55.306</gx:coord>
<gx:coord>-39.093595 -14.2257783 55.006</gx:coord>
<gx:coord>-39.093565 -14.2259033 55.706</gx:coord>
<gx:coord>-39.09354 -14.2260183 56.406</gx:coord>
<gx:coord>-39.0935117 -14.226125 56.706</gx:coord>
<gx:coord>-39.09348 -14.2262467 58.006</gx:coord>
<gx:coord>-39.0934417 -14.2263733 59.206</gx:coord>
<gx:coord>-39.0933967 -14.2264983 60.206</gx:coord>
<gx:coord>-39.0933617 -14.226625 60.106</gx:coord>
<gx:coord>-39.0933433 -14.2267383 60.106</gx:coord>
<gx:coord>-39.093345 -14.2268533 60.706</gx:coord>
<gx:coord>-39.0933717 -14.2269617 60.707</gx:coord>
<gx:coord>-39.09343 -14.227075 59.707</gx:coord>
<gx:coord>-39.0935183 -14.2271633 58.707</gx:coord>
<gx:coord>-39.0936433 -14.2272167 57.007</gx:coord>
<gx:coord>-39.0938033 -14.22721 56.607</gx:coord>
<gx:coord>-39.0939833 -14.2271617 56.907</gx:coord>
<gx:coord>-39.0942 -14.2271 54.706</gx:coord>
<gx:coord>-39.09441 -14.2270233 54.006</gx:coord>
<gx:coord>-39.09463 -14.2269267 53.906</gx:coord>
<gx:coord>-39.0948467 -14.2268067 49.306</gx:coord>
<gx:coord>-39.0950733 -14.2266967 48.006</gx:coord>
<gx:coord>-39.0953067 -14.226575 44.806</gx:coord>
<gx:coord>-39.0955417 -14.22645 42.606</gx:coord>
<gx:coord>-39.0957817 -14.2263033 43.005</gx:coord>
<gx:coord>-39.0960133 -14.22618 44.905</gx:coord>
<gx:coord>-39.0962283 -14.2260667 45.405</gx:coord>
<gx:coord>-39.0964483 -14.2259117 49.805</gx:coord>
<gx:coord>-39.0966483 -14.2257417 51.205</gx:coord>
<gx:coord>-39.096815 -14.2255367 53.505</gx:coord>
<gx:coord>-39.0969817 -14.2253167 54.304</gx:coord>
<gx:coord>-39.0970967 -14.2250833 55.104</gx:coord>
<gx:coord>-39.0971783 -14.224825 55.104</gx:coord>
<gx:coord>-39.0972617 -14.224555 59.104</gx:coord>
<gx:coord>-39.0973333 -14.2242583 56.904</gx:coord>
<gx:coord>-39.0974167 -14.22393 57.103</gx:coord>
<gx:coord>-39.0975133 -14.2235667 55.503</gx:coord>
<gx:coord>-39.0975967 -14.223195 52.903</gx:coord>
<gx:coord>-39.0977 -14.222795 50.803</gx:coord>
<gx:coord>-39.097805 -14.2223833 50.902</gx:coord>
<gx:coord>-39.0979017 -14.221955 50.502</gx:coord>
<gx:coord>-39.0980033 -14.22154 56.302</gx:coord>
<gx:coord>-39.098125 -14.221135 59.201</gx:coord>
<gx:coord>-39.0982433 -14.2207467 64.001</gx:coord>
<gx:coord>-39.0983833 -14.22038 68.301</gx:coord>
<gx:coord>-39.0984967 -14.220045 70.101</gx:coord>
<gx:coord>-39.098615 -14.2197433 70.7</gx:coord>
<gx:coord>-39.098785 -14.21944 70.5</gx:coord>
<gx:coord>-39.0989467 -14.2191567 71.5</gx:coord>
<gx:coord>-39.0991117 -14.2188683 71.8</gx:coord>
<gx:coord>-39.09928 -14.2185633 70.699</gx:coord>
<gx:coord>-39.0994483 -14.218245 69.399</gx:coord>
<gx:coord>-39.099625 -14.2179 61.299</gx:coord>
<gx:coord>-39.09986 -14.2175517 59.098</gx:coord>
<gx:coord>-39.1000683 -14.217175 58.298</gx:coord>
<gx:coord>-39.100215 -14.21678 53.698</gx:coord>
<gx:coord>-39.1003567 -14.216375 53.498</gx:coord>
<gx:coord>-39.1004633 -14.2159967 54.497</gx:coord>
<gx:coord>-39.1005533 -14.2156167 52.997</gx:coord>
<gx:coord>-39.10065 -14.215225 55.797</gx:coord>
<gx:coord>-39.1007367 -14.214825 58.296</gx:coord>
<gx:coord>-39.1008217 -14.21448 61.596</gx:coord>
<gx:coord>-39.1008967 -14.2141717 67.296</gx:coord>
<gx:coord>-39.1009667 -14.21391 70.396</gx:coord>
<gx:coord>-39.1010067 -14.2137367 72.296</gx:coord>
<gx:coord>-39.10101 -14.2136133 72.695</gx:coord>
<gx:coord>-39.101025 -14.2135467 74.295</gx:coord>
<gx:coord>-39.1010383 -14.2135017 75.395</gx:coord>
<gx:coord>-39.1010583 -14.21346 76.295</gx:coord>
<gx:coord>-39.1010883 -14.213405 74.995</gx:coord>
<gx:coord>-39.1011167 -14.213385 74.395</gx:coord>
<gx:coord>-39.1011167 -14.213385 74.395</gx:coord>
<gx:coord>-39.1011167 -14.213385 74.395</gx:coord>
<gx:coord>-39.1011967 -14.21339 75.595</gx:coord>
<gx:coord>-39.1012483 -14.2133933 75.495</gx:coord>
<gx:coord>-39.101185 -14.213385 73.795</gx:coord>
<gx:coord>-39.1011783 -14.21334 75.395</gx:coord>
<gx:coord>-39.1011633 -14.2132933 76.195</gx:coord>
<gx:coord>-39.10118 -14.21325 75.895</gx:coord>
<gx:coord>-39.10118 -14.21325 77.395</gx:coord>
<gx:coord>-39.10118 -14.21325 76.295</gx:coord>
<gx:coord>-39.10118 -14.21325 76.295</gx:coord>
<gx:coord>-39.10118 -14.21325 75.495</gx:coord>
<gx:coord>-39.10118 -14.21325 75.495</gx:coord>
<gx:coord>-39.10118 -14.21325 75.495</gx:coord>
<gx:coord>-39.10118 -14.21325 73.095</gx:coord>
<gx:coord>-39.10118 -14.21325 73.095</gx:coord>
<gx:coord>-39.10118 -14.21325 73.095</gx:coord>
<gx:coord>-39.10118 -14.21325 73.095</gx:coord>
<gx:coord>-39.10118 -14.21325 73.095</gx:coord>
<gx:coord>-39.10118 -14.21325 73.095</gx:coord>
<gx:coord>-39.10118 -14.21325 73.095</gx:coord>
<gx:coord>-39.10118 -14.21325 73.095</gx:coord>
<gx:coord>-39.10118 -14.21325 73.095</gx:coord>
<gx:coord>-39.10118 -14.21325 73.095</gx:coord>
<gx:coord>-39.10118 -14.21325 73.095</gx:coord>
<gx:coord>-39.10118 -14.21325 73.095</gx:coord>
<gx:coord>-39.10118 -14.21325 73.095</gx:coord>
<gx:coord>-39.10118 -14.21325 73.095</gx:coord>
<gx:coord>-39.10118 -14.21325 73.095</gx:coord>
<gx:coord>-39.10118 -14.21325 73.095</gx:coord>
<gx:coord>-39.10118 -14.21325 73.095</gx:coord>
<gx:coord>-39.10118 -14.21325 73.095</gx:coord>
<gx:coord>-39.10118 -14.21325 73.095</gx:coord>
<gx:coord>-39.10118 -14.21325 73.095</gx:coord>
<gx:coord>-39.10118 -14.21325 73.095</gx:coord>
<gx:coord>-39.10118 -14.21325 73.095</gx:coord>
<gx:coord>-39.10118 -14.21325 73.095</gx:coord>
<gx:coord>-39.10118 -14.21325 73.095</gx:coord>
<gx:coord>-39.10118 -14.21325 73.095</gx:coord>
<gx:coord>-39.10118 -14.21325 73.095</gx:coord>
<gx:coord>-39.10118 -14.21325 73.095</gx:coord>
<gx:coord>-39.10118 -14.21325 73.095</gx:coord>
<gx:coord>-39.10118 -14.21325 73.095</gx:coord>
<gx:coord>-39.10118 -14.21325 73.095</gx:coord>
<gx:coord>-39.10118 -14.21325 73.095</gx:coord>
<gx:coord>-39.10118 -14.21325 73.095</gx:coord>
<gx:coord>-39.10118 -14.21325 73.095</gx:coord>
<gx:coord>-39.10118 -14.21325 73.095</gx:coord>
<gx:coord>-39.10118 -14.21325 73.095</gx:coord>
<gx:coord>-39.10118 -14.21325 73.095</gx:coord>
<gx:coord>-39.10118 -14.21325 73.095</gx:coord>
<gx:coord>-39.10118 -14.21325 73.095</gx:coord>
<gx:coord>-39.10118 -14.21325 73.095</gx:coord>
<gx:coord>-39.10118 -14.21325 73.095</gx:coord>
<gx:coord>-39.10118 -14.21325 76.895</gx:coord>
<gx:coord>-39.10118 -14.21325 76.895</gx:coord>
<gx:coord>-39.10118 -14.21325 77.295</gx:coord>
<gx:coord>-39.10118 -14.21325 77.695</gx:coord>
<gx:coord>-39.10118 -14.21325 76.395</gx:coord>
<gx:coord>-39.10118 -14.21325 76.395</gx:coord>
<gx:coord>-39.10118 -14.21325 76.395</gx:coord>
<gx:coord>-39.10118 -14.21325 76.395</gx:coord>
<gx:coord>-39.10118 -14.21325 76.395</gx:coord>
<gx:coord>-39.10118 -14.21325 76.395</gx:coord>
<gx:coord>-39.10118 -14.21325 76.395</gx:coord>
<gx:coord>-39.10118 -14.21325 76.395</gx:coord>
<gx:coord>-39.10118 -14.21325 76.395</gx:coord>
<gx:coord>-39.10118 -14.21325 76.395</gx:coord>
<gx:coord>-39.10118 -14.21325 76.395</gx:coord>
<gx:coord>-39.10118 -14.21325 76.395</gx:coord>
<gx:coord>-39.10118 -14.21325 76.395</gx:coord>
<gx:coord>-39.10118 -14.21325 76.395</gx:coord>
<gx:coord>-39.10118 -14.21325 76.395</gx:coord>
<gx:coord>-39.10118 -14.21325 76.395</gx:coord>
<gx:coord>-39.10118 -14.21325 76.395</gx:coord>
<gx:coord>-39.10118 -14.21325 75.995</gx:coord>
<gx:coord>-39.10118 -14.21325 76.895</gx:coord>
<gx:coord>-39.10118 -14.21325 76.895</gx:coord>
<gx:coord>-39.10118 -14.21325 76.895</gx:coord>
<gx:coord>-39.10118 -14.21325 77.595</gx:coord>
<gx:coord>-39.10118 -14.21325 77.595</gx:coord>
<gx:coord>-39.10118 -14.21325 77.795</gx:coord>
<gx:coord>-39.10118 -14.21325 77.695</gx:coord>
<gx:coord>-39.10118 -14.21325 77.695</gx:coord>
<gx:coord>-39.10118 -14.21325 75.195</gx:coord>
<gx:coord>-39.10118 -14.21325 75.195</gx:coord>
<gx:coord>-39.10118 -14.21325 75.195</gx:coord>
<gx:coord>-39.10118 -14.21325 75.195</gx:coord>
<gx:coord>-39.10118 -14.21325 75.195</gx:coord>
<gx:coord>-39.10118 -14.21325 75.195</gx:coord>
<gx:coord>-39.10118 -14.21325 75.195</gx:coord>
<gx:coord>-39.10118 -14.21325 75.195</gx:coord>
<gx:coord>-39.10118 -14.21325 75.995</gx:coord>
<gx:coord>-39.10118 -14.21325 75.995</gx:coord>
<gx:coord>-39.10118 -14.21325 75.995</gx:coord>
<gx:coord>-39.10118 -14.21325 75.995</gx:coord>
<gx:coord>-39.10118 -14.21325 75.995</gx:coord>
<gx:coord>-39.10118 -14.21325 75.995</gx:coord>
<gx:coord>-39.10118 -14.21325 75.995</gx:coord>
<gx:coord>-39.10118 -14.21325 75.995</gx:coord>
<gx:coord>-39.10118 -14.21325 75.995</gx:coord>
<gx:coord>-39.10118 -14.21325 75.995</gx:coord>
<gx:coord>-39.10118 -14.21325 75.995</gx:coord>
<gx:coord>-39.10118 -14.21325 75.995</gx:coord>
<gx:coord>-39.10118 -14.21325 75.995</gx:coord>
<gx:coord>-39.10118 -14.21325 75.995</gx:coord>
<gx:coord>-39.10118 -14.21325 75.995</gx:coord>
<gx:coord>-39.10118 -14.21325 75.995</gx:coord>
<gx:coord>-39.10118 -14.21325 75.995</gx:coord>
<gx:coord>-39.10118 -14.21325 75.995</gx:coord>
<gx:coord>-39.10118 -14.21325 75.995</gx:coord>
<gx:coord>-39.10118 -14.21325 75.995</gx:coord>
<gx:coord>-39.10118 -14.21325 75.995</gx:coord>
<gx:coord>-39.10118 -14.21325 75.995</gx:coord>
<gx:coord>-39.10118 -14.21325 75.995</gx:coord>
<gx:coord>-39.10118 -14.21325 75.995</gx:coord>
<gx:coord>-39.10118 -14.21325 75.995</gx:coord>
<gx:coord>-39.10118 -14.21325 75.995</gx:coord>
<gx:coord>-39.10118 -14.21325 75.995</gx:coord>
<gx:coord>-39.10118 -14.21325 81.495</gx:coord>
<gx:coord>-39.10118 -14.21325 81.695</gx:coord>
<gx:coord>-39.10118 -14.21325 81.695</gx:coord>
<gx:coord>-39.10118 -14.21325 81.695</gx:coord>
<gx:coord>-39.10118 -14.21325 81.695</gx:coord>
<gx:coord>-39.10118 -14.21325 81.695</gx:coord>
<gx:coord>-39.10118 -14.21325 81.695</gx:coord>
<gx:coord>-39.10118 -14.21325 81.695</gx:coord>
<gx:coord>-39.10118 -14.21325 81.695</gx:coord>
<gx:coord>-39.10118 -14.21325 81.695</gx:coord>
<gx:coord>-39.10118 -14.21325 81.695</gx:coord>
<gx:coord>-39.10118 -14.21325 81.695</gx:coord>
<gx:coord>-39.10118 -14.21325 81.695</gx:coord>
<gx:coord>-39.10118 -14.21325 81.695</gx:coord>
<gx:coord>-39.10118 -14.21325 81.695</gx:coord>
<gx:coord>-39.10118 -14.21325 81.695</gx:coord>
<gx:coord>-39.10118 -14.21325 81.695</gx:coord>
<gx:coord>-39.10118 -14.21325 81.695</gx:coord>
<gx:coord>-39.10118 -14.21325 81.695</gx:coord>
<gx:coord>-39.10118 -14.21325 81.695</gx:coord>
<gx:coord>-39.10118 -14.21325 81.695</gx:coord>
<gx:coord>-39.10118 -14.21325 81.695</gx:coord>
<gx:coord>-39.10118 -14.21325 81.695</gx:coord>
<gx:coord>-39.10118 -14.21325 81.695</gx:coord>
<gx:coord>-39.10118 -14.21325 81.695</gx:coord>
<gx:coord>-39.10118 -14.21325 81.695</gx:coord>
<gx:coord>-39.10118 -14.21325 81.695</gx:coord>
<gx:coord>-39.10118 -14.21325 81.695</gx:coord>
<gx:coord>-39.10118 -14.21325 81.695</gx:coord>
<gx:coord>-39.10118 -14.21325 81.695</gx:coord>
<gx:coord>-39.1011833 -14.213315 77.395</gx:coord>
<gx:coord>-39.1011583 -14.213355 78.495</gx:coord>
<gx:coord>-39.1011817 -14.2133867 78.595</gx:coord>
<gx:coord>-39.1011767 -14.2133917 76.095</gx:coord>
<gx:coord>-39.1011333 -14.213365 76.195</gx:coord>
<gx:coord>-39.1010817 -14.21335 77.395</gx:coord>
<gx:coord>-39.1010317 -14.21336 78.095</gx:coord>
<gx:coord>-39.1009983 -14.213385 75.895</gx:coord>
<gx:coord>-39.1009983 -14.213385 74.895</gx:coord>
<gx:coord>-39.1009983 -14.213385 73.395</gx:coord>
<gx:coord>-39.1009983 -14.213385 74.695</gx:coord>
<gx:coord>-39.1009983 -14.213385 76.995</gx:coord>
<gx:coord>-39.101025 -14.2133933 76.995</gx:coord>
<gx:coord>-39.1010633 -14.2134383 76.295</gx:coord>
<gx:coord>-39.1010833 -14.2135317 77.695</gx:coord>
<gx:coord>-39.1010733 -14.2136367 77.595</gx:coord>
<gx:coord>-39.1010383 -14.2137583 76.696</gx:coord>
<gx:coord>-39.1010017 -14.21388 75.096</gx:coord>
<gx:coord>-39.100975 -14.2140017 75.696</gx:coord>
<gx:coord>-39.1009483 -14.21414 72.896</gx:coord>
<gx:coord>-39.100925 -14.21428 71.196</gx:coord>
<gx:coord>-39.1008917 -14.214445 69.996</gx:coord>
<gx:coord>-39.1008483 -14.21461 66.596</gx:coord>
<gx:coord>-39.100805 -14.2147933 64.896</gx:coord>
<gx:coord>-39.10075 -14.21501 63.496</gx:coord>
<gx:coord>-39.10067 -14.215275 63.097</gx:coord>
<gx:coord>-39.1005967 -14.2155583 61.197</gx:coord>
<gx:coord>-39.100525 -14.2158667 61.997</gx:coord>
<gx:coord>-39.1004533 -14.2161833 63.497</gx:coord>
<gx:coord>-39.1003617 -14.216505 63.098</gx:coord>
<gx:coord>-39.1002367 -14.21684 63.398</gx:coord>
<gx:coord>-39.1000833 -14.2171933 63.098</gx:coord>
<gx:coord>-39.09991 -14.2175517 63.798</gx:coord>
<gx:coord>-39.09971 -14.2179083 65.999</gx:coord>
<gx:coord>-39.0995233 -14.2182317 72.999</gx:coord>
<gx:coord>-39.0993417 -14.2185483 79.199</gx:coord>
<gx:coord>-39.0991683 -14.21885 74.2</gx:coord>
<gx:coord>-39.0989733 -14.219145 67.9</gx:coord>
<gx:coord>-39.0988 -14.219445 71.5</gx:coord>
<gx:coord>-39.0986417 -14.2197333 75.6</gx:coord>
<gx:coord>-39.0985033 -14.2200517 75.501</gx:coord>
<gx:coord>-39.09838 -14.2203867 58.001</gx:coord>
<gx:coord>-39.0982483 -14.2207417 54.301</gx:coord>
<gx:coord>-39.0981533 -14.22112 56.701</gx:coord>
<gx:coord>-39.0980683 -14.2215233 53.702</gx:coord>
<gx:coord>-39.0979567 -14.2219383 51.902</gx:coord>
<gx:coord>-39.0978567 -14.2223667 50.202</gx:coord>
<gx:coord>-39.097755 -14.222795 53.303</gx:coord>
<gx:coord>-39.09765 -14.22321 55.603</gx:coord>
<gx:coord>-39.0975333 -14.223625 59.303</gx:coord>
<gx:coord>-39.0974317 -14.22401 62.403</gx:coord>
<gx:coord>-39.0973517 -14.224355 65.804</gx:coord>
<gx:coord>-39.097265 -14.2246717 66.304</gx:coord>
<gx:coord>-39.0971833 -14.2249767 66.704</gx:coord>
<gx:coord>-39.0970417 -14.22527 66.904</gx:coord>
<gx:coord>-39.096885 -14.2255283 67.205</gx:coord>
<gx:coord>-39.0966733 -14.225765 69.405</gx:coord>
<gx:coord>-39.0964117 -14.225975 67.705</gx:coord>
<gx:coord>-39.0961233 -14.2261633 66.205</gx:coord>
<gx:coord>-39.0958133 -14.2263417 64.405</gx:coord>
<gx:coord>-39.0955167 -14.2264967 62.506</gx:coord>
<gx:coord>-39.0952267 -14.226655 60.506</gx:coord>
<gx:coord>-39.094915 -14.2268133 58.906</gx:coord>
<gx:coord>-39.0946317 -14.2269717 57.206</gx:coord>
<gx:coord>-39.0943983 -14.2271267 56.906</gx:coord>
<gx:coord>-39.0941967 -14.2273 56.107</gx:coord>
<gx:coord>-39.0940283 -14.2274667 56.807</gx:coord>
<gx:coord>-39.0938783 -14.2275983 56.907</gx:coord>
<gx:coord>-39.093725 -14.227685 57.807</gx:coord>
<gx:coord>-39.09356 -14.2277533 58.907</gx:coord>
<gx:coord>-39.0934033 -14.227765 59.607</gx:coord>
<gx:coord>-39.0933067 -14.2276717 61.907</gx:coord>
<gx:coord>-39.0932617 -14.2275567 62.807</gx:coord>
<gx:coord>-39.0933167 -14.2274033 60.107</gx:coord>
<gx:coord>-39.0933667 -14.227245 60.007</gx:coord>
<gx:coord>-39.0933567 -14.2270717 58.307</gx:coord>
<gx:coord>-39.09333 -14.22692 59.807</gx:coord>
<gx:coord>-39.0933033 -14.2267883 59.706</gx:coord>
<gx:coord>-39.0933 -14.2266667 59.906</gx:coord>
<gx:coord>-39.0933217 -14.2265417 60.006</gx:coord>
<gx:coord>-39.093355 -14.226405 60.606</gx:coord>
<gx:coord>-39.0933933 -14.2262583 61.406</gx:coord>
<gx:coord>-39.093445 -14.2261033 62.706</gx:coord>
<gx:coord>-39.0935083 -14.225945 63.506</gx:coord>
<gx:coord>-39.093585 -14.2257783 59.706</gx:coord>
<gx:coord>-39.0936283 -14.225615 58.606</gx:coord>
<gx:coord>-39.093645 -14.2254433 57.305</gx:coord>
<gx:coord>-39.0936317 -14.22528 56.205</gx:coord>
<gx:coord>-39.0935983 -14.2251317 57.005</gx:coord>
<gx:coord>-39.0935533 -14.2249683 56.705</gx:coord>
<gx:coord>-39.0934917 -14.22482 56.905</gx:coord>
<gx:coord>-39.093445 -14.2246933 58.505</gx:coord>
<gx:coord>-39.09341 -14.224575 59.705</gx:coord>
<gx:coord>-39.0933633 -14.22446 60.205</gx:coord>
<gx:coord>-39.0933167 -14.2243483 61.205</gx:coord>
<gx:coord>-39.0932667 -14.2242283 60.105</gx:coord>
<gx:coord>-39.093215 -14.2241117 60.705</gx:coord>
<gx:coord>-39.0931583 -14.2239733 57.705</gx:coord>
<gx:coord>-39.0931 -14.2238217 55.805</gx:coord>
<gx:coord>-39.0930567 -14.2236733 55.404</gx:coord>
<gx:coord>-39.09303 -14.2235217 55.304</gx:coord>
<gx:coord>-39.0930033 -14.223375 57.104</gx:coord>
<gx:coord>-39.092985 -14.2232283 59.504</gx:coord>
<gx:coord>-39.093005 -14.2230833 59.904</gx:coord>
<gx:coord>-39.0930333 -14.2229383 59.504</gx:coord>
<gx:coord>-39.0930733 -14.222805 59.304</gx:coord>
<gx:coord>-39.0931017 -14.2226833 59.404</gx:coord>
<gx:coord>-39.0931317 -14.222545 59.704</gx:coord>
<gx:coord>-39.09316 -14.2223933 59.204</gx:coord>
<gx:coord>-39.09318 -14.2222433 58.603</gx:coord>
<gx:coord>-39.0931983 -14.2221217 60.003</gx:coord>
<gx:coord>-39.09319 -14.2220067 62.503</gx:coord>
<gx:coord>-39.093175 -14.221895 64.703</gx:coord>
<gx:coord>-39.093135 -14.2217867 66.803</gx:coord>
<gx:coord>-39.0930867 -14.2216683 67.803</gx:coord>
<gx:coord>-39.0930283 -14.2215417 68.903</gx:coord>
<gx:coord>-39.092975 -14.2214383 69.503</gx:coord>
<gx:coord>-39.09293 -14.2213467 72.303</gx:coord>
<gx:coord>-39.092885 -14.2212533 73.303</gx:coord>
<gx:coord>-39.0928467 -14.2211633 74.303</gx:coord>
<gx:coord>-39.0928 -14.2210883 73.603</gx:coord>
<gx:coord>-39.0927517 -14.2210017 72.703</gx:coord>
<gx:coord>-39.0927133 -14.22091 71.203</gx:coord>
<gx:coord>-39.09266 -14.2208383 67.403</gx:coord>
<gx:coord>-39.092615 -14.2207517 64.603</gx:coord>
<gx:coord>-39.09256 -14.2206683 64.303</gx:coord>
<gx:coord>-39.0924833 -14.2205733 61.602</gx:coord>
<gx:coord>-39.0923867 -14.2204767 58.502</gx:coord>
<gx:coord>-39.0922717 -14.22039 56.202</gx:coord>
<gx:coord>-39.0921817 -14.220315 55.102</gx:coord>
<gx:coord>-39.0920883 -14.220265 53.002</gx:coord>
<gx:coord>-39.092 -14.2202367 51.802</gx:coord>
<gx:coord>-39.091925 -14.2202183 53.102</gx:coord>
<gx:coord>-39.0918783 -14.2202017 52.502</gx:coord>
<gx:coord>-39.0918283 -14.2202 53.402</gx:coord>
<gx:coord>-39.0917817 -14.22019 54.202</gx:coord>
<gx:coord>-39.0917383 -14.22017 54.202</gx:coord>
<gx:coord>-39.091695 -14.2201533 54.302</gx:coord>
<gx:coord>-39.09166 -14.2201417 53.802</gx:coord>
<gx:coord>-39.09166 -14.2201417 53.802</gx:coord>
<gx:coord>-39.0915783 -14.2201617 53.902</gx:coord>
<gx:coord>-39.091495 -14.2201733 53.903</gx:coord>
<gx:coord>-39.091395 -14.2201817 53.203</gx:coord>
<gx:coord>-39.0912817 -14.2201867 52.503</gx:coord>
<gx:coord>-39.0911567 -14.2201833 51.503</gx:coord>
<gx:coord>-39.0910267 -14.2201817 52.303</gx:coord>
<gx:coord>-39.09091 -14.22019 53.003</gx:coord>
<gx:coord>-39.0908217 -14.2201833 52.703</gx:coord>
<gx:coord>-39.090755 -14.2201733 51.203</gx:coord>
<gx:coord>-39.0906933 -14.22016 49.303</gx:coord>
<gx:coord>-39.0906433 -14.2201483 46.303</gx:coord>
<gx:coord>-39.0905767 -14.2201467 45.103</gx:coord>
<gx:coord>-39.09048 -14.2201267 45.303</gx:coord>
<gx:coord>-39.0903783 -14.2200917 45.103</gx:coord>
<gx:coord>-39.090255 -14.2200483 45.503</gx:coord>
<gx:coord>-39.0901367 -14.2199783 46.103</gx:coord>
<gx:coord>-39.0900367 -14.2199083 45.803</gx:coord>
<gx:coord>-39.0899533 -14.2198417 46.403</gx:coord>
<gx:coord>-39.0898817 -14.2197583 43.803</gx:coord>
<gx:coord>-39.0898133 -14.2197017 41.103</gx:coord>
<gx:coord>-39.0897317 -14.2196467 37.803</gx:coord>
<gx:coord>-39.0896433 -14.219575 35.303</gx:coord>
<gx:coord>-39.08956 -14.21951 30.003</gx:coord>
<gx:coord>-39.0894667 -14.2194633 28.203</gx:coord>
<gx:coord>-39.0893667 -14.2193983 26.303</gx:coord>
<gx:coord>-39.0892617 -14.219335 25.003</gx:coord>
<gx:coord>-39.089175 -14.2192817 24.903</gx:coord>
<gx:coord>-39.08911 -14.219245 24.703</gx:coord>
<gx:coord>-39.08904 -14.2191883 25.803</gx:coord>
<gx:coord>-39.0889517 -14.2191067 25.802</gx:coord>
<gx:coord>-39.0888483 -14.21902 25.302</gx:coord>
<gx:coord>-39.08872 -14.2189433 24.902</gx:coord>
<gx:coord>-39.08859 -14.2188683 24.102</gx:coord>
<gx:coord>-39.088495 -14.2188167 23.902</gx:coord>
<gx:coord>-39.0884467 -14.2187883 22.102</gx:coord>
<gx:coord>-39.0884 -14.2187667 22.002</gx:coord>
<gx:coord>-39.088325 -14.218755 20.702</gx:coord>
<gx:coord>-39.0882283 -14.2187517 20.702</gx:coord>
<gx:coord>-39.0881117 -14.2187683 21.302</gx:coord>
<gx:coord>-39.0879733 -14.2187733 20.403</gx:coord>
<gx:coord>-39.0878517 -14.2187717 19.703</gx:coord>
<gx:coord>-39.0877183 -14.2187717 18.603</gx:coord>
<gx:coord>-39.0875733 -14.21878 20.003</gx:coord>
<gx:coord>-39.08742 -14.2187867 20.103</gx:coord>
<gx:coord>-39.0872817 -14.2187967 19.503</gx:coord>
<gx:coord>-39.08712 -14.218805 21.203</gx:coord>
<gx:coord>-39.08696 -14.2188133 20.503</gx:coord>
<gx:coord>-39.086795 -14.2188233 19.503</gx:coord>
<gx:coord>-39.0866233 -14.2188267 17.803</gx:coord>
<gx:coord>-39.086445 -14.218835 19.103</gx:coord>
<gx:coord>-39.0862767 -14.218845 21.703</gx:coord>
<gx:coord>-39.0861067 -14.218855 22.503</gx:coord>
<gx:coord>-39.08595 -14.21887 23.003</gx:coord>
<gx:coord>-39.0857883 -14.2188767 23.003</gx:coord>
<gx:coord>-39.0856267 -14.218885 22.503</gx:coord>
<gx:coord>-39.0854717 -14.21889 23.403</gx:coord>
<gx:coord>-39.0853133 -14.21889 25.303</gx:coord>
<gx:coord>-39.0851617 -14.2188933 26.803</gx:coord>
<gx:coord>-39.0850083 -14.21891 27.803</gx:coord>
<gx:coord>-39.0848417 -14.2189267 28.403</gx:coord>
<gx:coord>-39.0846717 -14.218945 27.704</gx:coord>
<gx:coord>-39.0844967 -14.218965 25.804</gx:coord>
<gx:coord>-39.08431 -14.2189917 24.504</gx:coord>
<gx:coord>-39.08413 -14.21903 21.604</gx:coord>
<gx:coord>-39.08395 -14.2190967 17.704</gx:coord>
<gx:coord>-39.0837567 -14.2191633 14.204</gx:coord>
<gx:coord>-39.0835733 -14.2192467 15.804</gx:coord>
<gx:coord>-39.0834367 -14.21933 17.604</gx:coord>
<gx:coord>-39.0833283 -14.2194033 18.004</gx:coord>
<gx:coord>-39.083225 -14.2194667 19.204</gx:coord>
<gx:coord>-39.083105 -14.2195233 20.604</gx:coord>
<gx:coord>-39.0829767 -14.2195933 22.004</gx:coord>
<gx:coord>-39.08285 -14.21967 19.805</gx:coord>
<gx:coord>-39.08272 -14.21976 16.405</gx:coord>
<gx:coord>-39.0825983 -14.2198483 15.905</gx:coord>
<gx:coord>-39.0824717 -14.2199517 16.205</gx:coord>
<gx:coord>-39.0823583 -14.2200567 18.805</gx:coord>
<gx:coord>-39.0822567 -14.22018 17.805</gx:coord>
<gx:coord>-39.08217 -14.22031 16.505</gx:coord>
<gx:coord>-39.0820917 -14.22044 15.805</gx:coord>
<gx:coord>-39.0820083 -14.2205717 14.405</gx:coord>
<gx:coord>-39.0819467 -14.2207183 12.105</gx:coord>
<gx:coord>-39.081875 -14.2208633 10.706</gx:coord>
<gx:coord>-39.0817733 -14.2209767 9.806</gx:coord>
<gx:coord>-39.0816433 -14.22106 9.706</gx:coord>
<gx:coord>-39.0815 -14.2211483 10.106</gx:coord>
<gx:coord>-39.0813433 -14.22122 11.006</gx:coord>
<gx:coord>-39.081185 -14.22129 12.106</gx:coord>
<gx:coord>-39.0810183 -14.2213667 13.606</gx:coord>
<gx:coord>-39.0808483 -14.22144 14.206</gx:coord>
<gx:coord>-39.0806617 -14.2215167 13.706</gx:coord>
<gx:coord>-39.0805 -14.2215867 18.906</gx:coord>
<gx:coord>-39.0803417 -14.2216633 22.707</gx:coord>
<gx:coord>-39.0801933 -14.2217517 21.707</gx:coord>
<gx:coord>-39.0800567 -14.221835 23.107</gx:coord>
<gx:coord>-39.079925 -14.2219183 22.907</gx:coord>
<gx:coord>-39.0797717 -14.2219933 22.107</gx:coord>
<gx:coord>-39.0796267 -14.2220583 20.807</gx:coord>
<gx:coord>-39.0794917 -14.2221133 19.107</gx:coord>
<gx:coord>-39.0793483 -14.222165 17.307</gx:coord>
<gx:coord>-39.07923 -14.2222267 16.407</gx:coord>
<gx:coord>-39.0790983 -14.2222867 15.507</gx:coord>
<gx:coord>-39.07896 -14.2223583 14.807</gx:coord>
<gx:coord>-39.0787967 -14.22243 14.407</gx:coord>
<gx:coord>-39.078655 -14.222475 14.308</gx:coord>
<gx:coord>-39.0784917 -14.2224883 13.608</gx:coord>
<gx:coord>-39.0783333 -14.222475 17.408</gx:coord>
<gx:coord>-39.078185 -14.2224417 17.608</gx:coord>
<gx:coord>-39.0780383 -14.2224117 18.008</gx:coord>
<gx:coord>-39.0779033 -14.2223767 18.308</gx:coord>
<gx:coord>-39.0777633 -14.222335 19.108</gx:coord>
<gx:coord>-39.077605 -14.2222883 18.808</gx:coord>
<gx:coord>-39.0774617 -14.2222183 18.208</gx:coord>
<gx:coord>-39.077335 -14.2221433 20.208</gx:coord>
<gx:coord>-39.0771983 -14.2220517 20.808</gx:coord>
<gx:coord>-39.0770517 -14.2219517 20.508</gx:coord>
<gx:coord>-39.0769033 -14.22184 20.308</gx:coord>
<gx:coord>-39.076765 -14.22173 19.808</gx:coord>
<gx:coord>-39.07664 -14.2216517 19.508</gx:coord>
<gx:coord>-39.076535 -14.2215617 20.308</gx:coord>
<gx:coord>-39.0764267 -14.2214767 21.207</gx:coord>
<gx:coord>-39.0763167 -14.2214083 23.907</gx:coord>
<gx:coord>-39.0762033 -14.22133 24.807</gx:coord>
<gx:coord>-39.076085 -14.221235 26.507</gx:coord>
<gx:coord>-39.0759567 -14.22111 28.907</gx:coord>
<gx:coord>-39.0758167 -14.2209833 29.707</gx:coord>
<gx:coord>-39.0756667 -14.2208617 30.407</gx:coord>
<gx:coord>-39.075525 -14.220755 30.907</gx:coord>
<gx:coord>-39.0753717 -14.220655 32.307</gx:coord>
<gx:coord>-39.0752133 -14.2205533 32.507</gx:coord>
<gx:coord>-39.0750583 -14.2204467 32.907</gx:coord>
<gx:coord>-39.074935 -14.220345 33.107</gx:coord>
<gx:coord>-39.0748067 -14.2202617 33.307</gx:coord>
<gx:coord>-39.0746433 -14.2201933 32.707</gx:coord>
<gx:coord>-39.0744717 -14.2201283 33.907</gx:coord>
<gx:coord>-39.0743083 -14.2200517 32.007</gx:coord>
<gx:coord>-39.07416 -14.2200133 27.707</gx:coord>
<gx:coord>-39.0740517 -14.2199817 26.707</gx:coord>
<gx:coord>-39.0739433 -14.2199367 26.307</gx:coord>
<gx:coord>-39.0738417 -14.2198983 23.907</gx:coord>
<gx:coord>-39.0737517 -14.2198483 24.707</gx:coord>
<gx:coord>-39.0736583 -14.2197883 24.907</gx:coord>
<gx:coord>-39.0735283 -14.21973 24.007</gx:coord>
<gx:coord>-39.0733767 -14.219685 25.807</gx:coord>
<gx:coord>-39.0732317 -14.2196417 26.707</gx:coord>
<gx:coord>-39.0730933 -14.2196067 27.007</gx:coord>
<gx:coord>-39.0729583 -14.2195767 27.007</gx:coord>
<gx:coord>-39.0728217 -14.21954 28.607</gx:coord>
<gx:coord>-39.072675 -14.2194917 29.507</gx:coord>
<gx:coord>-39.0725383 -14.21942 35.207</gx:coord>
<gx:coord>-39.0724133 -14.219345 39.607</gx:coord>
<gx:coord>-39.0722917 -14.219295 41.107</gx:coord>
<gx:coord>-39.0721467 -14.2192467 40.007</gx:coord>
<gx:coord>-39.071985 -14.2192033 36.407</gx:coord>
<gx:coord>-39.0718167 -14.2191467 32.807</gx:coord>
<gx:coord>-39.07164 -14.2190883 30.307</gx:coord>
<gx:coord>-39.071475 -14.2190317 30.307</gx:coord>
<gx:coord>-39.0713233 -14.219005 30.907</gx:coord>
<gx:coord>-39.07119 -14.2189383 30.607</gx:coord>
<gx:coord>-39.0710833 -14.21886 29.907</gx:coord>
<gx:coord>-39.0709733 -14.2187783 28.107</gx:coord>
<gx:coord>-39.0708767 -14.2186983 17.907</gx:coord>
<gx:coord>-39.0707517 -14.2186067 11.707</gx:coord>
<gx:coord>-39.0706233 -14.2184783 12.607</gx:coord>
<gx:coord>-39.070485 -14.218365 12.207</gx:coord>
<gx:coord>-39.0703583 -14.2182783 12.207</gx:coord>
<gx:coord>-39.07022 -14.2182883 12.507</gx:coord>
<gx:coord>-39.0700733 -14.218295 12.407</gx:coord>
<gx:coord>-39.0699217 -14.2183033 10.707</gx:coord>
<gx:coord>-39.0697767 -14.218305 9.707</gx:coord>
<gx:coord>-39.0696783 -14.2182917 7.707</gx:coord>
<gx:coord>-39.06959 -14.218245 3.407</gx:coord>
<gx:coord>-39.069495 -14.2181883 3.907</gx:coord>
<gx:coord>-39.0693867 -14.218125 3.107</gx:coord>
<gx:coord>-39.0692883 -14.218045 3.307</gx:coord>
<gx:coord>-39.0691917 -14.21796 3.707</gx:coord>
<gx:coord>-39.0690983 -14.2178767 3.207</gx:coord>
<gx:coord>-39.0690083 -14.2177867 2.207</gx:coord>
<gx:coord>-39.06896 -14.21768 1.307</gx:coord>
<gx:coord>-39.0689117 -14.2175983 2.707</gx:coord>
<gx:coord>-39.0688267 -14.2175633 2.007</gx:coord>
<gx:coord>-39.0687233 -14.2175517 1.507</gx:coord>
<gx:coord>-39.06861 -14.21753 1.307</gx:coord>
<gx:coord>-39.0684817 -14.2175117 0.807</gx:coord>
<gx:coord>-39.0683233 -14.21752 0.007</gx:coord>
<gx:coord>-39.068085 -14.21757 -0.693</gx:coord>
<gx:coord>-39.0679217 -14.21757 -1.393</gx:coord>
<gx:coord>-39.0677517 -14.2175733 -1.693</gx:coord>
<gx:coord>-39.067575 -14.2175333 -1.193</gx:coord>
<gx:coord>-39.06738 -14.217485 -1.493</gx:coord>
<gx:coord>-39.067235 -14.2174567 -0.793</gx:coord>
<gx:coord>-39.0671167 -14.2174233 0.307</gx:coord>
<gx:coord>-39.0669817 -14.217385 2.107</gx:coord>
<gx:coord>-39.0668567 -14.2173583 7.607</gx:coord>
<gx:coord>-39.0667167 -14.21734 11.807</gx:coord>
<gx:coord>-39.0665667 -14.2173183 16.507</gx:coord>
<gx:coord>-39.0664117 -14.2172733 18.307</gx:coord>
<gx:coord>-39.0662617 -14.2172133 19.807</gx:coord>
<gx:coord>-39.0661167 -14.217155 20.807</gx:coord>
<gx:coord>-39.0659833 -14.217095 21.507</gx:coord>
<gx:coord>-39.06585 -14.2170483 20.407</gx:coord>
<gx:coord>-39.0657333 -14.2170033 19.207</gx:coord>
<gx:coord>-39.06565 -14.21698 17.907</gx:coord>
<gx:coord>-39.0656083 -14.2169617 15.307</gx:coord>
<gx:coord>-39.0655533 -14.2169467 14.607</gx:coord>
<gx:coord>-39.065475 -14.2169217 12.107</gx:coord>
<gx:coord>-39.0653633 -14.2168767 10.907</gx:coord>
<gx:coord>-39.0652383 -14.2168333 10.407</gx:coord>
<gx:coord>-39.0651133 -14.2168083 9.407</gx:coord>
<gx:coord>-39.0649767 -14.2167767 8.407</gx:coord>
<gx:coord>-39.064845 -14.2167433 6.807</gx:coord>
<gx:coord>-39.0647233 -14.216715 1.607</gx:coord>
<gx:coord>-39.0646017 -14.2166717 1.408</gx:coord>
<gx:coord>-39.06448 -14.2166333 0.808</gx:coord>
<gx:coord>-39.0643467 -14.2165867 0.408</gx:coord>
<gx:coord>-39.06419 -14.2165317 -4.092</gx:coord>
<gx:coord>-39.0640517 -14.2164833 -3.692</gx:coord>
<gx:coord>-39.0638917 -14.2164233 -1.492</gx:coord>
<gx:coord>-39.0637183 -14.2163717 -3.892</gx:coord>
<gx:coord>-39.063555 -14.2163183 -4.892</gx:coord>
<gx:coord>-39.06339 -14.2162633 -7.992</gx:coord>
<gx:coord>-39.0632267 -14.216205 -10.192</gx:coord>
<gx:coord>-39.0631 -14.21616 -10.592</gx:coord>
<gx:coord>-39.0630133 -14.2161133 -9.592</gx:coord>
<gx:coord>-39.0629017 -14.2160833 -3.092</gx:coord>
<gx:coord>-39.0627883 -14.2160517 -1.492</gx:coord>
<gx:coord>-39.06268 -14.2160167 -1.192</gx:coord>
<gx:coord>-39.0625633 -14.2159617 -0.792</gx:coord>
<gx:coord>-39.0624367 -14.2158883 -0.292</gx:coord>
<gx:coord>-39.062315 -14.2158067 -1.092</gx:coord>
<gx:coord>-39.0621917 -14.2157333 -1.392</gx:coord>
<gx:coord>-39.0620917 -14.2156617 -3.692</gx:coord>
<gx:coord>-39.061975 -14.215595 -2.593</gx:coord>
<gx:coord>-39.0618467 -14.215535 -3.393</gx:coord>
<gx:coord>-39.0617383 -14.215495 -4.893</gx:coord>
<gx:coord>-39.061635 -14.2154633 -4.092</gx:coord>
<gx:coord>-39.0615167 -14.2154417 -5.092</gx:coord>
<gx:coord>-39.0613767 -14.2154183 -2.792</gx:coord>
<gx:coord>-39.061235 -14.2153833 -2.792</gx:coord>
<gx:coord>-39.06108 -14.2153367 -7.392</gx:coord>
<gx:coord>-39.0609233 -14.21529 -9.592</gx:coord>
<gx:coord>-39.0607617 -14.2152567 -6.692</gx:coord>
<gx:coord>-39.060605 -14.215225 -6.492</gx:coord>
<gx:coord>-39.0604317 -14.2151933 -6.992</gx:coord>
<gx:coord>-39.060275 -14.2151517 -7.092</gx:coord>
<gx:coord>-39.0601117 -14.215145 -6.592</gx:coord>
<gx:coord>-39.05997 -14.21512 -6.492</gx:coord>
<gx:coord>-39.0598183 -14.2150817 -9.892</gx:coord>
<gx:coord>-39.0596717 -14.2150417 -10.092</gx:coord>
<gx:coord>-39.05954 -14.2150067 -10.992</gx:coord>
<gx:coord>-39.05942 -14.2149733 -11.292</gx:coord>
<gx:coord>-39.0593167 -14.2149533 -8.492</gx:coord>
<gx:coord>-39.0592417 -14.214945 -5.992</gx:coord>
<gx:coord>-39.0591783 -14.21494 -5.492</gx:coord>
<gx:coord>-39.0591283 -14.2149283 -6.592</gx:coord>
<gx:coord>-39.05908 -14.21491 -7.592</gx:coord>
<gx:coord>-39.0590317 -14.2148933 -9.292</gx:coord>
<gx:coord>-39.0589817 -14.2149033 -8.792</gx:coord>
<gx:coord>-39.0589283 -14.21489 -9.392</gx:coord>
<gx:coord>-39.0588817 -14.2149233 -10.292</gx:coord>
<gx:coord>-39.0588533 -14.214965 -11.492</gx:coord>
<gx:coord>-39.0588483 -14.2149717 -11.492</gx:coord>
<gx:coord>-39.0588483 -14.2149717 -11.492</gx:coord>
<gx:coord>-39.0588483 -14.2149717 -11.492</gx:coord>
<gx:coord>-39.0588833 -14.2149983 -8.692</gx:coord>
<gx:coord>-39.0588833 -14.2150433 -9.892</gx:coord>
<gx:coord>-39.0588967 -14.2150917 -9.292</gx:coord>
<gx:coord>-39.0589417 -14.2151083 -9.492</gx:coord>
<gx:coord>-39.0589917 -14.2151067 -10.092</gx:coord>
<gx:coord>-39.0589917 -14.2151067 -6.492</gx:coord>
<gx:coord>-39.0589917 -14.2151067 -5.592</gx:coord>
<gx:coord>-39.0590483 -14.2151167 -5.592</gx:coord>
<gx:coord>-39.0591033 -14.2154617 -29.592</gx:coord>
<gx:coord>-39.0589933 -14.2153033 -6.892</gx:coord>
<gx:coord>-39.05901 -14.2151633 -1.392</gx:coord>
<gx:coord>-39.0590167 -14.2151333 -15.492</gx:coord>
<gx:coord>-39.0590167 -14.2151333 -8.092</gx:coord>
<gx:coord>-39.0590167 -14.2151333 -9.492</gx:coord>
<gx:coord>-39.0590167 -14.2151333 -7.292</gx:coord>
<gx:coord>-39.0589517 -14.2151167 -7.492</gx:coord>
<gx:coord>-39.0589083 -14.2150867 -4.992</gx:coord>
<gx:coord>-39.058865 -14.2151033 -2.692</gx:coord>
<gx:coord>-39.0588317 -14.2151283 -0.192</gx:coord>
<gx:coord>-39.0588317 -14.2151283 1.808</gx:coord>
<gx:coord>-39.0588317 -14.2151283 4.608</gx:coord>
<gx:coord>-39.0588317 -14.2151283 6.108</gx:coord>
<gx:coord>-39.0588317 -14.2151283 9.608</gx:coord>
<gx:coord>-39.0588317 -14.2151283 11.008</gx:coord>
<gx:coord>-39.0588317 -14.2151283 12.708</gx:coord>
<gx:coord>-39.0588317 -14.2151283 15.208</gx:coord>
<gx:coord>-39.0588317 -14.2151283 18.108</gx:coord>
<gx:coord>-39.0588317 -14.2151283 17.608</gx:coord>
<gx:coord>-39.0588317 -14.2151283 17.508</gx:coord>
<gx:coord>-39.0588317 -14.2151283 19.008</gx:coord>
<gx:coord>-39.0588317 -14.2151283 18.708</gx:coord>
<gx:coord>-39.0588317 -14.2151283 20.108</gx:coord>
<gx:coord>-39.0588317 -14.2151283 17.508</gx:coord>
<gx:coord>-39.0588317 -14.2151283 15.208</gx:coord>
<gx:coord>-39.0588317 -14.2151283 15.208</gx:coord>
<gx:coord>-39.0588317 -14.2151283 10.008</gx:coord>
<gx:coord>-39.0588317 -14.2151283 8.808</gx:coord>
<gx:coord>-39.0588317 -14.2151283 9.008</gx:coord>
<gx:coord>-39.0588317 -14.2151283 8.108</gx:coord>
<gx:coord>-39.0588317 -14.2151283 7.608</gx:coord>
<gx:coord>-39.0588317 -14.2151283 8.108</gx:coord>
<gx:coord>-39.0587617 -14.2151367 8.508</gx:coord>
<gx:coord>-39.0587133 -14.215125 8.408</gx:coord>
<gx:coord>-39.0586633 -14.2151 7.608</gx:coord>
<gx:coord>-39.058725 -14.2151067 6.708</gx:coord>
<gx:coord>-39.0588167 -14.2151217 4.708</gx:coord>
<gx:coord>-39.05889 -14.215135 3.108</gx:coord>
<gx:coord>-39.05895 -14.215145 2.108</gx:coord>
<gx:coord>-39.0589967 -14.2151483 0.908</gx:coord>
<gx:coord>-39.0589967 -14.2151483 1.808</gx:coord>
<gx:coord>-39.0589967 -14.2151483 3.708</gx:coord>
<gx:coord>-39.0589967 -14.2151483 3.508</gx:coord>
<gx:coord>-39.0589967 -14.2151483 2.408</gx:coord>
<gx:coord>-39.0589967 -14.2151483 2.908</gx:coord>
<gx:coord>-39.0589517 -14.2151233 4.808</gx:coord>
<gx:coord>-39.0589083 -14.2151033 4.708</gx:coord>
<gx:coord>-39.0588833 -14.2150633 4.208</gx:coord>
<gx:coord>-39.0588383 -14.2150533 5.108</gx:coord>
<gx:coord>-39.0588383 -14.2150533 5.808</gx:coord>
<gx:coord>-39.0588383 -14.2150533 5.608</gx:coord>
<gx:coord>-39.0588383 -14.2150533 1.408</gx:coord>
<gx:coord>-39.0588383 -14.2150533 -1.192</gx:coord>
<gx:coord>-39.0588383 -14.2150533 -2.992</gx:coord>
<gx:coord>-39.0588383 -14.2150533 -1.992</gx:coord>
<gx:coord>-39.0588383 -14.2150533 -4.492</gx:coord>
<gx:coord>-39.0589517 -14.21508 -4.492</gx:coord>
<gx:coord>-39.05898 -14.2150983 -8.492</gx:coord>
<gx:coord>-39.05898 -14.2150983 -9.992</gx:coord>
<gx:coord>-39.05898 -14.2150983 -11.992</gx:coord>
<gx:coord>-39.05898 -14.2150983 -13.492</gx:coord>
<gx:coord>-39.05898 -14.2150983 -13.892</gx:coord>
<gx:coord>-39.0589967 -14.2151117 -14.192</gx:coord>
<gx:coord>-39.0590917 -14.215085 -16.792</gx:coord>
<gx:coord>-39.05913 -14.2150667 -19.892</gx:coord>
<gx:coord>-39.05908 -14.2150817 -19.592</gx:coord>
<gx:coord>-39.0590317 -14.2150867 -18.192</gx:coord>
<gx:coord>-39.0589883 -14.2150883 -16.292</gx:coord>
<gx:coord>-39.0589433 -14.2150917 -13.792</gx:coord>
<gx:coord>-39.0589133 -14.2150917 -9.292</gx:coord>
<gx:coord>-39.0589133 -14.2150917 -4.492</gx:coord>
<gx:coord>-39.0589133 -14.2150917 -4.792</gx:coord>
<gx:coord>-39.0589133 -14.2150917 -4.492</gx:coord>
<gx:coord>-39.0589133 -14.2150917 -4.392</gx:coord>
<gx:coord>-39.0589133 -14.2150917 -3.692</gx:coord>
<gx:coord>-39.0589133 -14.2150917 -3.692</gx:coord>
<gx:coord>-39.0589133 -14.2150917 -4.392</gx:coord>
<gx:coord>-39.0589133 -14.2150917 -4.392</gx:coord>
<gx:coord>-39.0589133 -14.2150917 -3.392</gx:coord>
<gx:coord>-39.0588617 -14.2150017 -3.592</gx:coord>
<gx:coord>-39.05884 -14.21496 -3.492</gx:coord>
<gx:coord>-39.058875 -14.21493 -3.892</gx:coord>
<gx:coord>-39.058945 -14.2149217 -6.192</gx:coord>
<gx:coord>-39.059015 -14.2149233 -8.692</gx:coord>
<gx:coord>-39.0591 -14.2149167 -8.792</gx:coord>
<gx:coord>-39.0591733 -14.2149233 -7.792</gx:coord>
<gx:coord>-39.05925 -14.214935 -7.592</gx:coord>
<gx:coord>-39.0593383 -14.214955 -7.492</gx:coord>
<gx:coord>-39.059455 -14.2149767 -7.792</gx:coord>
<gx:coord>-39.0595767 -14.2149933 -7.692</gx:coord>
<gx:coord>-39.0597067 -14.2150217 -15.192</gx:coord>
<gx:coord>-39.0598267 -14.2150383 -11.692</gx:coord>
<gx:coord>-39.059975 -14.2150267 -16.492</gx:coord>
<gx:coord>-39.0600967 -14.2150417 -20.092</gx:coord>
<gx:coord>-39.0602183 -14.215055 -19.792</gx:coord>
<gx:coord>-39.0603417 -14.2150867 -21.392</gx:coord>
<gx:coord>-39.0604583 -14.2151183 -18.892</gx:coord>
<gx:coord>-39.060575 -14.215125 -17.892</gx:coord>
<gx:coord>-39.0606983 -14.2151617 -18.292</gx:coord>
<gx:coord>-39.0608383 -14.2152083 -18.392</gx:coord>
<gx:coord>-39.0609733 -14.2152533 -18.292</gx:coord>
<gx:coord>-39.061105 -14.215305 -18.392</gx:coord>
<gx:coord>-39.061275 -14.2153467 -18.792</gx:coord>
<gx:coord>-39.06146 -14.215415 -19.192</gx:coord>
<gx:coord>-39.0616433 -14.2154467 -19.093</gx:coord>
<gx:coord>-39.0618067 -14.215495 -18.793</gx:coord>
<gx:coord>-39.0619817 -14.21555 -18.893</gx:coord>
<gx:coord>-39.062145 -14.2155917 -18.793</gx:coord>
<gx:coord>-39.0622783 -14.2156583 -18.693</gx:coord>
<gx:coord>-39.0623883 -14.2157117 -17.893</gx:coord>
<gx:coord>-39.0624617 -14.2158233 -25.492</gx:coord>
<gx:coord>-39.0625383 -14.215855 -4.992</gx:coord>
<gx:coord>-39.0626733 -14.2158967 -5.792</gx:coord>
<gx:coord>-39.06281 -14.2159617 -6.092</gx:coord>
<gx:coord>-39.0629367 -14.21603 -9.192</gx:coord>
<gx:coord>-39.063075 -14.2160983 -9.592</gx:coord>
<gx:coord>-39.063245 -14.216125 -9.792</gx:coord>
<gx:coord>-39.0633867 -14.2161767 -10.092</gx:coord>
<gx:coord>-39.0635417 -14.2162267 -10.393</gx:coord>
<gx:coord>-39.0637 -14.21628 -10.693</gx:coord>
<gx:coord>-39.0638567 -14.21632 -11.093</gx:coord>
<gx:coord>-39.0639783 -14.2163767 -11.493</gx:coord>
<gx:coord>-39.0640917 -14.2164533 -11.293</gx:coord>
<gx:coord>-39.0641983 -14.2165133 -11.292</gx:coord>
<gx:coord>-39.064285 -14.2165583 -11.092</gx:coord>
<gx:coord>-39.0644033 -14.2165917 -10.792</gx:coord>
<gx:coord>-39.06451 -14.216625 -9.993</gx:coord>
<gx:coord>-39.0646833 -14.216625 -4.093</gx:coord>
<gx:coord>-39.0648083 -14.2166567 -4.693</gx:coord>
<gx:coord>-39.0648917 -14.21673 -15.593</gx:coord>
<gx:coord>-39.065035 -14.21679 -19.193</gx:coord>
<gx:coord>-39.0651717 -14.21682 -8.093</gx:coord>
<gx:coord>-39.06527 -14.21684 -2.793</gx:coord>
<gx:coord>-39.0653583 -14.21687 0.407</gx:coord>
<gx:coord>-39.0654417 -14.2169067 2.107</gx:coord>
<gx:coord>-39.0655433 -14.2169117 3.107</gx:coord>
<gx:coord>-39.065605 -14.21692 9.007</gx:coord>
<gx:coord>-39.0656583 -14.21695 7.407</gx:coord>
<gx:coord>-39.0657083 -14.21699 7.307</gx:coord>
<gx:coord>-39.065775 -14.2170183 7.507</gx:coord>
<gx:coord>-39.0658583 -14.2170417 6.907</gx:coord>
<gx:coord>-39.0659433 -14.2170717 6.207</gx:coord>
<gx:coord>-39.066035 -14.2171083 5.607</gx:coord>
<gx:coord>-39.066155 -14.2171317 3.207</gx:coord>
<gx:coord>-39.0662567 -14.2171583 1.607</gx:coord>
<gx:coord>-39.066365 -14.2172033 3.407</gx:coord>
<gx:coord>-39.0664533 -14.217245 4.407</gx:coord>
<gx:coord>-39.0665533 -14.2172717 5.807</gx:coord>
<gx:coord>-39.0666733 -14.2172683 9.407</gx:coord>
<gx:coord>-39.06678 -14.217295 9.807</gx:coord>
<gx:coord>-39.06687 -14.21732 11.307</gx:coord>
<gx:coord>-39.0669583 -14.2173517 11.507</gx:coord>
<gx:coord>-39.0670633 -14.2173833 11.407</gx:coord>
<gx:coord>-39.06717 -14.2174067 11.107</gx:coord>
<gx:coord>-39.067275 -14.2174217 11.007</gx:coord>
<gx:coord>-39.0673783 -14.217455 10.407</gx:coord>
<gx:coord>-39.067515 -14.217455 7.307</gx:coord>
<gx:coord>-39.0676217 -14.217475 8.307</gx:coord>
<gx:coord>-39.0677233 -14.2174917 8.007</gx:coord>
<gx:coord>-39.0678217 -14.2175 7.707</gx:coord>
<gx:coord>-39.0679317 -14.2174667 5.607</gx:coord>
<gx:coord>-39.0680267 -14.2174667 5.607</gx:coord>
<gx:coord>-39.0681283 -14.2174733 5.507</gx:coord>
<gx:coord>-39.0682467 -14.2174717 5.207</gx:coord>
<gx:coord>-39.068355 -14.2175 5.107</gx:coord>
<gx:coord>-39.06848 -14.2174867 5.107</gx:coord>
<gx:coord>-39.0686167 -14.217465 5.107</gx:coord>
<gx:coord>-39.0691017 -14.21773 6.607</gx:coord>
<gx:coord>-39.06921 -14.21781 5.307</gx:coord>
<gx:coord>-39.0693117 -14.2179017 6.207</gx:coord>
<gx:coord>-39.0694233 -14.2179817 9.707</gx:coord>
<gx:coord>-39.0694883 -14.21807 28.807</gx:coord>
<gx:coord>-39.0695633 -14.2181483 30.207</gx:coord>
<gx:coord>-39.06963 -14.218225 29.707</gx:coord>
<gx:coord>-39.0696767 -14.21828 35.207</gx:coord>
<gx:coord>-39.0697083 -14.2183033 40.907</gx:coord>
<gx:coord>-39.0698383 -14.2183017 40.307</gx:coord>
<gx:coord>-39.0699867 -14.218305 40.207</gx:coord>
<gx:coord>-39.0701433 -14.2183383 39.607</gx:coord>
<gx:coord>-39.0703533 -14.2183533 30.807</gx:coord>
<gx:coord>-39.0705183 -14.2183633 28.807</gx:coord>
<gx:coord>-39.0706317 -14.21842 22.607</gx:coord>
<gx:coord>-39.0707283 -14.2184917 16.207</gx:coord>
<gx:coord>-39.0707967 -14.2185933 13.207</gx:coord>
<gx:coord>-39.07091 -14.21867 11.807</gx:coord>
<gx:coord>-39.07096 -14.2187733 7.607</gx:coord>
<gx:coord>-39.07103 -14.2188433 6.407</gx:coord>
<gx:coord>-39.0711267 -14.21889 6.307</gx:coord>
<gx:coord>-39.0712283 -14.2189183 6.207</gx:coord>
<gx:coord>-39.07136 -14.2189567 5.807</gx:coord>
<gx:coord>-39.0715083 -14.2190067 5.407</gx:coord>
<gx:coord>-39.071715 -14.2190333 12.407</gx:coord>
<gx:coord>-39.0718583 -14.21909 11.707</gx:coord>
<gx:coord>-39.0720283 -14.2191533 12.907</gx:coord>
<gx:coord>-39.0721817 -14.2192017 24.207</gx:coord>
<gx:coord>-39.0723033 -14.2192633 29.507</gx:coord>
<gx:coord>-39.0724267 -14.219325 32.007</gx:coord>
<gx:coord>-39.0725267 -14.21938 33.907</gx:coord>
<gx:coord>-39.072655 -14.2194 37.507</gx:coord>
<gx:coord>-39.0727717 -14.2194517 36.907</gx:coord>
<gx:coord>-39.0728983 -14.21951 36.807</gx:coord>
<gx:coord>-39.0729983 -14.2195833 30.707</gx:coord>
<gx:coord>-39.073115 -14.219635 25.807</gx:coord>
<gx:coord>-39.07324 -14.2196917 13.707</gx:coord>
<gx:coord>-39.0733717 -14.21975 20.707</gx:coord>
<gx:coord>-39.07355 -14.2197883 24.807</gx:coord>
<gx:coord>-39.0736767 -14.21981 25.107</gx:coord>
<gx:coord>-39.0737583 -14.2198367 26.507</gx:coord>
<gx:coord>-39.0738133 -14.2199017 34.007</gx:coord>
<gx:coord>-39.0738917 -14.2199367 35.707</gx:coord>
<gx:coord>-39.0739867 -14.2199467 35.107</gx:coord>
<gx:coord>-39.0740683 -14.2199933 36.207</gx:coord>
<gx:coord>-39.07415 -14.2200267 31.607</gx:coord>
<gx:coord>-39.0742467 -14.220075 29.207</gx:coord>
<gx:coord>-39.0743717 -14.2201083 33.607</gx:coord>
<gx:coord>-39.07452 -14.22016 21.007</gx:coord>
<gx:coord>-39.0746417 -14.2202183 15.407</gx:coord>
<gx:coord>-39.0747467 -14.2202617 15.607</gx:coord>
<gx:coord>-39.0748667 -14.220315 16.807</gx:coord>
<gx:coord>-39.0749933 -14.2203633 17.207</gx:coord>
<gx:coord>-39.0751 -14.2204433 20.307</gx:coord>
<gx:coord>-39.0752283 -14.2205317 21.807</gx:coord>
<gx:coord>-39.0753533 -14.2206267 20.707</gx:coord>
<gx:coord>-39.0754667 -14.2207333 19.407</gx:coord>
<gx:coord>-39.07561 -14.2208083 15.107</gx:coord>
<gx:coord>-39.0757417 -14.2208783 11.807</gx:coord>
<gx:coord>-39.07587 -14.2209083 11.607</gx:coord>
<gx:coord>-39.0759533 -14.2209833 13.407</gx:coord>
<gx:coord>-39.076035 -14.22109 14.907</gx:coord>
<gx:coord>-39.0761417 -14.2211867 16.307</gx:coord>
<gx:coord>-39.0762383 -14.221295 17.407</gx:coord>
<gx:coord>-39.07635 -14.2213833 17.507</gx:coord>
<gx:coord>-39.07645 -14.2214683 17.307</gx:coord>
<gx:coord>-39.0765383 -14.2215733 18.308</gx:coord>
<gx:coord>-39.076645 -14.2216617 20.008</gx:coord>
<gx:coord>-39.0767817 -14.22174 14.708</gx:coord>
<gx:coord>-39.0769183 -14.2218417 28.008</gx:coord>
<gx:coord>-39.07707 -14.2219417 27.508</gx:coord>
<gx:coord>-39.077215 -14.2220183 26.808</gx:coord>
<gx:coord>-39.07734 -14.2220767 28.208</gx:coord>
<gx:coord>-39.0774483 -14.2221667 27.008</gx:coord>
<gx:coord>-39.0775833 -14.2222617 27.308</gx:coord>
<gx:coord>-39.0777333 -14.2223367 27.808</gx:coord>
<gx:coord>-39.0778683 -14.2223917 26.108</gx:coord>
<gx:coord>-39.0780133 -14.2224467 27.708</gx:coord>
<gx:coord>-39.0781667 -14.222475 27.008</gx:coord>
<gx:coord>-39.0783533 -14.2225 23.808</gx:coord>
<gx:coord>-39.0785333 -14.22251 10.708</gx:coord>
<gx:coord>-39.0787033 -14.2224867 2.608</gx:coord>
<gx:coord>-39.078875 -14.22244 1.207</gx:coord>
<gx:coord>-39.079055 -14.2223467 -0.293</gx:coord>
<gx:coord>-39.07921 -14.222265 0.107</gx:coord>
<gx:coord>-39.0793717 -14.2221867 -0.493</gx:coord>
<gx:coord>-39.07954 -14.2220817 -1.693</gx:coord>
<gx:coord>-39.0797333 -14.221985 -4.493</gx:coord>
<gx:coord>-39.07987 -14.2218867 -1.293</gx:coord>
<gx:coord>-39.0799767 -14.221815 -7.093</gx:coord>
<gx:coord>-39.08011 -14.2217417 -7.693</gx:coord>
<gx:coord>-39.0802617 -14.2216683 -1.793</gx:coord>
<gx:coord>-39.0804067 -14.2216083 -2.794</gx:coord>
<gx:coord>-39.080535 -14.221535 3.106</gx:coord>
<gx:coord>-39.0806517 -14.2214717 4.906</gx:coord>
<gx:coord>-39.080745 -14.2214167 0.306</gx:coord>
<gx:coord>-39.080855 -14.2213583 -0.694</gx:coord>
<gx:coord>-39.0809783 -14.2212983 -1.694</gx:coord>
<gx:coord>-39.0811133 -14.221255 -2.294</gx:coord>
<gx:coord>-39.0812683 -14.221205 -2.794</gx:coord>
<gx:coord>-39.0814083 -14.2211667 -3.194</gx:coord>
<gx:coord>-39.0815217 -14.2210983 -3.594</gx:coord>
<gx:coord>-39.081605 -14.2210417 -4.294</gx:coord>
<gx:coord>-39.0816567 -14.2209933 -3.394</gx:coord>
<gx:coord>-39.0817183 -14.2209583 -3.294</gx:coord>
<gx:coord>-39.08174 -14.22097 5.406</gx:coord>
<gx:coord>-39.08174 -14.22097 6.806</gx:coord>
<gx:coord>-39.08174 -14.22097 15.606</gx:coord>
<gx:coord>-39.08174 -14.22097 17.706</gx:coord>
<gx:coord>-39.08174 -14.22097 19.506</gx:coord>
<gx:coord>-39.081755 -14.2209267 19.106</gx:coord>
<gx:coord>-39.0817867 -14.22089 19.606</gx:coord>
<gx:coord>-39.0818367 -14.2208783 21.506</gx:coord>
<gx:coord>-39.08186 -14.2208767 23.806</gx:coord>
<gx:coord>-39.08186 -14.2208767 23.806</gx:coord>
<gx:coord>-39.08186 -14.2208767 23.806</gx:coord>
<gx:coord>-39.08188 -14.22089 25.706</gx:coord>
<gx:coord>-39.0819167 -14.2208833 26.206</gx:coord>
<gx:coord>-39.08192 -14.2208567 22.106</gx:coord>
<gx:coord>-39.08192 -14.2208567 20.306</gx:coord>
<gx:coord>-39.08192 -14.2208567 20.406</gx:coord>
<gx:coord>-39.08192 -14.2208567 20.406</gx:coord>
<gx:coord>-39.08192 -14.2208567 20.406</gx:coord>
<gx:coord>-39.08192 -14.2208567 20.406</gx:coord>
<gx:coord>-39.08192 -14.2208567 22.806</gx:coord>
<gx:coord>-39.08192 -14.2208567 23.006</gx:coord>
<gx:coord>-39.08192 -14.2208567 23.006</gx:coord>
<gx:coord>-39.08192 -14.2208567 23.006</gx:coord>
<gx:coord>-39.08192 -14.2208567 24.306</gx:coord>
<gx:coord>-39.08192 -14.2208567 24.406</gx:coord>
<gx:coord>-39.08192 -14.2208567 24.406</gx:coord>
<gx:coord>-39.08192 -14.2208567 24.406</gx:coord>
<gx:coord>-39.08192 -14.2208567 24.406</gx:coord>
<gx:coord>-39.08192 -14.2208567 24.406</gx:coord>
<gx:coord>-39.08192 -14.2208567 24.406</gx:coord>
<gx:coord>-39.08192 -14.2208567 24.406</gx:coord>
<gx:coord>-39.08192 -14.2208567 24.406</gx:coord>
<gx:coord>-39.08192 -14.2208567 24.406</gx:coord>
<gx:coord>-39.08192 -14.2208567 24.406</gx:coord>
<gx:coord>-39.08192 -14.2208567 24.406</gx:coord>
<gx:coord>-39.08192 -14.2208567 24.406</gx:coord>
<gx:coord>-39.08192 -14.2208567 24.406</gx:coord>
<gx:coord>-39.08192 -14.2208567 24.406</gx:coord>
<gx:coord>-39.08192 -14.2208567 24.406</gx:coord>
<gx:coord>-39.08192 -14.2208567 24.406</gx:coord>
<gx:coord>-39.08192 -14.2208567 24.406</gx:coord>
<gx:coord>-39.08192 -14.2208567 24.406</gx:coord>
<gx:coord>-39.08192 -14.2208567 24.406</gx:coord>
<gx:coord>-39.08192 -14.2208567 24.406</gx:coord>
<gx:coord>-39.08192 -14.2208567 24.406</gx:coord>
<gx:coord>-39.08192 -14.2208567 21.806</gx:coord>
<gx:coord>-39.08192 -14.2208567 20.606</gx:coord>
<gx:coord>-39.08192 -14.2208567 20.606</gx:coord>
<gx:coord>-39.08192 -14.2208567 20.606</gx:coord>
<gx:coord>-39.08192 -14.2208567 20.606</gx:coord>
<gx:coord>-39.08192 -14.2208567 20.606</gx:coord>
<gx:coord>-39.08192 -14.2208567 20.606</gx:coord>
<gx:coord>-39.08192 -14.2208567 20.606</gx:coord>
<gx:coord>-39.08192 -14.2208567 20.606</gx:coord>
<gx:coord>-39.08192 -14.2208567 20.606</gx:coord>
<gx:coord>-39.08192 -14.2208567 20.606</gx:coord>
<gx:coord>-39.08192 -14.2208567 20.606</gx:coord>
<gx:coord>-39.08192 -14.2208567 20.606</gx:coord>
<gx:coord>-39.08192 -14.2208567 20.606</gx:coord>
<gx:coord>-39.08192 -14.2208567 20.606</gx:coord>
<gx:coord>-39.08192 -14.2208567 20.606</gx:coord>
<gx:coord>-39.08192 -14.2208567 20.606</gx:coord>
<gx:coord>-39.08192 -14.2208567 20.606</gx:coord>
<gx:coord>-39.08192 -14.2208567 20.606</gx:coord>
<gx:coord>-39.08192 -14.2208567 20.606</gx:coord>
<gx:coord>-39.08192 -14.2208567 20.606</gx:coord>
<gx:coord>-39.08192 -14.2208567 20.606</gx:coord>
<gx:coord>-39.08192 -14.2208567 20.606</gx:coord>
<gx:coord>-39.08192 -14.2208567 20.606</gx:coord>
<gx:coord>-39.08192 -14.2208567 20.606</gx:coord>
<gx:coord>-39.08192 -14.2208567 20.606</gx:coord>
<gx:coord>-39.08192 -14.2208567 20.606</gx:coord>
<gx:coord>-39.08192 -14.2208567 20.606</gx:coord>
<gx:coord>-39.08192 -14.2208567 20.606</gx:coord>
<gx:coord>-39.08192 -14.2208567 20.606</gx:coord>
<gx:coord>-39.08192 -14.2208567 20.606</gx:coord>
<gx:coord>-39.08192 -14.2208567 20.606</gx:coord>
<gx:coord>-39.08192 -14.2208567 23.506</gx:coord>
<gx:coord>-39.08192 -14.2208567 23.506</gx:coord>
<gx:coord>-39.08192 -14.2208567 23.506</gx:coord>
<gx:coord>-39.08192 -14.2208567 23.506</gx:coord>
<gx:coord>-39.08192 -14.2208567 23.506</gx:coord>
<gx:coord>-39.08192 -14.2208567 23.506</gx:coord>
<gx:coord>-39.08192 -14.2208567 23.506</gx:coord>
<gx:coord>-39.08192 -14.2208567 23.506</gx:coord>
<gx:coord>-39.08192 -14.2208567 23.506</gx:coord>
<gx:coord>-39.08192 -14.2208567 23.506</gx:coord>
<gx:coord>-39.08192 -14.2208567 23.506</gx:coord>
<gx:coord>-39.08192 -14.2208567 23.506</gx:coord>
<gx:coord>-39.08192 -14.2208567 23.506</gx:coord>
<gx:coord>-39.08192 -14.2208567 23.506</gx:coord>
<gx:coord>-39.08192 -14.2208567 23.506</gx:coord>
<gx:coord>-39.08192 -14.2208567 25.206</gx:coord>
<gx:coord>-39.08192 -14.2208567 25.206</gx:coord>
<gx:coord>-39.08192 -14.2208567 25.206</gx:coord>
<gx:coord>-39.08192 -14.2208567 25.206</gx:coord>
<gx:coord>-39.08192 -14.2208567 25.206</gx:coord>
<gx:coord>-39.08192 -14.2208567 21.906</gx:coord>
<gx:coord>-39.08192 -14.2208567 21.906</gx:coord>
<gx:coord>-39.08192 -14.2208567 21.906</gx:coord>
<gx:coord>-39.08192 -14.2208567 21.906</gx:coord>
<gx:coord>-39.08192 -14.2208567 21.906</gx:coord>
<gx:coord>-39.08192 -14.2208567 21.906</gx:coord>
<gx:coord>-39.08192 -14.2208567 21.906</gx:coord>
<gx:coord>-39.08192 -14.2208567 21.906</gx:coord>
<gx:coord>-39.08192 -14.2208567 21.906</gx:coord>
<gx:coord>-39.08192 -14.2208567 21.906</gx:coord>
<gx:coord>-39.08192 -14.2208567 23.106</gx:coord>
<gx:coord>-39.08192 -14.2208567 25.206</gx:coord>
<gx:coord>-39.08197 -14.22085 26.906</gx:coord>
<gx:coord>-39.0820183 -14.2208567 29.006</gx:coord>
<gx:coord>-39.082065 -14.220835 28.406</gx:coord>
<gx:coord>-39.0821117 -14.2208167 29.005</gx:coord>
<gx:coord>-39.08214 -14.22078 29.805</gx:coord>
<gx:coord>-39.0821833 -14.2207767 32.005</gx:coord>
<gx:coord>-39.082195 -14.22073 33.305</gx:coord>
<gx:coord>-39.08222 -14.2206867 32.705</gx:coord>
<gx:coord>-39.0822417 -14.220645 33.005</gx:coord>
<gx:coord>-39.0822683 -14.2206083 33.605</gx:coord>
<gx:coord>-39.0822583 -14.22057 33.405</gx:coord>
<gx:coord>-39.0822667 -14.2205183 34.505</gx:coord>
<gx:coord>-39.0822717 -14.2204717 35.805</gx:coord>
<gx:coord>-39.082285 -14.2204283 36.305</gx:coord>
<gx:coord>-39.0823083 -14.2203833 36.205</gx:coord>
<gx:coord>-39.08233 -14.2203367 36.505</gx:coord>
<gx:coord>-39.0823617 -14.2202933 35.705</gx:coord>
<gx:coord>-39.0823917 -14.2202533 35.505</gx:coord>
<gx:coord>-39.08243 -14.2202183 35.305</gx:coord>
<gx:coord>-39.082455 -14.220175 34.005</gx:coord>
<gx:coord>-39.0824867 -14.22014 33.205</gx:coord>
<gx:coord>-39.08251 -14.22014 31.805</gx:coord>
<gx:coord>-39.0825117 -14.22009 32.305</gx:coord>
<gx:coord>-39.0825567 -14.2200667 33.005</gx:coord>
<gx:coord>-39.0826017 -14.2200483 34.105</gx:coord>
<gx:coord>-39.0826417 -14.22002 33.605</gx:coord>
<gx:coord>-39.082685 -14.2199983 32.305</gx:coord>
<gx:coord>-39.0827233 -14.21997 30.905</gx:coord>
<gx:coord>-39.082765 -14.21994 30.305</gx:coord>
<gx:coord>-39.0828133 -14.2199267 30.605</gx:coord>
<gx:coord>-39.082855 -14.219895 30.405</gx:coord>
<gx:coord>-39.0828883 -14.2198583 30.005</gx:coord>
<gx:coord>-39.0829233 -14.2198217 29.105</gx:coord>
<gx:coord>-39.082965 -14.2197883 29.605</gx:coord>
<gx:coord>-39.0830083 -14.2197683 29.705</gx:coord>
<gx:coord>-39.08302 -14.2197833 31.705</gx:coord>
<gx:coord>-39.0830383 -14.2197833 33.205</gx:coord>
<gx:coord>-39.0830383 -14.2197833 33.105</gx:coord>
<gx:coord>-39.0830383 -14.2197833 31.205</gx:coord>
<gx:coord>-39.0830383 -14.2197833 31.605</gx:coord>
<gx:coord>-39.0830483 -14.2197283 32.505</gx:coord>
<gx:coord>-39.083085 -14.2196933 33.004</gx:coord>
<gx:coord>-39.0831233 -14.2196567 31.404</gx:coord>
<gx:coord>-39.08315 -14.2196167 32.404</gx:coord>
<gx:coord>-39.0831717 -14.2195717 32.804</gx:coord>
<gx:coord>-39.0831983 -14.2195333 32.904</gx:coord>
<gx:coord>-39.0832017 -14.2194833 31.104</gx:coord>
<gx:coord>-39.0832233 -14.2194417 28.504</gx:coord>
<gx:coord>-39.08325 -14.219405 25.704</gx:coord>
<gx:coord>-39.0832933 -14.2193783 24.104</gx:coord>
<gx:coord>-39.08333 -14.21935 23.404</gx:coord>
<gx:coord>-39.08337 -14.2193267 24.304</gx:coord>
<gx:coord>-39.0834133 -14.2193133 22.804</gx:coord>
<gx:coord>-39.0834633 -14.21929 23.004</gx:coord>
<gx:coord>-39.083505 -14.219265 23.104</gx:coord>
<gx:coord>-39.083545 -14.2192383 23.604</gx:coord>
<gx:coord>-39.0835883 -14.21922 23.404</gx:coord>
<gx:coord>-39.0836267 -14.219195 22.804</gx:coord>
<gx:coord>-39.0836683 -14.219175 20.904</gx:coord>
<gx:coord>-39.083715 -14.2191517 21.104</gx:coord>
<gx:coord>-39.083765 -14.219135 22.004</gx:coord>
<gx:coord>-39.0837983 -14.21911 24.104</gx:coord>
<gx:coord>-39.08385 -14.2190933 24.704</gx:coord>
<gx:coord>-39.083895 -14.2190767 24.604</gx:coord>
<gx:coord>-39.0839433 -14.219055 24.504</gx:coord>
<gx:coord>-39.083995 -14.2190433 24.704</gx:coord>
<gx:coord>-39.0840467 -14.2190283 23.404</gx:coord>
<gx:coord>-39.0840933 -14.2190267 23.504</gx:coord>
<gx:coord>-39.0841433 -14.2190117 24.804</gx:coord>
<gx:coord>-39.08419 -14.2190033 25.304</gx:coord>
<gx:coord>-39.0842383 -14.2189967 26.504</gx:coord>
<gx:coord>-39.0842867 -14.2189833 26.804</gx:coord>
<gx:coord>-39.0843417 -14.218975 26.204</gx:coord>
<gx:coord>-39.0843883 -14.2189567 25.804</gx:coord>
<gx:coord>-39.0844167 -14.218915 27.604</gx:coord>
<gx:coord>-39.084455 -14.2188867 27.404</gx:coord>
<gx:coord>-39.0845017 -14.2188667 26.204</gx:coord>
<gx:coord>-39.084555 -14.218855 27.004</gx:coord>
<gx:coord>-39.0846033 -14.21885 26.203</gx:coord>
<gx:coord>-39.0846517 -14.2188417 25.303</gx:coord>
<gx:coord>-39.0846983 -14.2188183 26.603</gx:coord>
<gx:coord>-39.0847467 -14.2188233 24.903</gx:coord>
<gx:coord>-39.0847933 -14.2188067 25.103</gx:coord>
<gx:coord>-39.08484 -14.2187983 22.503</gx:coord>
<gx:coord>-39.0848567 -14.2187917 22.403</gx:coord>
<gx:coord>-39.0848917 -14.218785 23.503</gx:coord>
<gx:coord>-39.0849433 -14.218785 24.703</gx:coord>
<gx:coord>-39.08499 -14.2187683 23.903</gx:coord>
<gx:coord>-39.085045 -14.2187617 23.503</gx:coord>
<gx:coord>-39.0850967 -14.2187433 23.903</gx:coord>
<gx:coord>-39.0851383 -14.2187183 24.903</gx:coord>
<gx:coord>-39.085185 -14.21871 24.003</gx:coord>
<gx:coord>-39.0852217 -14.2186833 22.703</gx:coord>
<gx:coord>-39.0852233 -14.218685 22.603</gx:coord>
<gx:coord>-39.0852233 -14.218685 22.603</gx:coord>
<gx:coord>-39.0852233 -14.218685 22.603</gx:coord>
<gx:coord>-39.0852233 -14.218685 22.603</gx:coord>
<gx:coord>-39.0852233 -14.218685 22.603</gx:coord>
<gx:coord>-39.0852233 -14.218685 22.603</gx:coord>
<gx:coord>-39.0852233 -14.218685 22.603</gx:coord>
<gx:coord>-39.0852233 -14.218685 22.603</gx:coord>
<gx:coord>-39.0852233 -14.218685 22.603</gx:coord>
<gx:coord>-39.0852233 -14.218685 22.603</gx:coord>
<gx:coord>-39.0852233 -14.218685 22.603</gx:coord>
<gx:coord>-39.0852233 -14.218685 22.603</gx:coord>
<gx:coord>-39.0852233 -14.218685 22.603</gx:coord>
<gx:coord>-39.0852233 -14.218685 22.603</gx:coord>
<gx:coord>-39.0852233 -14.218685 22.603</gx:coord>
<gx:coord>-39.0852233 -14.218685 22.603</gx:coord>
<gx:coord>-39.0852233 -14.218685 22.603</gx:coord>
<gx:coord>-39.0852233 -14.218685 22.603</gx:coord>
<gx:coord>-39.0852233 -14.218685 22.603</gx:coord>
<gx:coord>-39.0852233 -14.218685 22.603</gx:coord>
<gx:coord>-39.0852233 -14.218685 22.603</gx:coord>
<gx:coord>-39.0852233 -14.218685 22.603</gx:coord>
<gx:coord>-39.0852233 -14.218685 22.603</gx:coord>
<gx:coord>-39.0852233 -14.218685 22.603</gx:coord>
<gx:coord>-39.0852233 -14.218685 22.603</gx:coord>
<gx:coord>-39.0852233 -14.218685 22.603</gx:coord>
<gx:coord>-39.0852233 -14.218685 22.603</gx:coord>
<gx:coord>-39.0852783 -14.21869 24.403</gx:coord>
<gx:coord>-39.0853267 -14.2187017 24.403</gx:coord>
<gx:coord>-39.0853783 -14.218695 23.903</gx:coord>
<gx:coord>-39.0854283 -14.2186833 22.803</gx:coord>
<gx:coord>-39.0854817 -14.2186933 21.603</gx:coord>
<gx:coord>-39.0855283 -14.2187117 19.503</gx:coord>
<gx:coord>-39.08556 -14.2187467 19.903</gx:coord>
<gx:coord>-39.08558 -14.21879 20.803</gx:coord>
<gx:coord>-39.0856 -14.2188317 21.803</gx:coord>
<gx:coord>-39.0856083 -14.2188383 24.303</gx:coord>
<gx:coord>-39.0856083 -14.2188383 24.303</gx:coord>
<gx:coord>-39.0856083 -14.2188383 24.303</gx:coord>
<gx:coord>-39.0856083 -14.2188383 24.303</gx:coord>
<gx:coord>-39.0856083 -14.2188383 24.303</gx:coord>
<gx:coord>-39.085635 -14.21884 22.603</gx:coord>
<gx:coord>-39.085635 -14.21884 22.603</gx:coord>
<gx:coord>-39.085635 -14.21884 22.603</gx:coord>
<gx:coord>-39.085635 -14.21884 22.603</gx:coord>
<gx:coord>-39.085635 -14.21884 22.603</gx:coord>
<gx:coord>-39.085635 -14.21884 22.603</gx:coord>
<gx:coord>-39.085635 -14.21884 26.103</gx:coord>
<gx:coord>-39.085635 -14.21884 26.303</gx:coord>
<gx:coord>-39.085635 -14.21884 26.303</gx:coord>
<gx:coord>-39.085635 -14.21884 26.303</gx:coord>
<gx:coord>-39.085635 -14.21884 26.303</gx:coord>
<gx:coord>-39.085635 -14.21884 26.303</gx:coord>
<gx:coord>-39.085635 -14.21884 26.303</gx:coord>
<gx:coord>-39.085635 -14.21884 22.703</gx:coord>
<gx:coord>-39.085635 -14.21884 22.103</gx:coord>
<gx:coord>-39.085635 -14.21884 22.103</gx:coord>
<gx:coord>-39.085635 -14.21884 22.103</gx:coord>
<gx:coord>-39.085635 -14.21884 22.103</gx:coord>
<gx:coord>-39.085635 -14.21884 22.103</gx:coord>
<gx:coord>-39.085635 -14.21884 22.103</gx:coord>
<gx:coord>-39.085635 -14.21884 22.103</gx:coord>
<gx:coord>-39.085635 -14.21884 22.103</gx:coord>
<gx:coord>-39.085635 -14.21884 22.103</gx:coord>
<gx:coord>-39.085635 -14.21884 22.103</gx:coord>
<gx:coord>-39.085635 -14.21884 22.103</gx:coord>
<gx:coord>-39.085635 -14.21884 22.103</gx:coord>
<gx:coord>-39.085635 -14.21884 22.103</gx:coord>
<gx:coord>-39.085635 -14.21884 22.103</gx:coord>
<gx:coord>-39.085635 -14.21884 22.103</gx:coord>
<gx:coord>-39.085635 -14.21884 22.103</gx:coord>
<gx:coord>-39.085635 -14.21884 21.603</gx:coord>
<gx:coord>-39.085635 -14.21884 21.603</gx:coord>
<gx:coord>-39.085635 -14.21884 21.603</gx:coord>
<gx:coord>-39.085635 -14.21884 21.603</gx:coord>
<gx:coord>-39.085635 -14.21884 21.603</gx:coord>
<gx:coord>-39.085635 -14.21884 21.603</gx:coord>
<gx:coord>-39.085635 -14.21884 21.603</gx:coord>
<gx:coord>-39.085635 -14.21884 21.603</gx:coord>
<gx:coord>-39.085635 -14.21884 21.603</gx:coord>
<gx:coord>-39.085635 -14.21884 21.603</gx:coord>
<gx:coord>-39.085635 -14.21884 21.603</gx:coord>
<gx:coord>-39.085635 -14.21884 21.603</gx:coord>
<gx:coord>-39.085635 -14.21884 21.603</gx:coord>
<gx:coord>-39.085635 -14.21884 21.603</gx:coord>
<gx:coord>-39.085635 -14.21884 21.603</gx:coord>
<gx:coord>-39.085635 -14.21884 21.603</gx:coord>
<gx:coord>-39.085635 -14.21884 21.603</gx:coord>
<gx:coord>-39.085635 -14.21884 21.603</gx:coord>
<gx:coord>-39.085635 -14.21884 21.603</gx:coord>
<gx:coord>-39.085635 -14.21884 21.603</gx:coord>
<gx:coord>-39.085635 -14.21884 21.603</gx:coord>
<gx:coord>-39.085635 -14.21884 21.603</gx:coord>
<gx:coord>-39.085635 -14.21884 21.603</gx:coord>
<gx:coord>-39.085635 -14.21884 21.603</gx:coord>
<gx:coord>-39.085635 -14.21884 21.603</gx:coord>
<gx:coord>-39.085635 -14.21884 21.603</gx:coord>
<gx:coord>-39.085635 -14.21884 21.603</gx:coord>
<gx:coord>-39.085635 -14.21884 21.603</gx:coord>
<gx:coord>-39.085635 -14.21884 21.603</gx:coord>
<gx:coord>-39.085635 -14.21884 21.603</gx:coord>
<gx:coord>-39.085635 -14.21884 21.603</gx:coord>
<gx:coord>-39.085635 -14.21884 21.603</gx:coord>
<gx:coord>-39.085635 -14.21884 21.603</gx:coord>
<gx:coord>-39.085635 -14.21884 21.603</gx:coord>
<gx:coord>-39.085635 -14.21884 21.603</gx:coord>
<gx:coord>-39.085635 -14.21884 21.603</gx:coord>
<gx:coord>-39.085635 -14.21884 21.603</gx:coord>
<gx:coord>-39.085635 -14.21884 21.603</gx:coord>
<gx:coord>-39.085635 -14.21884 21.603</gx:coord>
<gx:coord>-39.085635 -14.21884 21.603</gx:coord>
<gx:coord>-39.085635 -14.21884 21.603</gx:coord>
<gx:coord>-39.085635 -14.21884 21.603</gx:coord>
<gx:coord>-39.085635 -14.21884 21.603</gx:coord>
<gx:coord>-39.085635 -14.21884 21.003</gx:coord>
<gx:coord>-39.085635 -14.21884 21.003</gx:coord>
<gx:coord>-39.085635 -14.21884 21.003</gx:coord>
<gx:coord>-39.085635 -14.21884 21.003</gx:coord>
<gx:coord>-39.085635 -14.21884 21.003</gx:coord>
<gx:coord>-39.085635 -14.21884 21.003</gx:coord>
<gx:coord>-39.085635 -14.21884 21.003</gx:coord>
<gx:coord>-39.085635 -14.21884 21.003</gx:coord>
<gx:coord>-39.085635 -14.21884 21.003</gx:coord>
<gx:coord>-39.085635 -14.21884 21.003</gx:coord>
<gx:coord>-39.085635 -14.21884 21.003</gx:coord>
<gx:coord>-39.085635 -14.21884 21.003</gx:coord>
<gx:coord>-39.085635 -14.21884 21.003</gx:coord>
<gx:coord>-39.085635 -14.21884 21.003</gx:coord>
<gx:coord>-39.085635 -14.21884 21.503</gx:coord>
<gx:coord>-39.085635 -14.21884 21.503</gx:coord>
<gx:coord>-39.085635 -14.21884 21.503</gx:coord>
<gx:coord>-39.085635 -14.21884 21.503</gx:coord>
<gx:coord>-39.085635 -14.21884 21.503</gx:coord>
<gx:coord>-39.085635 -14.21884 21.503</gx:coord>
<gx:coord>-39.085635 -14.21884 21.503</gx:coord>
<gx:coord>-39.085635 -14.21884 21.503</gx:coord>
<gx:coord>-39.085635 -14.21884 21.503</gx:coord>
<gx:coord>-39.085635 -14.21884 21.503</gx:coord>
<gx:coord>-39.085635 -14.21884 21.503</gx:coord>
<gx:coord>-39.085635 -14.21884 21.503</gx:coord>
<gx:coord>-39.085635 -14.21884 21.503</gx:coord>
<gx:coord>-39.085635 -14.21884 21.503</gx:coord>
<gx:coord>-39.085635 -14.21884 21.503</gx:coord>
<gx:coord>-39.085635 -14.21884 21.503</gx:coord>
<gx:coord>-39.085635 -14.21884 21.503</gx:coord>
<gx:coord>-39.085635 -14.21884 21.503</gx:coord>
<gx:coord>-39.085635 -14.21884 21.503</gx:coord>
<gx:coord>-39.085635 -14.21884 21.503</gx:coord>
<gx:coord>-39.0855917 -14.2188233 21.303</gx:coord>
<gx:coord>-39.0855367 -14.2188267 22.503</gx:coord>
<gx:coord>-39.0854983 -14.2188317 22.903</gx:coord>
<gx:coord>-39.0854667 -14.2188033 22.903</gx:coord>
<gx:coord>-39.0854717 -14.2188267 23.003</gx:coord>
<gx:coord>-39.0855283 -14.218825 23.303</gx:coord>
<gx:coord>-39.0855833 -14.2188267 22.603</gx:coord>
<gx:coord>-39.085615 -14.2188383 21.503</gx:coord>
<gx:coord>-39.085615 -14.2188383 21.503</gx:coord>
<gx:coord>-39.085605 -14.218825 21.003</gx:coord>
<gx:coord>-39.085605 -14.218825 21.003</gx:coord>
<gx:coord>-39.085605 -14.218825 21.003</gx:coord>
<gx:coord>-39.085605 -14.218825 21.003</gx:coord>
<gx:coord>-39.085555 -14.2188183 20.603</gx:coord>
<gx:coord>-39.0855117 -14.21884 22.603</gx:coord>
<gx:coord>-39.0854867 -14.2188433 24.603</gx:coord>
<gx:coord>-39.0854817 -14.2188517 25.003</gx:coord>
<gx:coord>-39.0854817 -14.2188517 25.003</gx:coord>
<gx:coord>-39.0854567 -14.2188633 21.003</gx:coord>
<gx:coord>-39.0854483 -14.2188633 22.203</gx:coord>
<gx:coord>-39.0854367 -14.2188667 21.703</gx:coord>
<gx:coord>-39.0854367 -14.2188667 21.703</gx:coord>
<gx:coord>-39.0854367 -14.2188667 24.003</gx:coord>
<gx:coord>-39.0854367 -14.2188667 24.103</gx:coord>
<gx:coord>-39.0854367 -14.2188667 20.403</gx:coord>
<gx:coord>-39.0854367 -14.2188667 19.903</gx:coord>
<gx:coord>-39.0854367 -14.2188667 19.903</gx:coord>
<gx:coord>-39.0854367 -14.2188667 19.903</gx:coord>
<gx:coord>-39.0854367 -14.2188667 19.903</gx:coord>
<gx:coord>-39.0854367 -14.2188667 23.403</gx:coord>
<gx:coord>-39.0854367 -14.2188667 23.403</gx:coord>
<gx:coord>-39.0854367 -14.2188667 23.403</gx:coord>
<gx:coord>-39.0854367 -14.2188667 21.303</gx:coord>
<gx:coord>-39.0854367 -14.2188667 20.603</gx:coord>
<gx:coord>-39.0854367 -14.2188667 20.603</gx:coord>
<gx:coord>-39.0854367 -14.2188667 20.603</gx:coord>
<gx:coord>-39.0854367 -14.2188667 20.603</gx:coord>
<gx:coord>-39.0854367 -14.2188667 20.603</gx:coord>
<gx:coord>-39.0854367 -14.2188667 21.303</gx:coord>
<gx:coord>-39.0854367 -14.2188667 21.403</gx:coord>
<gx:coord>-39.0854367 -14.2188667 21.403</gx:coord>
<gx:coord>-39.0854367 -14.2188667 18.803</gx:coord>
<gx:coord>-39.0854367 -14.2188667 18.403</gx:coord>
<gx:coord>-39.0854367 -14.2188667 20.803</gx:coord>
<gx:coord>-39.0854367 -14.2188667 23.603</gx:coord>
<gx:coord>-39.0854367 -14.2188667 23.603</gx:coord>
<gx:coord>-39.0854367 -14.2188667 23.603</gx:coord>
<gx:coord>-39.0854367 -14.2188667 22.203</gx:coord>
<gx:coord>-39.0854367 -14.2188667 22.203</gx:coord>
<gx:coord>-39.0854367 -14.2188667 24.403</gx:coord>
<gx:coord>-39.0854367 -14.2188667 24.403</gx:coord>
<gx:coord>-39.0854367 -14.2188667 24.403</gx:coord>
<gx:coord>-39.0854367 -14.2188667 24.403</gx:coord>
<gx:coord>-39.0854367 -14.2188667 24.403</gx:coord>
<gx:coord>-39.0854367 -14.2188667 24.403</gx:coord>
<gx:coord>-39.0854367 -14.2188667 24.403</gx:coord>
<gx:coord>-39.0854367 -14.2188667 24.403</gx:coord>
<gx:coord>-39.0854367 -14.2188667 24.403</gx:coord>
<gx:coord>-39.0854367 -14.2188667 24.403</gx:coord>
<gx:coord>-39.0854367 -14.2188667 24.403</gx:coord>
<gx:coord>-39.0854367 -14.2188667 24.403</gx:coord>
<gx:coord>-39.0854367 -14.2188667 24.403</gx:coord>
<gx:coord>-39.0854367 -14.2188667 24.403</gx:coord>
<gx:coord>-39.0854367 -14.2188667 24.403</gx:coord>
<gx:coord>-39.0854367 -14.2188667 24.403</gx:coord>
<gx:coord>-39.0854367 -14.2188667 24.403</gx:coord>
<gx:coord>-39.0854367 -14.2188667 19.703</gx:coord>
<gx:coord>-39.0854367 -14.2188667 19.803</gx:coord>
<gx:coord>-39.0854367 -14.2188667 19.803</gx:coord>
<gx:coord>-39.0854367 -14.2188667 19.803</gx:coord>
<gx:coord>-39.0854367 -14.2188667 19.803</gx:coord>
<gx:coord>-39.0854367 -14.2188667 19.803</gx:coord>
<gx:coord>-39.0854367 -14.2188667 19.803</gx:coord>
<gx:coord>-39.0854367 -14.2188667 19.803</gx:coord>
<gx:coord>-39.0854367 -14.2188667 19.803</gx:coord>
<gx:coord>-39.0854367 -14.2188667 23.603</gx:coord>
<gx:coord>-39.0854367 -14.2188667 23.603</gx:coord>
<gx:coord>-39.0854367 -14.2188667 23.603</gx:coord>
<gx:coord>-39.0854367 -14.2188667 23.603</gx:coord>
<gx:coord>-39.0854367 -14.2188667 23.603</gx:coord>
<gx:coord>-39.0854367 -14.2188667 23.603</gx:coord>
<gx:coord>-39.0854367 -14.2188667 23.603</gx:coord>
<gx:coord>-39.0854367 -14.2188667 23.603</gx:coord>
<gx:coord>-39.0854367 -14.2188667 23.603</gx:coord>
<gx:coord>-39.0854367 -14.2188667 23.603</gx:coord>
<gx:coord>-39.0854367 -14.2188667 23.603</gx:coord>
<gx:coord>-39.0854367 -14.2188667 23.603</gx:coord>
<gx:coord>-39.0854367 -14.2188667 23.603</gx:coord>
<gx:coord>-39.0854367 -14.2188667 23.603</gx:coord>
<gx:coord>-39.0854367 -14.2188667 26.703</gx:coord>
<gx:coord>-39.0854367 -14.2188667 26.503</gx:coord>
<gx:coord>-39.0854367 -14.2188667 26.503</gx:coord>
<gx:coord>-39.0854367 -14.2188667 26.503</gx:coord>
<gx:coord>-39.0854367 -14.2188667 19.603</gx:coord>
<gx:coord>-39.0854367 -14.2188667 20.803</gx:coord>
<gx:coord>-39.0854367 -14.2188667 20.803</gx:coord>
<gx:coord>-39.0854367 -14.2188667 20.803</gx:coord>
<gx:coord>-39.0854367 -14.2188667 20.803</gx:coord>
<gx:coord>-39.0854367 -14.2188667 20.803</gx:coord>
<gx:coord>-39.0854367 -14.2188667 20.803</gx:coord>
<gx:coord>-39.0854367 -14.2188667 20.803</gx:coord>
<gx:coord>-39.0854367 -14.2188667 22.403</gx:coord>
<gx:coord>-39.0853883 -14.2187983 22.503</gx:coord>
<gx:coord>-39.085425 -14.2187667 21.903</gx:coord>
<gx:coord>-39.085475 -14.21878 22.003</gx:coord>
<gx:coord>-39.0855233 -14.2187867 21.603</gx:coord>
<gx:coord>-39.08557 -14.2187833 20.903</gx:coord>
<gx:coord>-39.0856167 -14.21877 18.903</gx:coord>
<gx:coord>-39.0856667 -14.2187683 19.703</gx:coord>
<gx:coord>-39.0857183 -14.2187667 19.303</gx:coord>
<gx:coord>-39.0857683 -14.2187733 19.603</gx:coord>
<gx:coord>-39.0858183 -14.2187867 19.403</gx:coord>
<gx:coord>-39.0858667 -14.2188067 18.703</gx:coord>
<gx:coord>-39.0859083 -14.218825 17.503</gx:coord>
<gx:coord>-39.0859083 -14.218825 17.503</gx:coord>
<gx:coord>-39.0859083 -14.218825 17.503</gx:coord>
<gx:coord>-39.0859083 -14.218825 17.503</gx:coord>
<gx:coord>-39.0859 -14.2188433 17.203</gx:coord>
<gx:coord>-39.0858867 -14.21884 18.703</gx:coord>
<gx:coord>-39.0858367 -14.2188467 18.203</gx:coord>
<gx:coord>-39.08579 -14.21886 18.103</gx:coord>
<gx:coord>-39.085745 -14.218875 17.003</gx:coord>
<gx:coord>-39.0856783 -14.2188967 17.303</gx:coord>
<gx:coord>-39.0855983 -14.218915 17.603</gx:coord>
<gx:coord>-39.0855117 -14.21893 18.003</gx:coord>
<gx:coord>-39.0854117 -14.2189367 19.503</gx:coord>
<gx:coord>-39.0853033 -14.2189417 18.803</gx:coord>
<gx:coord>-39.0851933 -14.218945 17.503</gx:coord>
<gx:coord>-39.0850733 -14.2189467 17.503</gx:coord>
<gx:coord>-39.0849483 -14.2189533 17.703</gx:coord>
<gx:coord>-39.0848283 -14.21896 18.304</gx:coord>
<gx:coord>-39.0847117 -14.2189667 19.004</gx:coord>
<gx:coord>-39.0845933 -14.2189683 21.204</gx:coord>
<gx:coord>-39.0844683 -14.21897 22.404</gx:coord>
<gx:coord>-39.0843217 -14.2189833 22.604</gx:coord>
<gx:coord>-39.0841683 -14.2190033 21.804</gx:coord>
<gx:coord>-39.0840267 -14.2190383 21.104</gx:coord>
<gx:coord>-39.0838767 -14.2190867 21.604</gx:coord>
<gx:coord>-39.0837317 -14.219165 21.404</gx:coord>
<gx:coord>-39.083605 -14.219245 21.004</gx:coord>
<gx:coord>-39.0834933 -14.219325 21.104</gx:coord>
<gx:coord>-39.08337 -14.2193983 21.704</gx:coord>
<gx:coord>-39.0832567 -14.2194567 20.904</gx:coord>
<gx:coord>-39.0831417 -14.21951 20.504</gx:coord>
<gx:coord>-39.0830233 -14.21958 20.604</gx:coord>
<gx:coord>-39.0828967 -14.219645 20.204</gx:coord>
<gx:coord>-39.0827733 -14.2197317 19.905</gx:coord>
<gx:coord>-39.082645 -14.2198 20.605</gx:coord>
<gx:coord>-39.082525 -14.2198867 22.305</gx:coord>
<gx:coord>-39.0824083 -14.2199917 25.105</gx:coord>
<gx:coord>-39.082295 -14.2200983 25.805</gx:coord>
<gx:coord>-39.082215 -14.2202117 26.805</gx:coord>
<gx:coord>-39.0821617 -14.2202983 26.805</gx:coord>
<gx:coord>-39.0821217 -14.220355 27.205</gx:coord>
<gx:coord>-39.0820917 -14.220405 24.705</gx:coord>
<gx:coord>-39.0820533 -14.2204817 23.405</gx:coord>
<gx:coord>-39.0820117 -14.2205733 22.905</gx:coord>
<gx:coord>-39.0819633 -14.2206567 22.405</gx:coord>
<gx:coord>-39.0819283 -14.2207067 22.605</gx:coord>
<gx:coord>-39.0818883 -14.2207683 23.006</gx:coord>
<gx:coord>-39.0818567 -14.2208333 21.906</gx:coord>
<gx:coord>-39.081815 -14.2209033 21.206</gx:coord>
<gx:coord>-39.08176 -14.2209617 21.006</gx:coord>
<gx:coord>-39.0816833 -14.22102 21.406</gx:coord>
<gx:coord>-39.081585 -14.221085 23.006</gx:coord>
<gx:coord>-39.0814817 -14.221145 22.106</gx:coord>
<gx:coord>-39.0813617 -14.2212167 22.506</gx:coord>
<gx:coord>-39.0812517 -14.2212783 20.006</gx:coord>
<gx:coord>-39.0811183 -14.2213517 19.806</gx:coord>
<gx:coord>-39.08097 -14.2214183 20.706</gx:coord>
<gx:coord>-39.0808083 -14.2214833 20.006</gx:coord>
<gx:coord>-39.0806667 -14.221535 18.106</gx:coord>
<gx:coord>-39.0805217 -14.22159 18.906</gx:coord>
<gx:coord>-39.0803917 -14.2216467 19.607</gx:coord>
<gx:coord>-39.0802767 -14.221705 19.707</gx:coord>
<gx:coord>-39.08016 -14.2217867 19.607</gx:coord>
<gx:coord>-39.0800383 -14.2218433 18.107</gx:coord>
<gx:coord>-39.07994 -14.221905 16.407</gx:coord>
<gx:coord>-39.079825 -14.2219717 18.707</gx:coord>
<gx:coord>-39.0796983 -14.2220467 20.707</gx:coord>
<gx:coord>-39.0795833 -14.22211 22.207</gx:coord>
<gx:coord>-39.0794717 -14.2221617 22.307</gx:coord>
<gx:coord>-39.0793733 -14.2222033 20.607</gx:coord>
<gx:coord>-39.0792733 -14.2222517 19.907</gx:coord>
<gx:coord>-39.0791733 -14.2222917 21.007</gx:coord>
<gx:coord>-39.07906 -14.222335 21.107</gx:coord>
<gx:coord>-39.0789383 -14.2223833 21.507</gx:coord>
<gx:coord>-39.0788217 -14.222435 21.107</gx:coord>
<gx:coord>-39.0786983 -14.222485 20.708</gx:coord>
<gx:coord>-39.07855 -14.2225117 19.908</gx:coord>
<gx:coord>-39.0784 -14.2225167 18.308</gx:coord>
<gx:coord>-39.0782433 -14.222485 18.608</gx:coord>
<gx:coord>-39.0781 -14.222455 20.008</gx:coord>
<gx:coord>-39.0779517 -14.2224133 21.808</gx:coord>
<gx:coord>-39.0778083 -14.2223683 25.508</gx:coord>
<gx:coord>-39.0776433 -14.2223167 27.408</gx:coord>
<gx:coord>-39.0774867 -14.2222583 27.308</gx:coord>
<gx:coord>-39.0773517 -14.2221917 28.308</gx:coord>
<gx:coord>-39.0772133 -14.2221333 28.608</gx:coord>
<gx:coord>-39.0770833 -14.2220517 27.608</gx:coord>
<gx:coord>-39.0769683 -14.221955 27.708</gx:coord>
<gx:coord>-39.07685 -14.2218733 27.908</gx:coord>
<gx:coord>-39.0767367 -14.2217733 27.708</gx:coord>
<gx:coord>-39.07666 -14.22169 28.408</gx:coord>
<gx:coord>-39.076565 -14.2215867 31.408</gx:coord>
<gx:coord>-39.07649 -14.2215183 31.308</gx:coord>
<gx:coord>-39.0764017 -14.2214817 31.508</gx:coord>
<gx:coord>-39.076325 -14.2214283 29.907</gx:coord>
<gx:coord>-39.0762733 -14.221375 28.707</gx:coord>
<gx:coord>-39.0761617 -14.2212883 23.207</gx:coord>
<gx:coord>-39.07603 -14.2211733 20.007</gx:coord>
<gx:coord>-39.0759117 -14.2210783 18.307</gx:coord>
<gx:coord>-39.0757833 -14.2209667 16.107</gx:coord>
<gx:coord>-39.07566 -14.2208883 15.107</gx:coord>
<gx:coord>-39.0755633 -14.2208283 14.307</gx:coord>
<gx:coord>-39.0754733 -14.2207617 13.007</gx:coord>
<gx:coord>-39.0753867 -14.2206667 13.207</gx:coord>
<gx:coord>-39.075275 -14.2206 19.607</gx:coord>
<gx:coord>-39.0751633 -14.220525 23.907</gx:coord>
<gx:coord>-39.07505 -14.2204583 25.707</gx:coord>
<gx:coord>-39.074945 -14.220395 24.707</gx:coord>
<gx:coord>-39.0748617 -14.22033 26.007</gx:coord>
<gx:coord>-39.074765 -14.22028 28.107</gx:coord>
<gx:coord>-39.074645 -14.2202167 26.807</gx:coord>
<gx:coord>-39.0745083 -14.22016 28.007</gx:coord>
<gx:coord>-39.0743867 -14.2201 28.007</gx:coord>
<gx:coord>-39.0742483 -14.2200517 27.907</gx:coord>
<gx:coord>-39.07414 -14.22002 27.307</gx:coord>
<gx:coord>-39.0740167 -14.21999 26.507</gx:coord>
<gx:coord>-39.07388 -14.2199517 26.307</gx:coord>
<gx:coord>-39.0737733 -14.2199133 25.107</gx:coord>
<gx:coord>-39.0737 -14.2198583 27.607</gx:coord>
<gx:coord>-39.073605 -14.21981 29.407</gx:coord>
<gx:coord>-39.0735083 -14.2197617 30.707</gx:coord>
<gx:coord>-39.0734067 -14.21971 30.707</gx:coord>
<gx:coord>-39.07329 -14.219665 30.907</gx:coord>
<gx:coord>-39.0731717 -14.219645 32.907</gx:coord>
<gx:coord>-39.073035 -14.2196133 33.807</gx:coord>
<gx:coord>-39.07289 -14.2195583 31.007</gx:coord>
<gx:coord>-39.0727433 -14.21952 28.807</gx:coord>
<gx:coord>-39.0726183 -14.2194767 28.107</gx:coord>
<gx:coord>-39.0725133 -14.2194267 27.707</gx:coord>
<gx:coord>-39.0724317 -14.2193883 20.407</gx:coord>
<gx:coord>-39.0723617 -14.2193533 11.907</gx:coord>
<gx:coord>-39.0722417 -14.2193067 12.107</gx:coord>
<gx:coord>-39.0721 -14.2192733 16.107</gx:coord>
<gx:coord>-39.0719683 -14.2192533 21.007</gx:coord>
<gx:coord>-39.07187 -14.2192317 21.207</gx:coord>
<gx:coord>-39.071765 -14.2192117 21.507</gx:coord>
<gx:coord>-39.07164 -14.21918 21.607</gx:coord>
<gx:coord>-39.07151 -14.2191217 26.807</gx:coord>
<gx:coord>-39.0713583 -14.2190733 28.107</gx:coord>
<gx:coord>-39.07121 -14.2190117 32.807</gx:coord>
<gx:coord>-39.0710583 -14.2189083 36.707</gx:coord>
<gx:coord>-39.07095 -14.2188267 38.607</gx:coord>
<gx:coord>-39.0708733 -14.2187567 38.307</gx:coord>
<gx:coord>-39.0708033 -14.2186733 36.807</gx:coord>
<gx:coord>-39.0706983 -14.2185933 37.107</gx:coord>
<gx:coord>-39.070595 -14.2185 37.507</gx:coord>
<gx:coord>-39.0704817 -14.2184117 37.107</gx:coord>
<gx:coord>-39.0703267 -14.2183317 33.207</gx:coord>
<gx:coord>-39.0701483 -14.21833 25.607</gx:coord>
<gx:coord>-39.06999 -14.2183117 25.907</gx:coord>
<gx:coord>-39.06983 -14.2182783 28.107</gx:coord>
<gx:coord>-39.0697083 -14.2182567 26.907</gx:coord>
<gx:coord>-39.0696033 -14.218265 24.107</gx:coord>
<gx:coord>-39.06952 -14.21825 20.107</gx:coord>
<gx:coord>-39.069425 -14.2181667 19.407</gx:coord>
<gx:coord>-39.0693217 -14.2180617 23.507</gx:coord>
<gx:coord>-39.06924 -14.2179567 26.107</gx:coord>
<gx:coord>-39.069145 -14.2178717 21.007</gx:coord>
<gx:coord>-39.0690667 -14.2177883 19.907</gx:coord>
<gx:coord>-39.068965 -14.21771 19.007</gx:coord>
<gx:coord>-39.068875 -14.2176383 18.907</gx:coord>
<gx:coord>-39.0688067 -14.2176067 10.907</gx:coord>
<gx:coord>-39.0687267 -14.21757 11.307</gx:coord>
<gx:coord>-39.068615 -14.2175267 8.007</gx:coord>
<gx:coord>-39.0684717 -14.2175067 3.007</gx:coord>
<gx:coord>-39.0683183 -14.2174617 -2.093</gx:coord>
<gx:coord>-39.0681383 -14.2174367 -3.293</gx:coord>
<gx:coord>-39.0679717 -14.21741 -4.493</gx:coord>
<gx:coord>-39.0677983 -14.2174517 -5.293</gx:coord>
<gx:coord>-39.067635 -14.2174833 -5.693</gx:coord>
<gx:coord>-39.067485 -14.2175033 -5.193</gx:coord>
<gx:coord>-39.0673533 -14.2174733 -2.593</gx:coord>
<gx:coord>-39.067225 -14.2174617 -0.493</gx:coord>
<gx:coord>-39.0671117 -14.2174367 2.207</gx:coord>
<gx:coord>-39.0669617 -14.217385 5.507</gx:coord>
<gx:coord>-39.0668433 -14.21736 6.607</gx:coord>
<gx:coord>-39.0667183 -14.21734 7.307</gx:coord>
<gx:coord>-39.0666067 -14.217345 11.107</gx:coord>
<gx:coord>-39.0665067 -14.21732 11.407</gx:coord>
<gx:coord>-39.066395 -14.2172733 12.007</gx:coord>
<gx:coord>-39.0663083 -14.21724 12.907</gx:coord>
<gx:coord>-39.0662033 -14.2172 13.307</gx:coord>
<gx:coord>-39.0660833 -14.2171533 13.707</gx:coord>
<gx:coord>-39.0659583 -14.2171133 13.507</gx:coord>
<gx:coord>-39.0658483 -14.2170833 10.107</gx:coord>
<gx:coord>-39.0657367 -14.2170367 9.507</gx:coord>
<gx:coord>-39.0656317 -14.2169817 10.307</gx:coord>
<gx:coord>-39.06553 -14.216945 10.807</gx:coord>
<gx:coord>-39.0654467 -14.216915 8.307</gx:coord>
<gx:coord>-39.0653533 -14.2168883 7.707</gx:coord>
<gx:coord>-39.0652433 -14.2168583 7.107</gx:coord>
<gx:coord>-39.06512 -14.21683 6.507</gx:coord>
<gx:coord>-39.0650067 -14.216805 5.607</gx:coord>
<gx:coord>-39.0648817 -14.2167733 4.607</gx:coord>
<gx:coord>-39.0647517 -14.21673 4.407</gx:coord>
<gx:coord>-39.064625 -14.2166883 5.408</gx:coord>
<gx:coord>-39.064505 -14.216645 6.008</gx:coord>
<gx:coord>-39.0644067 -14.2166033 4.208</gx:coord>
<gx:coord>-39.0642933 -14.2165617 3.808</gx:coord>
<gx:coord>-39.0641583 -14.2165117 2.808</gx:coord>
<gx:coord>-39.064015 -14.2164717 2.508</gx:coord>
<gx:coord>-39.063895 -14.2164317 3.108</gx:coord>
<gx:coord>-39.0637683 -14.216395 4.008</gx:coord>
<gx:coord>-39.0636167 -14.21635 3.308</gx:coord>
<gx:coord>-39.0634583 -14.216295 3.408</gx:coord>
<gx:coord>-39.0632983 -14.2162417 2.008</gx:coord>
<gx:coord>-39.0631483 -14.2162117 1.508</gx:coord>
<gx:coord>-39.0630383 -14.2161467 2.508</gx:coord>
<gx:coord>-39.0629667 -14.2161133 0.708</gx:coord>
<gx:coord>-39.062845 -14.2160867 -0.992</gx:coord>
<gx:coord>-39.062725 -14.2160533 -2.192</gx:coord>
<gx:coord>-39.0626033 -14.216005 -3.192</gx:coord>
<gx:coord>-39.0624883 -14.215945 -5.092</gx:coord>
<gx:coord>-39.0623767 -14.21587 -4.592</gx:coord>
<gx:coord>-39.0622667 -14.2157883 -4.892</gx:coord>
<gx:coord>-39.0621683 -14.21572 -6.092</gx:coord>
<gx:coord>-39.06206 -14.2156533 -4.992</gx:coord>
<gx:coord>-39.0619317 -14.2156 -3.792</gx:coord>
<gx:coord>-39.0618 -14.21555 -2.092</gx:coord>
<gx:coord>-39.0616983 -14.2155267 -4.192</gx:coord>
<gx:coord>-39.0616267 -14.2155 -7.792</gx:coord>
<gx:coord>-39.0615117 -14.2154733 -8.692</gx:coord>
<gx:coord>-39.0613733 -14.21545 -7.592</gx:coord>
<gx:coord>-39.0612117 -14.215415 -6.292</gx:coord>
<gx:coord>-39.0610817 -14.2153767 -7.092</gx:coord>
<gx:coord>-39.060935 -14.2153367 -6.392</gx:coord>
<gx:coord>-39.0607917 -14.215315 -3.092</gx:coord>
<gx:coord>-39.0606317 -14.215275 -2.992</gx:coord>
<gx:coord>-39.0604883 -14.2152517 -6.092</gx:coord>
<gx:coord>-39.06034 -14.2152117 -5.692</gx:coord>
<gx:coord>-39.0601983 -14.2151783 -7.792</gx:coord>
<gx:coord>-39.06004 -14.2151633 -11.392</gx:coord>
<gx:coord>-39.0598833 -14.21512 -8.592</gx:coord>
<gx:coord>-39.0597367 -14.21508 -7.292</gx:coord>
<gx:coord>-39.0596017 -14.2150483 -5.392</gx:coord>
<gx:coord>-39.0594767 -14.2150167 -5.192</gx:coord>
<gx:coord>-39.05935 -14.214985 -5.192</gx:coord>
<gx:coord>-39.059245 -14.2149583 -5.192</gx:coord>
<gx:coord>-39.0591433 -14.2149333 -4.692</gx:coord>
<gx:coord>-39.059075 -14.2149117 -4.692</gx:coord>
<gx:coord>-39.05902 -14.2149067 -5.992</gx:coord>
<gx:coord>-39.0589533 -14.2149067 -5.792</gx:coord>
<gx:coord>-39.0588967 -14.21491 -4.592</gx:coord>
<gx:coord>-39.0588517 -14.2149217 -5.592</gx:coord>
<gx:coord>-39.0588 -14.2149133 -6.392</gx:coord>
<gx:coord>-39.05875 -14.2148933 -6.292</gx:coord>
<gx:coord>-39.0587 -14.2148683 -5.992</gx:coord>
<gx:coord>-39.05865 -14.2148483 -5.892</gx:coord>
<gx:coord>-39.058605 -14.2148283 -6.592</gx:coord>
<gx:coord>-39.05854 -14.2148183 -5.992</gx:coord>
<gx:coord>-39.0584767 -14.2147983 -6.892</gx:coord>
<gx:coord>-39.058405 -14.21477 -7.992</gx:coord>
<gx:coord>-39.0583333 -14.21473 -9.092</gx:coord>
<gx:coord>-39.0582617 -14.2146933 -9.392</gx:coord>
<gx:coord>-39.05821 -14.214645 -8.992</gx:coord>
<gx:coord>-39.0582133 -14.2145883 -8.592</gx:coord>
<gx:coord>-39.05824 -14.2145533 -7.092</gx:coord>
<gx:coord>-39.058295 -14.214525 -5.392</gx:coord>
<gx:coord>-39.0583333 -14.214485 -5.692</gx:coord>
<gx:coord>-39.0583267 -14.2144583 -5.792</gx:coord>
<gx:coord>-39.0583267 -14.2144583 -5.792</gx:coord>
<gx:coord>-39.0582883 -14.2144917 -5.192</gx:coord>
<gx:coord>-39.0582467 -14.214535 -4.792</gx:coord>
<gx:coord>-39.0582033 -14.214575 -5.092</gx:coord>
<gx:coord>-39.0581517 -14.2145733 -6.192</gx:coord>
<gx:coord>-39.0581 -14.21454 -6.992</gx:coord>
<gx:coord>-39.0580117 -14.2145133 -7.292</gx:coord>
<gx:coord>-39.05792 -14.2144683 -6.692</gx:coord>
<gx:coord>-39.0578367 -14.2143917 -7.092</gx:coord>
<gx:coord>-39.0577567 -14.214305 -8.792</gx:coord>
<gx:coord>-39.05768 -14.2142133 -10.792</gx:coord>
<gx:coord>-39.0575883 -14.2141117 -10.092</gx:coord>
<gx:coord>-39.0574917 -14.2139867 -9.192</gx:coord>
<gx:coord>-39.0573933 -14.213855 -8.992</gx:coord>
<gx:coord>-39.05729 -14.2137217 -8.992</gx:coord>
<gx:coord>-39.0571717 -14.2136 -8.093</gx:coord>
<gx:coord>-39.0570783 -14.213515 -6.293</gx:coord>
<gx:coord>-39.0570783 -14.213515 -7.693</gx:coord>
<gx:coord>-39.0570783 -14.213515 -7.693</gx:coord>
<gx:coord>-39.0570333 -14.2135133 -6.893</gx:coord>
<gx:coord>-39.0569917 -14.213475 -7.393</gx:coord>
<gx:coord>-39.05692 -14.213435 -8.493</gx:coord>
<gx:coord>-39.056855 -14.2133817 -9.193</gx:coord>
<gx:coord>-39.05676 -14.2133333 -11.193</gx:coord>
<gx:coord>-39.0566483 -14.2132917 -11.193</gx:coord>
<gx:coord>-39.05652 -14.2132617 -12.093</gx:coord>
<gx:coord>-39.0563733 -14.213235 -12.493</gx:coord>
<gx:coord>-39.0562333 -14.2131917 -12.593</gx:coord>
<gx:coord>-39.0560883 -14.2131567 -13.093</gx:coord>
<gx:coord>-39.05597 -14.213115 -13.593</gx:coord>
<gx:coord>-39.0558483 -14.2130767 -12.793</gx:coord>
<gx:coord>-39.05574 -14.2130683 -11.592</gx:coord>
<gx:coord>-39.05564 -14.2130583 -11.892</gx:coord>
<gx:coord>-39.0555333 -14.2130317 -11.692</gx:coord>
<gx:coord>-39.055405 -14.21301 -10.692</gx:coord>
<gx:coord>-39.055265 -14.212975 -9.992</gx:coord>
<gx:coord>-39.0551233 -14.2129133 -7.892</gx:coord>
<gx:coord>-39.0549667 -14.212845 -7.492</gx:coord>
<gx:coord>-39.0548383 -14.2127583 -6.892</gx:coord>
<gx:coord>-39.0547167 -14.2126567 -7.692</gx:coord>
<gx:coord>-39.05458 -14.212525 -9.493</gx:coord>
<gx:coord>-39.0544467 -14.2123717 -10.393</gx:coord>
<gx:coord>-39.0543067 -14.2122233 -11.893</gx:coord>
<gx:coord>-39.0541683 -14.2120967 -14.993</gx:coord>
<gx:coord>-39.0540133 -14.211965 -16.193</gx:coord>
<gx:coord>-39.0538667 -14.2118567 -17.393</gx:coord>
<gx:coord>-39.0537133 -14.2117517 -15.793</gx:coord>
<gx:coord>-39.0535267 -14.2116783 -13.293</gx:coord>
<gx:coord>-39.05336 -14.21162 -12.593</gx:coord>
<gx:coord>-39.0531983 -14.21157 -11.293</gx:coord>
<gx:coord>-39.0530283 -14.2115167 -10.093</gx:coord>
<gx:coord>-39.0528617 -14.2114733 -11.093</gx:coord>
<gx:coord>-39.0526967 -14.211415 -12.093</gx:coord>
<gx:coord>-39.05256 -14.2113717 -13.193</gx:coord>
<gx:coord>-39.0524433 -14.211345 -12.093</gx:coord>
<gx:coord>-39.0523317 -14.211315 -11.393</gx:coord>
<gx:coord>-39.0522133 -14.2112933 -10.993</gx:coord>
<gx:coord>-39.052105 -14.2112517 -10.493</gx:coord>
<gx:coord>-39.052 -14.2111917 -10.293</gx:coord>
<gx:coord>-39.0518883 -14.211125 -9.693</gx:coord>
<gx:coord>-39.0517767 -14.2110667 -8.993</gx:coord>
<gx:coord>-39.0516567 -14.2110233 -7.893</gx:coord>
<gx:coord>-39.05154 -14.2109767 -7.593</gx:coord>
<gx:coord>-39.0514233 -14.2109317 -8.693</gx:coord>
<gx:coord>-39.051285 -14.2108767 -10.393</gx:coord>
<gx:coord>-39.0511367 -14.2108167 -11.193</gx:coord>
<gx:coord>-39.0509867 -14.21074 -10.793</gx:coord>
<gx:coord>-39.0508383 -14.21066 -10.693</gx:coord>
<gx:coord>-39.050705 -14.210585 -11.193</gx:coord>
<gx:coord>-39.05058 -14.21051 -10.393</gx:coord>
<gx:coord>-39.05047 -14.210435 -9.693</gx:coord>
<gx:coord>-39.0503567 -14.2103433 -9.393</gx:coord>
<gx:coord>-39.05024 -14.2102717 -10.093</gx:coord>
<gx:coord>-39.0501217 -14.2102067 -10.893</gx:coord>
<gx:coord>-39.0499567 -14.2101333 -12.393</gx:coord>
<gx:coord>-39.0497883 -14.2100533 -13.593</gx:coord>
<gx:coord>-39.0496017 -14.209985 -13.793</gx:coord>
<gx:coord>-39.04942 -14.2099317 -13.693</gx:coord>
<gx:coord>-39.0492433 -14.2098767 -14.493</gx:coord>
<gx:coord>-39.0490733 -14.20985 -15.393</gx:coord>
<gx:coord>-39.0489 -14.20985 -14.393</gx:coord>
<gx:coord>-39.0487317 -14.209845 -13.093</gx:coord>
<gx:coord>-39.0485633 -14.20983 -10.293</gx:coord>
<gx:coord>-39.0483983 -14.2098067 -7.093</gx:coord>
<gx:coord>-39.0482483 -14.2097833 -4.593</gx:coord>
<gx:coord>-39.048115 -14.20977 -3.993</gx:coord>
<gx:coord>-39.0479783 -14.2097567 -4.193</gx:coord>
<gx:coord>-39.0478267 -14.2097433 -5.593</gx:coord>
<gx:coord>-39.0476567 -14.2097367 -5.393</gx:coord>
<gx:coord>-39.0474833 -14.20973 -5.892</gx:coord>
<gx:coord>-39.0473083 -14.20972 -7.592</gx:coord>
<gx:coord>-39.04712 -14.2097017 -9.192</gx:coord>
<gx:coord>-39.0469217 -14.2096917 -8.492</gx:coord>
<gx:coord>-39.046705 -14.2096733 -10.392</gx:coord>
<gx:coord>-39.0464967 -14.2096567 -11.492</gx:coord>
<gx:coord>-39.0462733 -14.2096533 -11.292</gx:coord>
<gx:coord>-39.046045 -14.20965 -10.592</gx:coord>
<gx:coord>-39.0458367 -14.20963 -9.992</gx:coord>
<gx:coord>-39.04563 -14.2096033 -9.692</gx:coord>
<gx:coord>-39.0454417 -14.209615 -8.792</gx:coord>
<gx:coord>-39.0452617 -14.2096033 -8.692</gx:coord>
<gx:coord>-39.0450783 -14.20959 -9.992</gx:coord>
<gx:coord>-39.0449217 -14.2095783 -10.092</gx:coord>
<gx:coord>-39.0447583 -14.2095667 -8.192</gx:coord>
<gx:coord>-39.0445767 -14.2095567 -8.292</gx:coord>
<gx:coord>-39.04438 -14.2095517 -8.392</gx:coord>
<gx:coord>-39.0442 -14.209545 -9.492</gx:coord>
<gx:coord>-39.04403 -14.2095317 -10.792</gx:coord>
<gx:coord>-39.0438583 -14.2095183 -10.292</gx:coord>
<gx:coord>-39.0436817 -14.2095 -10.492</gx:coord>
<gx:coord>-39.043515 -14.2094867 -9.892</gx:coord>
<gx:coord>-39.0433817 -14.2094767 -12.192</gx:coord>
<gx:coord>-39.0432167 -14.2094783 -11.891</gx:coord>
<gx:coord>-39.0430383 -14.2094783 -12.391</gx:coord>
<gx:coord>-39.042875 -14.2094633 -12.791</gx:coord>
<gx:coord>-39.0427117 -14.2094267 -12.991</gx:coord>
<gx:coord>-39.042545 -14.209375 -8.891</gx:coord>
<gx:coord>-39.042395 -14.20933 4.809</gx:coord>
<gx:coord>-39.0422283 -14.2092917 9.909</gx:coord>
<gx:coord>-39.042055 -14.2092583 11.909</gx:coord>
<gx:coord>-39.0418733 -14.20923 10.909</gx:coord>
<gx:coord>-39.0416817 -14.2091967 3.209</gx:coord>
<gx:coord>-39.0414933 -14.209175 -1.991</gx:coord>
<gx:coord>-39.0413017 -14.2091517 -0.891</gx:coord>
<gx:coord>-39.041115 -14.2091233 -0.391</gx:coord>
<gx:coord>-39.0409567 -14.2091083 -0.891</gx:coord>
<gx:coord>-39.040835 -14.2090933 -1.491</gx:coord>
<gx:coord>-39.0407317 -14.20908 -1.291</gx:coord>
<gx:coord>-39.0406483 -14.20907 -1.891</gx:coord>
<gx:coord>-39.0405633 -14.2090633 -1.791</gx:coord>
<gx:coord>-39.0404567 -14.209055 -5.091</gx:coord>
<gx:coord>-39.0403683 -14.2090467 -8.791</gx:coord>
<gx:coord>-39.04031 -14.2090383 -8.591</gx:coord>
<gx:coord>-39.040245 -14.2090383 -8.191</gx:coord>
<gx:coord>-39.0401533 -14.20903 -7.591</gx:coord>
<gx:coord>-39.0400583 -14.2090117 -7.891</gx:coord>
<gx:coord>-39.0399833 -14.2089983 -7.291</gx:coord>
<gx:coord>-39.0399267 -14.20899 -7.091</gx:coord>
<gx:coord>-39.0398667 -14.208975 -7.491</gx:coord>
<gx:coord>-39.0398083 -14.2089667 -7.891</gx:coord>
<gx:coord>-39.0397533 -14.20897 -7.291</gx:coord>
<gx:coord>-39.03971 -14.2089883 -9.091</gx:coord>
<gx:coord>-39.0396617 -14.2089633 -9.691</gx:coord>
<gx:coord>-39.0396033 -14.20895 -10.691</gx:coord>
<gx:coord>-39.03954 -14.20894 -11.391</gx:coord>
<gx:coord>-39.03947 -14.20893 -11.791</gx:coord>
<gx:coord>-39.0393867 -14.2089217 -12.491</gx:coord>
<gx:coord>-39.0393017 -14.2089033 -12.591</gx:coord>
<gx:coord>-39.0392233 -14.2088667 -11.491</gx:coord>
<gx:coord>-39.0391417 -14.20883 -10.291</gx:coord>
<gx:coord>-39.0390733 -14.2087967 -9.191</gx:coord>
<gx:coord>-39.0390167 -14.20877 -9.591</gx:coord>
<gx:coord>-39.0389383 -14.2087317 -10.291</gx:coord>
<gx:coord>-39.0388467 -14.2086917 -11.491</gx:coord>
<gx:coord>-39.03875 -14.2086617 -12.891</gx:coord>
<gx:coord>-39.0386417 -14.2086317 -12.691</gx:coord>
<gx:coord>-39.0385267 -14.2085917 -13.191</gx:coord>
<gx:coord>-39.0384217 -14.2085433 -14.191</gx:coord>
<gx:coord>-39.0383133 -14.2084833 -13.391</gx:coord>
<gx:coord>-39.038185 -14.208415 -14.291</gx:coord>
<gx:coord>-39.0380217 -14.2083417 -12.791</gx:coord>
<gx:coord>-39.0378517 -14.2082617 -11.291</gx:coord>
<gx:coord>-39.0377067 -14.2081767 -10.991</gx:coord>
<gx:coord>-39.037585 -14.2081 -8.991</gx:coord>
<gx:coord>-39.0374883 -14.2080467 -8.091</gx:coord>
<gx:coord>-39.0374067 -14.207995 -6.991</gx:coord>
<gx:coord>-39.0373183 -14.20792 -7.191</gx:coord>
<gx:coord>-39.03719 -14.2078133 -7.791</gx:coord>
<gx:coord>-39.0370583 -14.2076917 -7.791</gx:coord>
<gx:coord>-39.0369483 -14.2075717 -8.291</gx:coord>
<gx:coord>-39.0368233 -14.2074517 -8.091</gx:coord>
<gx:coord>-39.0367 -14.2073317 -8.891</gx:coord>
<gx:coord>-39.03658 -14.2072017 -9.191</gx:coord>
<gx:coord>-39.0364583 -14.20708 -9.191</gx:coord>
<gx:coord>-39.0363483 -14.2069617 -8.891</gx:coord>
<gx:coord>-39.0362483 -14.20684 -8.891</gx:coord>
<gx:coord>-39.036155 -14.20671 -9.191</gx:coord>
<gx:coord>-39.0360717 -14.2065867 -8.391</gx:coord>
<gx:coord>-39.0359933 -14.20645 -9.092</gx:coord>
<gx:coord>-39.0359217 -14.206325 -9.292</gx:coord>
<gx:coord>-39.0358533 -14.20622 -8.392</gx:coord>
<gx:coord>-39.0357817 -14.20609 -9.792</gx:coord>
<gx:coord>-39.03572 -14.2059467 -10.992</gx:coord>
<gx:coord>-39.035665 -14.2058033 -11.092</gx:coord>
<gx:coord>-39.0356033 -14.2056583 -10.892</gx:coord>
<gx:coord>-39.035545 -14.2055283 -11.492</gx:coord>
<gx:coord>-39.0354733 -14.20541 -12.292</gx:coord>
<gx:coord>-39.0354 -14.2052767 -13.592</gx:coord>
<gx:coord>-39.035355 -14.205145 -15.892</gx:coord>
<gx:coord>-39.0353233 -14.2049933 -16.492</gx:coord>
<gx:coord>-39.0352883 -14.2048683 -15.792</gx:coord>
<gx:coord>-39.0352383 -14.2047467 -15.592</gx:coord>
<gx:coord>-39.0351917 -14.2046033 -13.493</gx:coord>
<gx:coord>-39.0351317 -14.2044533 -11.693</gx:coord>
<gx:coord>-39.0350667 -14.20429 -10.193</gx:coord>
<gx:coord>-39.0349917 -14.2041283 -10.093</gx:coord>
<gx:coord>-39.034935 -14.20399 -9.293</gx:coord>
<gx:coord>-39.0348983 -14.2038883 -8.593</gx:coord>
<gx:coord>-39.03487 -14.20379 -7.593</gx:coord>
<gx:coord>-39.034825 -14.20367 -7.093</gx:coord>
<gx:coord>-39.03478 -14.2035233 -6.793</gx:coord>
<gx:coord>-39.0347183 -14.203375 -7.893</gx:coord>
<gx:coord>-39.0346633 -14.2032283 -8.693</gx:coord>
<gx:coord>-39.0346117 -14.20307 -8.693</gx:coord>
<gx:coord>-39.03456 -14.2029383 -7.893</gx:coord>
<gx:coord>-39.0344933 -14.20282 -8.894</gx:coord>
<gx:coord>-39.0344317 -14.2026817 -8.994</gx:coord>
<gx:coord>-39.0343733 -14.2025283 -9.094</gx:coord>
<gx:coord>-39.0343133 -14.20237 -9.594</gx:coord>
<gx:coord>-39.034265 -14.2022167 -9.494</gx:coord>
<gx:coord>-39.034205 -14.202065 -9.394</gx:coord>
<gx:coord>-39.0341333 -14.201905 -9.794</gx:coord>
<gx:coord>-39.0340683 -14.2017383 -10.194</gx:coord>
<gx:coord>-39.034 -14.201565 -10.694</gx:coord>
<gx:coord>-39.03394 -14.20141 -10.994</gx:coord>
<gx:coord>-39.0338933 -14.201255 -11.394</gx:coord>
<gx:coord>-39.033855 -14.2011083 -11.295</gx:coord>
<gx:coord>-39.0337983 -14.2009433 -10.395</gx:coord>
<gx:coord>-39.03373 -14.2007817 -10.695</gx:coord>
<gx:coord>-39.0336517 -14.2006083 -10.695</gx:coord>
<gx:coord>-39.03358 -14.200445 -9.895</gx:coord>
<gx:coord>-39.0335067 -14.2002817 -8.795</gx:coord>
<gx:coord>-39.0334317 -14.2001133 -8.695</gx:coord>
<gx:coord>-39.0333667 -14.1999367 -6.895</gx:coord>
<gx:coord>-39.03329 -14.1997483 -7.395</gx:coord>
<gx:coord>-39.033215 -14.199575 -7.995</gx:coord>
<gx:coord>-39.033155 -14.1994017 -8.595</gx:coord>
<gx:coord>-39.033095 -14.1992283 -10.496</gx:coord>
<gx:coord>-39.0330233 -14.19904 -9.296</gx:coord>
<gx:coord>-39.0329517 -14.19885 -9.596</gx:coord>
<gx:coord>-39.0328833 -14.1986617 -8.896</gx:coord>
<gx:coord>-39.03281 -14.1984667 -8.396</gx:coord>
<gx:coord>-39.032745 -14.1982767 -8.196</gx:coord>
<gx:coord>-39.032695 -14.1980867 -8.796</gx:coord>
<gx:coord>-39.0326517 -14.1979333 -8.196</gx:coord>
<gx:coord>-39.0325883 -14.1977683 -8.396</gx:coord>
<gx:coord>-39.0324917 -14.1975783 -9.097</gx:coord>
<gx:coord>-39.0323867 -14.1973617 -9.397</gx:coord>
<gx:coord>-39.0322967 -14.197175 -9.997</gx:coord>
<gx:coord>-39.0322267 -14.1969867 -10.497</gx:coord>
<gx:coord>-39.0321483 -14.1968067 -10.697</gx:coord>
<gx:coord>-39.0320617 -14.1966317 -9.997</gx:coord>
<gx:coord>-39.0319617 -14.1964517 -10.097</gx:coord>
<gx:coord>-39.0318567 -14.1962667 -11.597</gx:coord>
<gx:coord>-39.0317467 -14.1960817 -12.697</gx:coord>
<gx:coord>-39.0316533 -14.1959083 -12.697</gx:coord>
<gx:coord>-39.0315767 -14.1957533 -11.098</gx:coord>
<gx:coord>-39.0315067 -14.195595 -8.098</gx:coord>
<gx:coord>-39.031405 -14.1954417 -5.498</gx:coord>
<gx:coord>-39.0313067 -14.1952883 -4.798</gx:coord>
<gx:coord>-39.0312033 -14.195125 -4.698</gx:coord>
<gx:coord>-39.03112 -14.1949683 -8.298</gx:coord>
<gx:coord>-39.0310267 -14.1947967 -10.498</gx:coord>
<gx:coord>-39.03094 -14.1946367 -8.898</gx:coord>
<gx:coord>-39.0308783 -14.1945067 -5.898</gx:coord>
<gx:coord>-39.0307983 -14.19439 -5.998</gx:coord>
<gx:coord>-39.0307217 -14.1942517 -5.798</gx:coord>
<gx:coord>-39.0306467 -14.1941 -5.798</gx:coord>
<gx:coord>-39.0305583 -14.1939267 -4.698</gx:coord>
<gx:coord>-39.0304583 -14.1937483 -4.199</gx:coord>
<gx:coord>-39.0303533 -14.1935683 -4.399</gx:coord>
<gx:coord>-39.0302417 -14.1934083 -5.899</gx:coord>
<gx:coord>-39.0301433 -14.1932533 -6.099</gx:coord>
<gx:coord>-39.0300717 -14.1930917 -6.499</gx:coord>
<gx:coord>-39.029995 -14.1929433 -6.399</gx:coord>
<gx:coord>-39.0299183 -14.192785 -5.799</gx:coord>
<gx:coord>-39.0298167 -14.1926283 -7.099</gx:coord>
<gx:coord>-39.0297167 -14.192465 -7.599</gx:coord>
<gx:coord>-39.0296433 -14.1923167 -8.799</gx:coord>
<gx:coord>-39.0295533 -14.1921533 -9.899</gx:coord>
<gx:coord>-39.0294683 -14.1920083 -11.599</gx:coord>
<gx:coord>-39.0293833 -14.1918667 -9.7</gx:coord>
<gx:coord>-39.0293 -14.1917367 -8.5</gx:coord>
<gx:coord>-39.029215 -14.1915933 -9.3</gx:coord>
<gx:coord>-39.029125 -14.1914367 -12.0</gx:coord>
<gx:coord>-39.0290417 -14.1912767 -11.3</gx:coord>
<gx:coord>-39.028975 -14.1911283 -11.0</gx:coord>
<gx:coord>-39.028885 -14.1909833 -10.4</gx:coord>
<gx:coord>-39.0287733 -14.1908217 -10.5</gx:coord>
<gx:coord>-39.0286933 -14.190665 -10.8</gx:coord>
<gx:coord>-39.0286083 -14.190505 -8.6</gx:coord>
<gx:coord>-39.0285167 -14.1903383 -8.8</gx:coord>
<gx:coord>-39.02844 -14.1901783 -9.2</gx:coord>
<gx:coord>-39.0283333 -14.1899983 -9.5</gx:coord>
<gx:coord>-39.028225 -14.1898233 -10.301</gx:coord>
<gx:coord>-39.0281267 -14.1896583 -10.601</gx:coord>
<gx:coord>-39.0280233 -14.1894917 -10.301</gx:coord>
<gx:coord>-39.0279267 -14.18933 -10.701</gx:coord>
<gx:coord>-39.0278367 -14.1891617 -10.401</gx:coord>
<gx:coord>-39.0277267 -14.1889867 -10.201</gx:coord>
<gx:coord>-39.027635 -14.1888167 -9.001</gx:coord>
<gx:coord>-39.0275533 -14.1886317 -7.701</gx:coord>
<gx:coord>-39.02746 -14.18846 -7.001</gx:coord>
<gx:coord>-39.0273633 -14.1882917 -6.901</gx:coord>
<gx:coord>-39.02728 -14.1881417 -6.901</gx:coord>
<gx:coord>-39.0272117 -14.1879883 -8.102</gx:coord>
<gx:coord>-39.0271333 -14.187835 -9.302</gx:coord>
<gx:coord>-39.0270533 -14.18769 -10.102</gx:coord>
<gx:coord>-39.0269817 -14.1875633 -9.502</gx:coord>
<gx:coord>-39.0269317 -14.18746 -8.502</gx:coord>
<gx:coord>-39.02686 -14.1873417 -6.702</gx:coord>
<gx:coord>-39.0267917 -14.1872183 -6.702</gx:coord>
<gx:coord>-39.0267017 -14.1870817 -5.402</gx:coord>
<gx:coord>-39.0265967 -14.1869317 -4.902</gx:coord>
<gx:coord>-39.0265083 -14.1867883 -3.902</gx:coord>
<gx:coord>-39.0264217 -14.18664 -4.802</gx:coord>
<gx:coord>-39.0263417 -14.1864883 -7.402</gx:coord>
<gx:coord>-39.0262717 -14.1863333 -7.002</gx:coord>
<gx:coord>-39.026195 -14.18617 -4.802</gx:coord>
<gx:coord>-39.0261033 -14.1860067 -4.403</gx:coord>
<gx:coord>-39.0260083 -14.185855 -5.503</gx:coord>
<gx:coord>-39.02591 -14.1856967 -5.203</gx:coord>
<gx:coord>-39.0258117 -14.1855167 -3.403</gx:coord>
<gx:coord>-39.0257167 -14.1853433 -2.303</gx:coord>
<gx:coord>-39.02563 -14.1851733 -2.703</gx:coord>
<gx:coord>-39.0255533 -14.185015 -2.503</gx:coord>
<gx:coord>-39.0254883 -14.1849033 -2.703</gx:coord>
<gx:coord>-39.025425 -14.1848333 -4.803</gx:coord>
<gx:coord>-39.025365 -14.1847717 -7.103</gx:coord>
<gx:coord>-39.0253233 -14.1847067 -7.803</gx:coord>
<gx:coord>-39.0252917 -14.1846167 -8.403</gx:coord>
<gx:coord>-39.0252483 -14.1845083 -8.003</gx:coord>
<gx:coord>-39.0251883 -14.184385 -7.603</gx:coord>
<gx:coord>-39.0251233 -14.1842533 -8.103</gx:coord>
<gx:coord>-39.025035 -14.1840983 -8.804</gx:coord>
<gx:coord>-39.0249533 -14.18396 -9.104</gx:coord>
<gx:coord>-39.02489 -14.1838367 -10.804</gx:coord>
<gx:coord>-39.0248183 -14.183705 -12.904</gx:coord>
<gx:coord>-39.0247317 -14.1835667 -12.104</gx:coord>
<gx:coord>-39.0246633 -14.183425 -11.504</gx:coord>
<gx:coord>-39.0245933 -14.1832917 -10.304</gx:coord>
<gx:coord>-39.0245167 -14.1831567 -11.004</gx:coord>
<gx:coord>-39.0244267 -14.18302 -12.304</gx:coord>
<gx:coord>-39.024355 -14.182885 -13.704</gx:coord>
<gx:coord>-39.02426 -14.18272 -13.604</gx:coord>
<gx:coord>-39.0241717 -14.1825467 -13.004</gx:coord>
<gx:coord>-39.02408 -14.1823967 -12.104</gx:coord>
<gx:coord>-39.023995 -14.1822517 -9.704</gx:coord>
<gx:coord>-39.0238983 -14.1821167 -8.505</gx:coord>
<gx:coord>-39.0237983 -14.181975 -7.405</gx:coord>
<gx:coord>-39.023695 -14.1818217 -5.705</gx:coord>
<gx:coord>-39.0235867 -14.18165 -6.105</gx:coord>
<gx:coord>-39.0234983 -14.1814717 -6.905</gx:coord>
<gx:coord>-39.0234333 -14.1813033 -7.405</gx:coord>
<gx:coord>-39.02337 -14.181155 -6.405</gx:coord>
<gx:coord>-39.0233017 -14.1810267 -6.805</gx:coord>
<gx:coord>-39.02324 -14.18091 -7.105</gx:coord>
<gx:coord>-39.0231583 -14.180815 -8.305</gx:coord>
<gx:coord>-39.0231033 -14.1807333 -9.005</gx:coord>
<gx:coord>-39.0230767 -14.1806683 -9.505</gx:coord>
<gx:coord>-39.0230483 -14.1805933 -9.905</gx:coord>
<gx:coord>-39.0230017 -14.180505 -8.605</gx:coord>
<gx:coord>-39.0229467 -14.1803933 -8.305</gx:coord>
<gx:coord>-39.0228967 -14.1802683 -8.706</gx:coord>
<gx:coord>-39.022835 -14.1801383 -9.506</gx:coord>
<gx:coord>-39.02275 -14.1800083 -9.506</gx:coord>
<gx:coord>-39.0226617 -14.1798717 -9.006</gx:coord>
<gx:coord>-39.022575 -14.1797567 -8.406</gx:coord>
<gx:coord>-39.022505 -14.17965 -8.206</gx:coord>
<gx:coord>-39.02245 -14.1795167 -8.306</gx:coord>
<gx:coord>-39.022375 -14.17937 -8.906</gx:coord>
<gx:coord>-39.02227 -14.1792133 -9.706</gx:coord>
<gx:coord>-39.0221733 -14.1790517 -10.006</gx:coord>
<gx:coord>-39.02209 -14.1789017 -10.306</gx:coord>
<gx:coord>-39.0220167 -14.1787833 -9.706</gx:coord>
<gx:coord>-39.0219517 -14.17865 -8.806</gx:coord>
<gx:coord>-39.0218783 -14.1785117 -7.606</gx:coord>
<gx:coord>-39.021795 -14.1783467 -7.106</gx:coord>
<gx:coord>-39.02171 -14.178195 -6.807</gx:coord>
<gx:coord>-39.02165 -14.1780717 -7.407</gx:coord>
<gx:coord>-39.0215683 -14.1779767 -9.407</gx:coord>
<gx:coord>-39.0214967 -14.1778633 -10.607</gx:coord>
<gx:coord>-39.0214233 -14.177735 -10.407</gx:coord>
<gx:coord>-39.021365 -14.1776333 -10.207</gx:coord>
<gx:coord>-39.0213067 -14.1775383 -10.407</gx:coord>
<gx:coord>-39.0212517 -14.1774167 -10.407</gx:coord>
<gx:coord>-39.0211883 -14.1772617 -10.607</gx:coord>
<gx:coord>-39.021105 -14.177115 -11.607</gx:coord>
<gx:coord>-39.0210283 -14.1769733 -11.307</gx:coord>
<gx:coord>-39.020945 -14.176825 -10.407</gx:coord>
<gx:coord>-39.0208617 -14.1766783 -8.307</gx:coord>
<gx:coord>-39.0207833 -14.176545 -7.707</gx:coord>
<gx:coord>-39.020695 -14.1764217 -4.907</gx:coord>
<gx:coord>-39.020625 -14.1763017 -2.808</gx:coord>
<gx:coord>-39.0205783 -14.1761767 -1.808</gx:coord>
<gx:coord>-39.020515 -14.176055 -1.408</gx:coord>
<gx:coord>-39.0204183 -14.1759283 -0.808</gx:coord>
<gx:coord>-39.0203383 -14.1757933 -0.308</gx:coord>
<gx:coord>-39.0202617 -14.17564 -0.808</gx:coord>
<gx:coord>-39.02016 -14.17547 -0.208</gx:coord>
<gx:coord>-39.02006 -14.1752967 -1.208</gx:coord>
<gx:coord>-39.0199667 -14.1751317 -2.608</gx:coord>
<gx:coord>-39.0198883 -14.1749933 -4.508</gx:coord>
<gx:coord>-39.01983 -14.174865 -8.908</gx:coord>
<gx:coord>-39.0197533 -14.17474 -9.908</gx:coord>
<gx:coord>-39.01967 -14.1745983 -9.508</gx:coord>
<gx:coord>-39.0195967 -14.174455 -7.808</gx:coord>
<gx:coord>-39.0195183 -14.1743067 -8.109</gx:coord>
<gx:coord>-39.0194583 -14.174155 -6.409</gx:coord>
<gx:coord>-39.019395 -14.1740183 -5.109</gx:coord>
<gx:coord>-39.01932 -14.1738833 -4.109</gx:coord>
<gx:coord>-39.0192283 -14.17375 -3.609</gx:coord>
<gx:coord>-39.0191517 -14.1736133 -3.709</gx:coord>
<gx:coord>-39.019075 -14.1734733 -3.609</gx:coord>
<gx:coord>-39.0189917 -14.17334 -3.709</gx:coord>
<gx:coord>-39.0189033 -14.1732067 -4.409</gx:coord>
<gx:coord>-39.01883 -14.1730733 -5.009</gx:coord>
<gx:coord>-39.018755 -14.17295 -4.309</gx:coord>
<gx:coord>-39.0186817 -14.1728383 -4.409</gx:coord>
<gx:coord>-39.0186333 -14.17276 -4.509</gx:coord>
<gx:coord>-39.0186033 -14.1727083 -3.909</gx:coord>
<gx:coord>-39.0185667 -14.172645 -2.309</gx:coord>
<gx:coord>-39.0185367 -14.172575 -2.209</gx:coord>
<gx:coord>-39.0184983 -14.1724983 -1.01</gx:coord>
<gx:coord>-39.0184767 -14.1724383 -0.61</gx:coord>
<gx:coord>-39.0184333 -14.1723683 0.19</gx:coord>
<gx:coord>-39.018395 -14.17229 -0.61</gx:coord>
<gx:coord>-39.0183433 -14.1721967 -2.11</gx:coord>
<gx:coord>-39.0182733 -14.17209 -2.11</gx:coord>
<gx:coord>-39.01821 -14.1719733 -2.51</gx:coord>
<gx:coord>-39.0181367 -14.1718467 -5.51</gx:coord>
<gx:coord>-39.01807 -14.171725 -8.81</gx:coord>
<gx:coord>-39.0179933 -14.1715817 -8.51</gx:coord>
<gx:coord>-39.01793 -14.171445 -9.51</gx:coord>
<gx:coord>-39.017845 -14.1713017 -8.21</gx:coord>
<gx:coord>-39.017755 -14.17115 -7.41</gx:coord>
<gx:coord>-39.0176567 -14.1709867 -6.41</gx:coord>
<gx:coord>-39.0175733 -14.1708183 -6.21</gx:coord>
<gx:coord>-39.0174733 -14.1706483 -5.11</gx:coord>
<gx:coord>-39.0173883 -14.1705017 -5.411</gx:coord>
<gx:coord>-39.0173133 -14.1703667 -5.711</gx:coord>
<gx:coord>-39.0172267 -14.17022 -5.611</gx:coord>
<gx:coord>-39.017145 -14.1700767 -5.811</gx:coord>
<gx:coord>-39.01706 -14.1699433 -7.011</gx:coord>
<gx:coord>-39.01698 -14.1698017 -7.211</gx:coord>
<gx:coord>-39.0169033 -14.16967 -6.811</gx:coord>
<gx:coord>-39.0168183 -14.1695317 -6.211</gx:coord>
<gx:coord>-39.0167283 -14.169375 -4.811</gx:coord>
<gx:coord>-39.0166333 -14.16921 -3.611</gx:coord>
<gx:coord>-39.0165517 -14.1690567 -2.811</gx:coord>
<gx:coord>-39.01647 -14.168905 -2.711</gx:coord>
<gx:coord>-39.0163867 -14.168755 -3.711</gx:coord>
<gx:coord>-39.0163 -14.1686067 -3.012</gx:coord>
<gx:coord>-39.0162017 -14.168445 -3.012</gx:coord>
<gx:coord>-39.0161033 -14.1682833 -2.212</gx:coord>
<gx:coord>-39.01601 -14.1681233 -2.012</gx:coord>
<gx:coord>-39.0159233 -14.1679717 -1.612</gx:coord>
<gx:coord>-39.0158317 -14.1678117 -1.612</gx:coord>
<gx:coord>-39.01573 -14.1676533 -4.312</gx:coord>
<gx:coord>-39.01564 -14.1675017 -4.812</gx:coord>
<gx:coord>-39.0155633 -14.1673583 -4.812</gx:coord>
<gx:coord>-39.0154917 -14.16723 -6.112</gx:coord>
<gx:coord>-39.0154183 -14.1670917 -6.912</gx:coord>
<gx:coord>-39.0153683 -14.1669567 -6.012</gx:coord>
<gx:coord>-39.01531 -14.16682 -5.912</gx:coord>
<gx:coord>-39.0152433 -14.1666867 -7.913</gx:coord>
<gx:coord>-39.015175 -14.1665533 -8.813</gx:coord>
<gx:coord>-39.01514 -14.1664583 -10.413</gx:coord>
<gx:coord>-39.0151283 -14.1663867 -11.513</gx:coord>
<gx:coord>-39.01511 -14.1663167 -13.513</gx:coord>
<gx:coord>-39.01507 -14.1662483 -14.213</gx:coord>
<gx:coord>-39.0150117 -14.1661633 -12.313</gx:coord>
<gx:coord>-39.0149317 -14.1660667 -11.513</gx:coord>
<gx:coord>-39.0148383 -14.1659667 -10.313</gx:coord>
<gx:coord>-39.0147683 -14.1658517 -8.313</gx:coord>
<gx:coord>-39.014675 -14.16571 -8.213</gx:coord>
<gx:coord>-39.0145983 -14.16556 -6.513</gx:coord>
<gx:coord>-39.0145133 -14.165405 -7.013</gx:coord>
<gx:coord>-39.014445 -14.1652817 -6.813</gx:coord>
<gx:coord>-39.0143767 -14.1651667 -6.713</gx:coord>
<gx:coord>-39.0142817 -14.165035 -7.813</gx:coord>
<gx:coord>-39.0141717 -14.1648817 -7.013</gx:coord>
<gx:coord>-39.01408 -14.1647217 -7.414</gx:coord>
<gx:coord>-39.0139867 -14.1645583 -7.414</gx:coord>
<gx:coord>-39.01391 -14.164405 -6.814</gx:coord>
<gx:coord>-39.0138383 -14.1642783 -4.814</gx:coord>
<gx:coord>-39.0137867 -14.1641967 -5.314</gx:coord>
<gx:coord>-39.013765 -14.16414 -6.214</gx:coord>
<gx:coord>-39.01373 -14.1640733 -7.114</gx:coord>
<gx:coord>-39.0136783 -14.16398 -7.514</gx:coord>
<gx:coord>-39.0136217 -14.1638767 -7.114</gx:coord>
<gx:coord>-39.013555 -14.16376 -5.914</gx:coord>
<gx:coord>-39.0134817 -14.16363 -6.914</gx:coord>
<gx:coord>-39.0134033 -14.163485 -7.814</gx:coord>
<gx:coord>-39.0133233 -14.1633333 -6.814</gx:coord>
<gx:coord>-39.013235 -14.1631783 -6.214</gx:coord>
<gx:coord>-39.0131467 -14.163025 -6.614</gx:coord>
<gx:coord>-39.0130617 -14.1628733 -6.214</gx:coord>
<gx:coord>-39.0129817 -14.1627433 -6.315</gx:coord>
<gx:coord>-39.012895 -14.162625 -6.915</gx:coord>
<gx:coord>-39.0128233 -14.162525 -7.215</gx:coord>
<gx:coord>-39.012755 -14.1624367 -7.415</gx:coord>
<gx:coord>-39.0127083 -14.16235 -6.815</gx:coord>
<gx:coord>-39.0126883 -14.16225 -6.815</gx:coord>
<gx:coord>-39.0126433 -14.1621383 -7.315</gx:coord>
<gx:coord>-39.0125633 -14.1620117 -7.615</gx:coord>
<gx:coord>-39.012475 -14.1618733 -7.015</gx:coord>
<gx:coord>-39.0123833 -14.1617233 -7.015</gx:coord>
<gx:coord>-39.0122917 -14.161565 -6.815</gx:coord>
<gx:coord>-39.0122017 -14.1613933 -6.415</gx:coord>
<gx:coord>-39.0121067 -14.161215 -6.315</gx:coord>
<gx:coord>-39.0120117 -14.1610367 -6.415</gx:coord>
<gx:coord>-39.0119017 -14.1608517 -7.016</gx:coord>
<gx:coord>-39.01181 -14.1606667 -8.716</gx:coord>
<gx:coord>-39.0116933 -14.1604767 -9.216</gx:coord>
<gx:coord>-39.01158 -14.1602917 -9.016</gx:coord>
<gx:coord>-39.0114683 -14.1601033 -7.916</gx:coord>
<gx:coord>-39.0113667 -14.1599183 -8.416</gx:coord>
<gx:coord>-39.0112617 -14.15973 -8.116</gx:coord>
<gx:coord>-39.0111567 -14.1595533 -6.716</gx:coord>
<gx:coord>-39.0110667 -14.1593867 -6.316</gx:coord>
<gx:coord>-39.0109733 -14.15922 -6.716</gx:coord>
<gx:coord>-39.0108833 -14.1590567 -6.816</gx:coord>
<gx:coord>-39.01079 -14.1588833 -6.117</gx:coord>
<gx:coord>-39.0106883 -14.1587067 -6.117</gx:coord>
<gx:coord>-39.0105767 -14.1585333 -6.217</gx:coord>
<gx:coord>-39.01047 -14.1583583 -7.217</gx:coord>
<gx:coord>-39.010385 -14.1581933 -7.817</gx:coord>
<gx:coord>-39.0103067 -14.15804 -7.217</gx:coord>
<gx:coord>-39.0102217 -14.157895 -6.817</gx:coord>
<gx:coord>-39.0101233 -14.1577383 -6.717</gx:coord>
<gx:coord>-39.0100233 -14.1575717 -7.217</gx:coord>
<gx:coord>-39.0099317 -14.157405 -6.717</gx:coord>
<gx:coord>-39.0098283 -14.157235 -6.817</gx:coord>
<gx:coord>-39.0097333 -14.1570733 -8.017</gx:coord>
<gx:coord>-39.0096417 -14.15692 -8.418</gx:coord>
<gx:coord>-39.0095617 -14.1567833 -9.318</gx:coord>
<gx:coord>-39.0094817 -14.15665 -10.618</gx:coord>
<gx:coord>-39.009405 -14.156515 -10.518</gx:coord>
<gx:coord>-39.0093267 -14.15636 -9.818</gx:coord>
<gx:coord>-39.00924 -14.1561883 -9.918</gx:coord>
<gx:coord>-39.0091517 -14.1560117 -9.518</gx:coord>
<gx:coord>-39.0090533 -14.1558283 -9.218</gx:coord>
<gx:coord>-39.008955 -14.15565 -9.218</gx:coord>
<gx:coord>-39.00885 -14.15546 -8.818</gx:coord>
<gx:coord>-39.0087267 -14.1552633 -8.718</gx:coord>
<gx:coord>-39.0086133 -14.155065 -8.418</gx:coord>
<gx:coord>-39.0085017 -14.1548683 -8.119</gx:coord>
<gx:coord>-39.0083883 -14.154685 -7.819</gx:coord>
<gx:coord>-39.0082767 -14.15451 -8.619</gx:coord>
<gx:coord>-39.0081833 -14.1543317 -8.519</gx:coord>
<gx:coord>-39.0080883 -14.1541483 -8.019</gx:coord>
<gx:coord>-39.0080067 -14.1539917 -7.719</gx:coord>
<gx:coord>-39.0079433 -14.1538567 -7.219</gx:coord>
<gx:coord>-39.0078967 -14.1537383 -7.219</gx:coord>
<gx:coord>-39.007855 -14.1536367 -7.219</gx:coord>
<gx:coord>-39.0078083 -14.1535483 -7.219</gx:coord>
<gx:coord>-39.0077483 -14.1534483 -7.719</gx:coord>
<gx:coord>-39.0076733 -14.15333 -7.919</gx:coord>
<gx:coord>-39.0076017 -14.1532283 -9.019</gx:coord>
<gx:coord>-39.0075333 -14.1531367 -8.719</gx:coord>
<gx:coord>-39.0074667 -14.1530567 -8.42</gx:coord>
<gx:coord>-39.0074083 -14.15299 -7.92</gx:coord>
<gx:coord>-39.0073433 -14.152895 -6.62</gx:coord>
<gx:coord>-39.0072817 -14.15279 -6.12</gx:coord>
<gx:coord>-39.0072183 -14.152685 -5.72</gx:coord>
<gx:coord>-39.0071533 -14.1525583 -6.82</gx:coord>
<gx:coord>-39.0070867 -14.15242 -8.02</gx:coord>
<gx:coord>-39.0070083 -14.15228 -8.42</gx:coord>
<gx:coord>-39.0069233 -14.1521283 -8.82</gx:coord>
<gx:coord>-39.006845 -14.1519683 -8.52</gx:coord>
<gx:coord>-39.0067583 -14.15181 -7.82</gx:coord>
<gx:coord>-39.0066767 -14.151665 -7.02</gx:coord>
<gx:coord>-39.0066067 -14.1515433 -7.72</gx:coord>
<gx:coord>-39.0065317 -14.1514167 -7.92</gx:coord>
<gx:coord>-39.0064517 -14.1512783 -7.32</gx:coord>
<gx:coord>-39.006385 -14.1511633 -7.52</gx:coord>
<gx:coord>-39.00631 -14.1510567 -8.221</gx:coord>
<gx:coord>-39.006235 -14.150935 -7.621</gx:coord>
<gx:coord>-39.0061483 -14.1507967 -7.021</gx:coord>
<gx:coord>-39.0060783 -14.1506633 -6.921</gx:coord>
<gx:coord>-39.006005 -14.1505233 -7.421</gx:coord>
<gx:coord>-39.005935 -14.1503817 -8.521</gx:coord>
<gx:coord>-39.00585 -14.15021 -8.221</gx:coord>
<gx:coord>-39.0057633 -14.1500367 -8.521</gx:coord>
<gx:coord>-39.00565 -14.1498517 -8.421</gx:coord>
<gx:coord>-39.0055567 -14.1496717 -7.621</gx:coord>
<gx:coord>-39.0054533 -14.1494783 -8.121</gx:coord>
<gx:coord>-39.0053533 -14.149305 -8.421</gx:coord>
<gx:coord>-39.0052583 -14.1491417 -8.722</gx:coord>
<gx:coord>-39.0051967 -14.149025 -8.522</gx:coord>
<gx:coord>-39.0051417 -14.148935 -9.022</gx:coord>
<gx:coord>-39.0050883 -14.1488333 -8.522</gx:coord>
<gx:coord>-39.0050283 -14.1487167 -7.722</gx:coord>
<gx:coord>-39.0049667 -14.1486033 -7.122</gx:coord>
<gx:coord>-39.0048983 -14.1484917 -7.322</gx:coord>
<gx:coord>-39.0048317 -14.14837 -6.722</gx:coord>
<gx:coord>-39.0047583 -14.1482283 -6.222</gx:coord>
<gx:coord>-39.0046683 -14.1480733 -6.422</gx:coord>
<gx:coord>-39.00458 -14.1479167 -6.622</gx:coord>
<gx:coord>-39.0044883 -14.14776 -7.422</gx:coord>
<gx:coord>-39.0043983 -14.1476 -7.522</gx:coord>
<gx:coord>-39.0043167 -14.1474483 -8.222</gx:coord>
<gx:coord>-39.00423 -14.147295 -8.522</gx:coord>
<gx:coord>-39.0041433 -14.1471517 -8.623</gx:coord>
<gx:coord>-39.00406 -14.1469983 -9.323</gx:coord>
<gx:coord>-39.003975 -14.1468517 -9.623</gx:coord>
<gx:coord>-39.0038817 -14.1467 -10.023</gx:coord>
<gx:coord>-39.0037833 -14.1465383 -9.623</gx:coord>
<gx:coord>-39.00369 -14.1463683 -8.723</gx:coord>
<gx:coord>-39.0035983 -14.1461933 -9.123</gx:coord>
<gx:coord>-39.0034933 -14.1460083 -10.223</gx:coord>
<gx:coord>-39.003395 -14.14582 -10.423</gx:coord>
<gx:coord>-39.0032867 -14.1456267 -9.423</gx:coord>
<gx:coord>-39.003195 -14.1454683 -9.323</gx:coord>
<gx:coord>-39.0031033 -14.145325 -9.123</gx:coord>
<gx:coord>-39.0030233 -14.145195 -8.924</gx:coord>
<gx:coord>-39.002945 -14.145065 -9.124</gx:coord>
<gx:coord>-39.0028783 -14.1449433 -8.724</gx:coord>
<gx:coord>-39.0028033 -14.14482 -7.924</gx:coord>
<gx:coord>-39.0027233 -14.144695 -8.124</gx:coord>
<gx:coord>-39.0026467 -14.1445667 -8.324</gx:coord>
<gx:coord>-39.002575 -14.1444367 -7.924</gx:coord>
<gx:coord>-39.002495 -14.1443033 -7.924</gx:coord>
<gx:coord>-39.0024117 -14.14417 -8.224</gx:coord>
<gx:coord>-39.002335 -14.1440317 -8.824</gx:coord>
<gx:coord>-39.0022633 -14.143895 -8.924</gx:coord>
<gx:coord>-39.0021933 -14.1437633 -8.424</gx:coord>
<gx:coord>-39.0021067 -14.143625 -8.924</gx:coord>
<gx:coord>-39.00202 -14.143475 -9.224</gx:coord>
<gx:coord>-39.0019283 -14.143315 -9.325</gx:coord>
<gx:coord>-39.0018317 -14.1431533 -8.825</gx:coord>
<gx:coord>-39.0017417 -14.14299 -9.025</gx:coord>
<gx:coord>-39.0016433 -14.142825 -9.625</gx:coord>
<gx:coord>-39.001545 -14.1426617 -9.425</gx:coord>
<gx:coord>-39.001455 -14.142505 -9.125</gx:coord>
<gx:coord>-39.0013633 -14.1423483 -8.925</gx:coord>
<gx:coord>-39.00127 -14.1421817 -8.925</gx:coord>
<gx:coord>-39.0011733 -14.1420033 -9.025</gx:coord>
<gx:coord>-39.0010833 -14.1418333 -8.825</gx:coord>
<gx:coord>-39.0009933 -14.1416633 -8.825</gx:coord>
<gx:coord>-39.0008967 -14.1414867 -8.025</gx:coord>
<gx:coord>-39.0008067 -14.1413267 -8.526</gx:coord>
<gx:coord>-39.000715 -14.1411667 -9.526</gx:coord>
<gx:coord>-39.0006183 -14.141005 -9.726</gx:coord>
<gx:coord>-39.0005283 -14.1408367 -9.426</gx:coord>
<gx:coord>-39.0004383 -14.14068 -9.426</gx:coord>
<gx:coord>-39.0003617 -14.1405517 -9.126</gx:coord>
<gx:coord>-39.00029 -14.1404183 -9.326</gx:coord>
<gx:coord>-39.0002017 -14.1402733 -10.026</gx:coord>
<gx:coord>-39.00011 -14.14012 -10.126</gx:coord>
<gx:coord>-39.0000133 -14.139965 -9.426</gx:coord>
<gx:coord>-38.9999367 -14.1398133 -9.426</gx:coord>
<gx:coord>-38.9998517 -14.13966 -9.126</gx:coord>
<gx:coord>-38.9997667 -14.1394983 -9.226</gx:coord>
<gx:coord>-38.99969 -14.1393467 -9.527</gx:coord>
<gx:coord>-38.9996117 -14.1392017 -8.827</gx:coord>
<gx:coord>-38.9995483 -14.13907 -8.227</gx:coord>
<gx:coord>-38.9994683 -14.1389333 -8.827</gx:coord>
<gx:coord>-38.9993783 -14.13879 -9.427</gx:coord>
<gx:coord>-38.9993083 -14.1386717 -9.127</gx:coord>
<gx:coord>-38.9992567 -14.1385817 -8.627</gx:coord>
<gx:coord>-38.999205 -14.1384733 -8.027</gx:coord>
<gx:coord>-38.9991367 -14.138345 -9.127</gx:coord>
<gx:coord>-38.9990667 -14.1382033 -8.927</gx:coord>
<gx:coord>-38.9989983 -14.1380933 -9.527</gx:coord>
<gx:coord>-38.9989317 -14.1379917 -9.527</gx:coord>
<gx:coord>-38.99886 -14.1378633 -10.027</gx:coord>
<gx:coord>-38.998775 -14.1377217 -10.027</gx:coord>
<gx:coord>-38.998685 -14.137575 -10.327</gx:coord>
<gx:coord>-38.9985917 -14.1374233 -10.528</gx:coord>
<gx:coord>-38.9985 -14.1372767 -10.428</gx:coord>
<gx:coord>-38.9984117 -14.1371133 -10.328</gx:coord>
<gx:coord>-38.9983167 -14.1369433 -10.728</gx:coord>
<gx:coord>-38.9982283 -14.136785 -7.528</gx:coord>
<gx:coord>-38.9981633 -14.136655 -7.328</gx:coord>
<gx:coord>-38.99812 -14.1365567 -6.528</gx:coord>
<gx:coord>-38.998075 -14.136475 -5.528</gx:coord>
<gx:coord>-38.9980217 -14.136395 -4.528</gx:coord>
<gx:coord>-38.99798 -14.13632 -4.028</gx:coord>
<gx:coord>-38.9979433 -14.136245 -3.528</gx:coord>
<gx:coord>-38.9979167 -14.1361533 -2.728</gx:coord>
<gx:coord>-38.9979117 -14.1360417 -4.328</gx:coord>
<gx:coord>-38.9979333 -14.13593 -4.828</gx:coord>
<gx:coord>-38.9980083 -14.1358283 -4.328</gx:coord>
<gx:coord>-38.998115 -14.1357533 -3.729</gx:coord>
<gx:coord>-38.9982267 -14.1356717 -4.929</gx:coord>
<gx:coord>-38.9982983 -14.1355733 -6.329</gx:coord>
<gx:coord>-38.9983683 -14.1354717 -6.829</gx:coord>
<gx:coord>-38.99844 -14.1353617 -8.029</gx:coord>
<gx:coord>-38.9985183 -14.13524 -9.629</gx:coord>
<gx:coord>-38.9985983 -14.135115 -10.329</gx:coord>
<gx:coord>-38.9986717 -14.13499 -9.829</gx:coord>
<gx:coord>-38.99874 -14.1348483 -10.529</gx:coord>
<gx:coord>-38.9987983 -14.1347133 -11.429</gx:coord>
<gx:coord>-38.998855 -14.1345867 -10.83</gx:coord>
<gx:coord>-38.998895 -14.1344433 -10.03</gx:coord>
<gx:coord>-38.99892 -14.1343383 -7.23</gx:coord>
<gx:coord>-38.9989683 -14.1342383 -5.93</gx:coord>
<gx:coord>-38.9989967 -14.134105 -5.33</gx:coord>
<gx:coord>-38.9990283 -14.1339683 -5.53</gx:coord>
<gx:coord>-38.9990817 -14.133835 -6.43</gx:coord>
<gx:coord>-38.999145 -14.1336933 -7.53</gx:coord>
<gx:coord>-38.9992267 -14.1335633 -7.43</gx:coord>
<gx:coord>-38.99934 -14.1334783 -7.83</gx:coord>
<gx:coord>-38.9994867 -14.1334067 -9.33</gx:coord>
<gx:coord>-38.9996267 -14.1333617 -9.931</gx:coord>
<gx:coord>-38.999755 -14.133335 -9.031</gx:coord>
<gx:coord>-38.99989 -14.1333267 -7.631</gx:coord>
<gx:coord>-39.0000267 -14.1332967 -7.431</gx:coord>
<gx:coord>-39.0001533 -14.133275 -7.431</gx:coord>
<gx:coord>-39.0003033 -14.13325 -7.031</gx:coord>
<gx:coord>-39.0004517 -14.1332267 -7.831</gx:coord>
<gx:coord>-39.0006083 -14.1332067 -7.631</gx:coord>
<gx:coord>-39.0007583 -14.1331783 -8.431</gx:coord>
<gx:coord>-39.0008817 -14.1331617 -9.131</gx:coord>
<gx:coord>-39.0009867 -14.133165 -9.831</gx:coord>
<gx:coord>-39.00106 -14.1331667 -11.031</gx:coord>
<gx:coord>-39.0011383 -14.1331417 -10.631</gx:coord>
<gx:coord>-39.0012317 -14.1330833 -10.731</gx:coord>
<gx:coord>-39.001345 -14.13301 -12.631</gx:coord>
<gx:coord>-39.0014417 -14.132945 -13.031</gx:coord>
<gx:coord>-39.0015017 -14.1328817 -12.531</gx:coord>
<gx:coord>-39.001555 -14.1327967 -13.531</gx:coord>
<gx:coord>-39.0016167 -14.132695 -13.232</gx:coord>
<gx:coord>-39.00168 -14.13258 -12.732</gx:coord>
<gx:coord>-39.0017333 -14.13249 -12.232</gx:coord>
<gx:coord>-39.0017767 -14.1323833 -11.632</gx:coord>
<gx:coord>-39.0018217 -14.13224 -11.232</gx:coord>
<gx:coord>-39.0018817 -14.1320867 -10.732</gx:coord>
<gx:coord>-39.00194 -14.1319333 -10.732</gx:coord>
<gx:coord>-39.0019983 -14.1317817 -10.132</gx:coord>
<gx:coord>-39.002065 -14.1316417 -10.032</gx:coord>
<gx:coord>-39.0021117 -14.1315 -9.132</gx:coord>
<gx:coord>-39.0021683 -14.1313667 -8.633</gx:coord>
<gx:coord>-39.0022183 -14.13124 -8.333</gx:coord>
<gx:coord>-39.0022667 -14.1311083 -8.333</gx:coord>
<gx:coord>-39.0023133 -14.1309633 -8.933</gx:coord>
<gx:coord>-39.0023617 -14.1308483 -9.233</gx:coord>
<gx:coord>-39.0024017 -14.1307333 -9.833</gx:coord>
<gx:coord>-39.0024633 -14.1306267 -10.733</gx:coord>
<gx:coord>-39.0025117 -14.1305217 -12.033</gx:coord>
<gx:coord>-39.0025483 -14.130395 -14.733</gx:coord>
<gx:coord>-39.0025933 -14.1302483 -14.933</gx:coord>
<gx:coord>-39.002645 -14.1300933 -13.834</gx:coord>
<gx:coord>-39.0026983 -14.12994 -14.134</gx:coord>
<gx:coord>-39.0027533 -14.1297967 -13.534</gx:coord>
<gx:coord>-39.00281 -14.1296567 -14.434</gx:coord>
<gx:coord>-39.0028717 -14.1295133 -16.134</gx:coord>
<gx:coord>-39.00293 -14.1293567 -16.434</gx:coord>
<gx:coord>-39.0029867 -14.1291967 -17.134</gx:coord>
<gx:coord>-39.0030517 -14.12903 -17.734</gx:coord>
<gx:coord>-39.0031117 -14.1288733 -18.735</gx:coord>
<gx:coord>-39.0031733 -14.12873 -21.735</gx:coord>
<gx:coord>-39.00323 -14.1286033 -21.935</gx:coord>
<gx:coord>-39.0032767 -14.1284817 -17.735</gx:coord>
<gx:coord>-39.0033217 -14.128375 -15.635</gx:coord>
<gx:coord>-39.00336 -14.1282633 -15.435</gx:coord>
<gx:coord>-39.0034033 -14.1281333 -15.235</gx:coord>
<gx:coord>-39.0034617 -14.1279983 -15.135</gx:coord>
<gx:coord>-39.0035433 -14.1278867 -14.635</gx:coord>
<gx:coord>-39.003645 -14.1277983 -14.135</gx:coord>
<gx:coord>-39.003765 -14.1277283 -14.135</gx:coord>
<gx:coord>-39.0038883 -14.1276533 -13.936</gx:coord>
<gx:coord>-39.0040167 -14.1275783 -14.736</gx:coord>
<gx:coord>-39.0041533 -14.127515 -14.436</gx:coord>
<gx:coord>-39.0042733 -14.1274617 -13.136</gx:coord>
<gx:coord>-39.0043933 -14.1273767 -10.236</gx:coord>
<gx:coord>-39.0045017 -14.1273 -10.236</gx:coord>
<gx:coord>-39.0045983 -14.1272183 -13.536</gx:coord>
<gx:coord>-39.00469 -14.12713 -15.136</gx:coord>
<gx:coord>-39.0047717 -14.12702 -16.136</gx:coord>
<gx:coord>-39.004835 -14.1269167 -16.136</gx:coord>
<gx:coord>-39.00488 -14.1268117 -15.936</gx:coord>
<gx:coord>-39.0049133 -14.1266967 -15.836</gx:coord>
<gx:coord>-39.004915 -14.1266317 -16.237</gx:coord>
<gx:coord>-39.0049233 -14.1265817 -16.337</gx:coord>
<gx:coord>-39.0049133 -14.1265217 -15.637</gx:coord>
<gx:coord>-39.004935 -14.12645 -10.937</gx:coord>
<gx:coord>-39.004955 -14.1263417 -10.237</gx:coord>
<gx:coord>-39.00498 -14.126225 -11.937</gx:coord>
<gx:coord>-39.0050017 -14.1261117 -11.937</gx:coord>
<gx:coord>-39.0050133 -14.1259867 -13.837</gx:coord>
<gx:coord>-39.0050067 -14.1258217 -13.637</gx:coord>
<gx:coord>-39.005025 -14.12567 -12.337</gx:coord>
<gx:coord>-39.0050317 -14.1255333 -11.837</gx:coord>
<gx:coord>-39.0050267 -14.1254033 -10.937</gx:coord>
<gx:coord>-39.005035 -14.125275 -9.637</gx:coord>
<gx:coord>-39.0050433 -14.1251633 -9.538</gx:coord>
<gx:coord>-39.0050367 -14.1250567 -11.038</gx:coord>
<gx:coord>-39.0050367 -14.1249583 -12.638</gx:coord>
<gx:coord>-39.0050167 -14.1248417 -13.638</gx:coord>
<gx:coord>-39.0050033 -14.12472 -12.638</gx:coord>
<gx:coord>-39.0050067 -14.1245983 -10.038</gx:coord>
<gx:coord>-39.0050183 -14.124475 -8.838</gx:coord>
<gx:coord>-39.0050267 -14.12435 -9.338</gx:coord>
<gx:coord>-39.0050233 -14.1242133 -8.938</gx:coord>
<gx:coord>-39.0050183 -14.12407 -8.438</gx:coord>
<gx:coord>-39.005 -14.1239083 -8.538</gx:coord>
<gx:coord>-39.0049733 -14.1237367 -12.438</gx:coord>
<gx:coord>-39.004945 -14.1235717 -14.039</gx:coord>
<gx:coord>-39.0048983 -14.1233983 -14.739</gx:coord>
<gx:coord>-39.0048567 -14.123255 -14.239</gx:coord>
<gx:coord>-39.00483 -14.1231033 -11.939</gx:coord>
<gx:coord>-39.0048033 -14.1229433 -10.639</gx:coord>
<gx:coord>-39.0047833 -14.1227817 -9.539</gx:coord>
<gx:coord>-39.0047967 -14.1226183 -9.539</gx:coord>
<gx:coord>-39.0048283 -14.1225133 -12.239</gx:coord>
<gx:coord>-39.00486 -14.1224333 -14.939</gx:coord>
<gx:coord>-39.0048967 -14.1223417 -16.339</gx:coord>
<gx:coord>-39.0049433 -14.1222433 -17.239</gx:coord>
<gx:coord>-39.0049967 -14.122135 -17.14</gx:coord>
<gx:coord>-39.0050583 -14.12202 -16.84</gx:coord>
<gx:coord>-39.0051083 -14.12193 -15.54</gx:coord>
<gx:coord>-39.00515 -14.1218467 -13.24</gx:coord>
<gx:coord>-39.0051933 -14.1217433 -12.84</gx:coord>
<gx:coord>-39.0052483 -14.12164 -10.64</gx:coord>
<gx:coord>-39.0053 -14.1215367 -7.84</gx:coord>
<gx:coord>-39.0053317 -14.121445 -5.04</gx:coord>
<gx:coord>-39.00537 -14.1213633 -3.24</gx:coord>
<gx:coord>-39.0054167 -14.12128 -1.84</gx:coord>
<gx:coord>-39.0054767 -14.1211983 -1.74</gx:coord>
<gx:coord>-39.0055217 -14.1211083 -3.04</gx:coord>
<gx:coord>-39.00557 -14.12102 -2.04</gx:coord>
<gx:coord>-39.0056233 -14.1209217 -1.741</gx:coord>
<gx:coord>-39.005685 -14.120805 -0.941</gx:coord>
<gx:coord>-39.0057317 -14.1207067 1.659</gx:coord>
<gx:coord>-39.0057867 -14.1206017 4.059</gx:coord>
<gx:coord>-39.0058467 -14.1204933 5.059</gx:coord>
<gx:coord>-39.0059033 -14.120375 6.159</gx:coord>
<gx:coord>-39.005975 -14.1202567 6.559</gx:coord>
<gx:coord>-39.0060683 -14.1201217 6.059</gx:coord>
<gx:coord>-39.0061783 -14.1199933 6.059</gx:coord>
<gx:coord>-39.0062767 -14.1198783 6.359</gx:coord>
<gx:coord>-39.006375 -14.1197733 7.358</gx:coord>
<gx:coord>-39.0064683 -14.1196717 7.558</gx:coord>
<gx:coord>-39.0065633 -14.1195783 5.858</gx:coord>
<gx:coord>-39.0066817 -14.11948 4.358</gx:coord>
<gx:coord>-39.0068133 -14.1193667 5.158</gx:coord>
<gx:coord>-39.00695 -14.11927 5.458</gx:coord>
<gx:coord>-39.007085 -14.1192017 5.858</gx:coord>
<gx:coord>-39.0072067 -14.1191617 4.858</gx:coord>
<gx:coord>-39.00733 -14.11914 3.958</gx:coord>
<gx:coord>-39.0074617 -14.11912 4.058</gx:coord>
<gx:coord>-39.007625 -14.1190883 3.458</gx:coord>
<gx:coord>-39.0078017 -14.1190617 2.958</gx:coord>
<gx:coord>-39.0079767 -14.119035 1.758</gx:coord>
<gx:coord>-39.0081567 -14.1189933 1.357</gx:coord>
<gx:coord>-39.0082983 -14.1189233 0.057</gx:coord>
<gx:coord>-39.0084417 -14.1188233 -3.943</gx:coord>
<gx:coord>-39.0085767 -14.1187217 -3.643</gx:coord>
<gx:coord>-39.0086967 -14.11861 -3.743</gx:coord>
<gx:coord>-39.0088 -14.1184933 -2.643</gx:coord>
<gx:coord>-39.0089083 -14.1183817 -1.343</gx:coord>
<gx:coord>-39.0090183 -14.1182683 -0.643</gx:coord>
<gx:coord>-39.0091317 -14.11816 0.257</gx:coord>
<gx:coord>-39.009245 -14.1180333 2.457</gx:coord>
<gx:coord>-39.0093617 -14.1179117 3.456</gx:coord>
<gx:coord>-39.0094633 -14.1177783 4.456</gx:coord>
<gx:coord>-39.0095683 -14.1176733 4.656</gx:coord>
<gx:coord>-39.0096667 -14.1175883 7.356</gx:coord>
<gx:coord>-39.009775 -14.1174883 8.356</gx:coord>
<gx:coord>-39.009895 -14.1174017 7.956</gx:coord>
<gx:coord>-39.01003 -14.1173183 9.856</gx:coord>
<gx:coord>-39.0101733 -14.1172283 9.356</gx:coord>
<gx:coord>-39.0103067 -14.117145 10.156</gx:coord>
<gx:coord>-39.010445 -14.11707 9.356</gx:coord>
<gx:coord>-39.0105667 -14.1169883 9.255</gx:coord>
<gx:coord>-39.0106883 -14.1169083 9.055</gx:coord>
<gx:coord>-39.0107817 -14.1168267 6.255</gx:coord>
<gx:coord>-39.0108667 -14.1167283 1.555</gx:coord>
<gx:coord>-39.0109117 -14.1166717 2.755</gx:coord>
<gx:coord>-39.01098 -14.1165267 1.955</gx:coord>
<gx:coord>-39.011045 -14.1163817 2.455</gx:coord>
<gx:coord>-39.0111233 -14.1162383 2.555</gx:coord>
<gx:coord>-39.0111583 -14.1160783 2.155</gx:coord>
<gx:coord>-39.0111633 -14.1159067 0.455</gx:coord>
<gx:coord>-39.0111817 -14.11572 0.554</gx:coord>
<gx:coord>-39.0111967 -14.11554 1.054</gx:coord>
<gx:coord>-39.0111767 -14.1153383 1.754</gx:coord>
<gx:coord>-39.01113 -14.115155 3.454</gx:coord>
<gx:coord>-39.0111017 -14.1150083 4.454</gx:coord>
<gx:coord>-39.011085 -14.1149283 5.754</gx:coord>
<gx:coord>-39.0110667 -14.1148583 7.454</gx:coord>
<gx:coord>-39.0110517 -14.1147683 7.854</gx:coord>
<gx:coord>-39.0110367 -14.1146483 8.254</gx:coord>
<gx:coord>-39.0110083 -14.114515 8.954</gx:coord>
<gx:coord>-39.011005 -14.1143733 10.054</gx:coord>
<gx:coord>-39.0109767 -14.1142167 9.453</gx:coord>
<gx:coord>-39.0109317 -14.114055 9.953</gx:coord>
<gx:coord>-39.0108783 -14.1139067 8.953</gx:coord>
<gx:coord>-39.0108183 -14.1137417 8.053</gx:coord>
<gx:coord>-39.0107783 -14.1135833 7.953</gx:coord>
<gx:coord>-39.0107467 -14.1134083 7.853</gx:coord>
<gx:coord>-39.0107383 -14.113245 8.053</gx:coord>
<gx:coord>-39.010755 -14.11309 7.753</gx:coord>
<gx:coord>-39.010805 -14.1129367 7.053</gx:coord>
<gx:coord>-39.0108717 -14.1127867 7.253</gx:coord>
<gx:coord>-39.01095 -14.1126567 7.852</gx:coord>
<gx:coord>-39.0110317 -14.1125383 7.252</gx:coord>
<gx:coord>-39.01114 -14.1124317 6.152</gx:coord>
<gx:coord>-39.0112733 -14.1123367 4.852</gx:coord>
<gx:coord>-39.011405 -14.1122633 4.552</gx:coord>
<gx:coord>-39.01154 -14.1121933 6.952</gx:coord>
<gx:coord>-39.0116533 -14.112105 7.352</gx:coord>
<gx:coord>-39.011775 -14.11198 7.852</gx:coord>
<gx:coord>-39.0118867 -14.11188 7.652</gx:coord>
<gx:coord>-39.0120217 -14.111785 6.152</gx:coord>
<gx:coord>-39.0121483 -14.1117017 7.651</gx:coord>
<gx:coord>-39.0122667 -14.11161 8.051</gx:coord>
<gx:coord>-39.0123783 -14.1115267 8.851</gx:coord>
<gx:coord>-39.012465 -14.1114683 9.851</gx:coord>
<gx:coord>-39.0125633 -14.1113867 10.251</gx:coord>
<gx:coord>-39.012675 -14.1112733 12.451</gx:coord>
<gx:coord>-39.012815 -14.1111533 13.751</gx:coord>
<gx:coord>-39.0129317 -14.1110383 16.851</gx:coord>
<gx:coord>-39.01304 -14.110905 17.751</gx:coord>
<gx:coord>-39.0131483 -14.1107667 18.751</gx:coord>
<gx:coord>-39.01326 -14.110625 16.05</gx:coord>
<gx:coord>-39.0133667 -14.1104833 13.05</gx:coord>
<gx:coord>-39.0134783 -14.1103483 11.55</gx:coord>
<gx:coord>-39.013585 -14.1102283 11.75</gx:coord>
<gx:coord>-39.0136967 -14.1101117 11.35</gx:coord>
<gx:coord>-39.0138033 -14.1099967 13.55</gx:coord>
<gx:coord>-39.0139117 -14.1099017 14.85</gx:coord>
<gx:coord>-39.014015 -14.1098 15.55</gx:coord>
<gx:coord>-39.01411 -14.1096817 16.75</gx:coord>
<gx:coord>-39.014205 -14.10957 18.749</gx:coord>
<gx:coord>-39.0143 -14.1094733 20.449</gx:coord>
<gx:coord>-39.0143883 -14.1093933 22.749</gx:coord>
<gx:coord>-39.01446 -14.1092883 21.549</gx:coord>
<gx:coord>-39.0145483 -14.1091683 18.849</gx:coord>
<gx:coord>-39.0146533 -14.1090417 17.949</gx:coord>
<gx:coord>-39.0147467 -14.1089 16.249</gx:coord>
<gx:coord>-39.0148367 -14.108775 16.249</gx:coord>
<gx:coord>-39.0149183 -14.1086617 15.549</gx:coord>
<gx:coord>-39.0149717 -14.1085333 12.049</gx:coord>
<gx:coord>-39.0149917 -14.1084033 11.648</gx:coord>
<gx:coord>-39.0150067 -14.1082383 10.448</gx:coord>
<gx:coord>-39.01501 -14.1080967 12.948</gx:coord>
<gx:coord>-39.0150017 -14.1079583 14.548</gx:coord>
<gx:coord>-39.0150083 -14.1078117 12.148</gx:coord>
<gx:coord>-39.0150033 -14.1076517 11.648</gx:coord>
<gx:coord>-39.0149983 -14.1075033 12.448</gx:coord>
<gx:coord>-39.0149933 -14.107365 13.248</gx:coord>
<gx:coord>-39.0149817 -14.1072333 15.848</gx:coord>
<gx:coord>-39.0149683 -14.1071117 17.948</gx:coord>
<gx:coord>-39.0149667 -14.1069883 18.048</gx:coord>
<gx:coord>-39.014955 -14.1068783 16.347</gx:coord>
<gx:coord>-39.0149383 -14.1067717 15.547</gx:coord>
<gx:coord>-39.0149333 -14.106675 17.647</gx:coord>
<gx:coord>-39.0149333 -14.10658 16.447</gx:coord>
<gx:coord>-39.0149383 -14.1064717 13.847</gx:coord>
<gx:coord>-39.0149483 -14.1063683 12.447</gx:coord>
<gx:coord>-39.0149433 -14.1062517 12.447</gx:coord>
<gx:coord>-39.0149417 -14.106135 13.547</gx:coord>
<gx:coord>-39.0149417 -14.1060217 13.647</gx:coord>
<gx:coord>-39.0149367 -14.1059067 12.047</gx:coord>
<gx:coord>-39.0149233 -14.105785 10.947</gx:coord>
<gx:coord>-39.0149117 -14.1056667 9.147</gx:coord>
<gx:coord>-39.0149017 -14.10556 8.047</gx:coord>
<gx:coord>-39.0148883 -14.1054833 6.947</gx:coord>
<gx:coord>-39.01485 -14.105385 7.946</gx:coord>
<gx:coord>-39.0148133 -14.1052933 7.946</gx:coord>
<gx:coord>-39.0147783 -14.1052 8.746</gx:coord>
<gx:coord>-39.0147467 -14.1051117 11.546</gx:coord>
<gx:coord>-39.0147183 -14.10502 11.346</gx:coord>
<gx:coord>-39.01469 -14.1049217 10.246</gx:coord>
<gx:coord>-39.0146483 -14.104815 8.246</gx:coord>
<gx:coord>-39.0146 -14.1046983 8.346</gx:coord>
<gx:coord>-39.0145517 -14.104585 7.346</gx:coord>
<gx:coord>-39.0145067 -14.1044917 6.246</gx:coord>
<gx:coord>-39.0144583 -14.1043833 5.846</gx:coord>
<gx:coord>-39.0144233 -14.10427 4.546</gx:coord>
<gx:coord>-39.014385 -14.1041567 3.346</gx:coord>
<gx:coord>-39.0143417 -14.10405 3.646</gx:coord>
<gx:coord>-39.0142983 -14.10395 2.746</gx:coord>
<gx:coord>-39.0142567 -14.10384 3.446</gx:coord>
<gx:coord>-39.0142133 -14.103725 3.846</gx:coord>
<gx:coord>-39.0141667 -14.10361 2.745</gx:coord>
<gx:coord>-39.0141217 -14.1034917 2.045</gx:coord>
<gx:coord>-39.0140783 -14.10338 1.245</gx:coord>
<gx:coord>-39.0140383 -14.1032733 1.545</gx:coord>
<gx:coord>-39.01399 -14.103175 1.545</gx:coord>
<gx:coord>-39.0139583 -14.1030833 -0.155</gx:coord>
<gx:coord>-39.0139383 -14.1030133 -1.855</gx:coord>
<gx:coord>-39.0139283 -14.1029617 -3.255</gx:coord>
<gx:coord>-39.0139133 -14.10293 -1.455</gx:coord>
<gx:coord>-39.0138733 -14.1028917 2.845</gx:coord>
<gx:coord>-39.013805 -14.102885 2.345</gx:coord>
<gx:coord>-39.0137417 -14.10291 1.945</gx:coord>
</gx:Track>
</gx:MultiTrack>
</Placemark>
</Document>
</kml>
